condition,cell_type,side,n_cells,mean_delta_hz,sd_delta_hz,positive_seeds,negative_seeds
LC10a_L,DNp01,R,1,0.1,0.22360679774997896,1,0
LC10a_L,DNp01,L,1,0.0,0.0,0,0
LC10a_L,DNp18,R,1,0.5,0.7905694150420949,3,1
LC10a_L,pIP1,L,1,0.2,0.27386127875258304,2,0
LC10a_L,DNg56,R,1,-0.4,0.4183300132670378,0,3
LC10a_L,pIP1,R,1,0.4,0.4183300132670378,3,0
LC10a_L,DNg100,L,1,-0.1,0.22360679774997896,0,1
LC10a_L,DNp18,L,1,0.5,0.7905694150420949,3,1
LC10a_L,DNpe013,R,1,0.1,0.6519202405202649,3,1
LC10a_L,DNg100,R,1,0.1,0.22360679774997896,1,0
LC10a_L,DNp20,R,1,0.1,0.22360679774997896,1,0
LC10a_L,DNp27,R,1,0.5,0.8660254037844386,2,0
LC10a_L,DNb05,R,1,0.0,0.0,0,0
LC10a_L,DNp30,R,1,-0.2,0.570087712549569,1,2
LC10a_L,aSP22,L,1,2.4,0.4183300132670378,5,0
LC10a_L,DNpe042,L,1,0.2,0.8366600265340756,2,1
LC10a_L,aSP22,R,1,-0.1,0.22360679774997896,0,1
LC10a_L,DNp11,R,1,-0.2,0.27386127875258304,0,2
LC10a_L,DNp02,R,1,0.6,0.5477225575051661,4,0
LC10a_L,DNb05,L,1,-0.2,0.6708203932499369,2,3
LC10a_L,DNg30,L,1,0.1,0.7416198487095663,2,1
LC10a_L,DNg105,L,1,0.3,0.4472135954999579,2,0
LC10a_L,DNg74_a,R,1,0.4,0.6519202405202649,2,0
LC10a_L,DNge031,L,1,0.3,1.036822067666386,3,2
LC10a_L,DNg15,L,1,0.0,1.6583123951777,2,3
LC10a_L,DNp30,L,1,0.4,0.6519202405202649,3,1
LC10a_L,DNge103,R,1,0.4,0.4183300132670378,3,0
LC10a_L,DNg90,L,1,0.5,0.6123724356957945,4,1
LC10a_L,DNp20,L,1,-0.2,0.758287544405155,1,3
LC10a_L,DNge036,L,1,0.0,0.0,0,0
LC10a_L,DNg16,L,1,-0.2,0.4472135954999579,0,1
LC10a_L,DNg75,L,1,0.3,0.27386127875258304,3,0
LC10a_L,DNp29,R,1,0.5,0.6123724356957945,4,1
LC10a_L,DNp02,L,1,0.2,0.4472135954999579,3,1
LC10a_L,DNge083,R,1,-0.2,0.8366600265340756,2,2
LC10a_L,DNge037,R,1,-0.1,0.9617692030835673,2,2
LC10a_L,DNg35,R,1,0.3,1.4832396974191326,3,1
LC10a_L,DNge037,L,1,0.1,0.7416198487095663,2,1
LC10a_L,DNpe056,L,1,-0.2,0.9082951062292475,1,2
LC10a_L,DNp06,L,1,0.3,0.9746794344808964,3,2
LC10a_L,DNp35,L,1,-0.1,0.22360679774997896,0,1
LC10a_L,DNg99,R,1,0.1,0.4183300132670378,2,1
LC10a_L,DNg30,R,1,0.0,0.7905694150420949,2,2
LC10a_L,DNp55,L,1,-0.1,0.4183300132670378,1,2
LC10a_L,DNp36,R,1,0.2,0.8366600265340756,2,2
LC10a_L,DNg74_a,L,1,0.2,0.27386127875258304,2,0
LC10a_L,DNp31,L,1,1.3,0.4472135954999579,5,0
LC10a_L,DNp11,L,1,0.2,0.758287544405155,1,1
LC10a_L,DNp31,R,1,0.3,0.4472135954999579,2,0
LC10a_L,DNg108,L,1,-0.2,0.4472135954999579,0,1
LC10a_L,DNp47,R,1,0.2,0.570087712549569,2,1
LC10a_L,DNg108,R,1,-0.1,0.4183300132670378,1,2
LC10a_L,DNp103,R,1,-0.7,0.27386127875258304,0,5
LC10a_L,DNpe053,L,1,0.1,0.6519202405202649,2,2
LC10a_L,DNg34,L,1,-0.1,0.4183300132670378,1,2
LC10a_L,DNge054,R,1,0.5,1.3693063937629153,3,2
LC10a_L,DNge050,L,1,-0.4,0.9617692030835673,1,2
LC10a_L,DNge041,R,1,-0.8,0.27386127875258304,0,5
LC10a_L,DNge031,R,1,-0.3,0.570087712549569,1,3
LC10a_L,DNg22,R,1,-0.7,0.570087712549569,0,4
LC10a_L,DNp19,L,1,0.5,0.0,5,0
LC10a_L,DNc02,R,1,0.0,0.0,0,0
LC10a_L,DNp73,R,1,0.0,0.0,0,0
LC10a_L,DNa02,R,1,0.0,0.3535533905932738,1,1
LC10a_L,DNg40,L,1,-0.1,0.22360679774997896,0,1
LC10a_L,DNp59,R,1,-0.2,0.6708203932499369,1,4
LC10a_L,DNge054,L,1,1.4,3.54259791678367,2,3
LC10a_L,DNa10,R,1,-1.1,0.6519202405202649,0,4
LC10a_L,DNp63,R,1,0.1,0.4183300132670378,2,1
LC10a_L,DNp13,R,1,2.1,0.6519202405202649,5,0
LC10a_L,DNg98,L,1,0.2,0.570087712549569,2,1
LC10a_L,DNb09,R,1,-1.3,0.9746794344808964,0,4
LC10a_L,DNde002,L,1,0.1,0.22360679774997896,1,0
LC10a_L,DNp103,L,1,-0.2,0.4472135954999579,1,3
LC10a_L,DNp10,L,1,0.1,0.8215838362577492,2,3
LC10a_L,DNp10,R,1,0.5,0.6123724356957945,3,0
LC10a_L,DNg16,R,1,-0.1,0.22360679774997896,0,1
LC10a_L,DNa01,L,1,0.3,0.570087712549569,3,1
LC10a_L,DNge035,L,1,0.0,0.6123724356957945,2,1
LC10a_L,DNp73,L,1,-0.1,0.22360679774997896,0,1
LC10a_L,DNge138,M,2,0.0,0.4330127018922193,1,3
LC10a_L,DNpe025,L,1,1.0,0.3535533905932738,5,0
LC10a_L,DNp13,L,1,1.5,0.3535533905932738,5,0
LC10a_L,DNa09,R,1,0.1,0.8944271909999159,2,2
LC10a_L,DNp08,R,1,-0.4,0.22360679774997896,0,4
LC10a_L,DNbe001,L,1,0.5,0.6123724356957945,4,1
LC10a_L,DNg35,L,1,1.9,3.8632887544163714,3,2
LC10a_L,DNge039,R,1,0.2,1.6046806535881213,2,2
LC10a_L,DNp62,R,1,0.0,0.5,2,2
LC10a_L,DNg37,R,1,0.0,0.0,0,0
LC10a_L,DNg74_b,L,1,-0.2,0.27386127875258304,0,2
LC10a_L,DNpe017,L,1,-0.7,0.9082951062292475,1,3
LC10a_L,DNg37,L,1,0.0,0.0,0,0
LC10a_L,DNg29,L,1,0.0,0.0,0,0
LC10a_L,DNa16,R,1,-0.4,0.6519202405202649,1,3
LC10a_L,DNg88,R,1,-0.2,0.27386127875258304,0,2
LC10a_L,DNg80,R,1,0.0,0.5,2,2
LC10a_L,DNp29,L,1,-0.3,0.570087712549569,1,3
LC10a_L,DNp35,R,1,0.0,0.5,2,2
LC10a_L,DNp26,L,1,0.5,0.3535533905932738,4,0
LC10a_L,DNde002,R,1,0.0,0.0,0,0
LC10a_L,DNg96,R,1,0.1,0.22360679774997896,1,0
LC10a_L,DNpe034,R,1,0.2,0.4472135954999579,3,1
LC10a_L,DNp70,L,1,-0.1,0.22360679774997896,0,1
LC10a_L,DNge040,L,1,0.0,0.6123724356957945,2,1
LC10a_L,DNp06,R,1,0.4,0.5477225575051661,2,0
LC10a_L,DNge011,L,1,1.0,2.4238399287081647,3,1
LC10a_L,DNp43,L,1,-0.6,0.8215838362577492,1,3
LC10a_L,DNpe052,L,1,0.1,0.4183300132670378,2,1
LC10a_L,DNpe025,R,1,0.6,0.5477225575051661,4,0
LC10a_L,DNge059,R,1,0.0,0.0,0,0
LC10a_L,DNp38,L,1,0.6,0.4183300132670378,4,0
LC10a_L,DNb01,L,1,2.9,0.6519202405202649,5,0
LC10a_L,DNge003,L,1,0.0,0.0,0,0
LC10a_L,DNp33,R,1,0.4,0.6519202405202649,2,0
LC10a_L,DNge006,R,1,-0.1,0.4183300132670378,1,2
LC10a_L,DNae009,R,1,0.4,0.6519202405202649,3,1
LC10a_L,DNp59,L,1,0.4,1.08397416943394,2,2
LC10a_L,DNg49,L,1,0.8,0.6708203932499369,5,0
LC10a_L,DNp48,L,1,-0.1,0.22360679774997896,0,1
LC10a_L,DNge132,L,1,2.3,6.638900511379878,2,2
LC10a_L,DNpe001,L,1,0.0,0.5,2,2
LC10a_L,DNge036,R,1,0.0,0.0,0,0
LC10a_L,DNc02,L,1,0.1,0.4183300132670378,2,1
LC10a_L,"DNg102_a,DNg102_b",R,2,-0.2,0.4472135954999579,2,3
LC10a_L,DNb07,L,1,0.1,0.4183300132670378,2,1
LC10a_L,DNp36,L,1,1.7,0.8366600265340756,5,0
LC10a_L,DNp42,L,1,-0.4,0.4183300132670378,0,3
LC10a_L,DNg93,R,1,0.1,0.22360679774997896,1,0
LC10a_L,DNp62,L,1,0.7,0.4472135954999579,5,0
LC10a_L,DNpe002,L,1,0.4,0.7416198487095663,3,1
LC10a_L,DNpe056,R,1,-0.2,0.8366600265340756,1,2
LC10a_L,DNg93,L,1,0.0,0.0,0,0
LC10a_L,DNg24,L,1,-0.3,1.036822067666386,1,4
LC10a_L,DNge143,L,1,0.2,1.6046806535881213,2,2
LC10a_L,DNp03,L,1,-0.7,0.570087712549569,0,4
LC10a_L,DNb01,R,1,0.9,0.4183300132670378,5,0
LC10a_L,DNa01,R,1,0.2,0.570087712549569,2,1
LC10a_L,MDN,R,2,0.1,0.13693063937629152,2,0
LC10a_L,pMP2,R,1,0.0,0.0,0,0
LC10a_L,DNp23,L,1,-0.2,0.27386127875258304,0,2
LC10a_L,DNp09,L,1,0.1,0.22360679774997896,1,0
LC10a_L,DNbe007,L,1,-0.6,0.6519202405202649,0,3
LC10a_L,DNb02,R,2,-0.75,0.5303300858899106,0,4
LC10a_L,DNp66,L,1,-0.2,0.8366600265340756,1,2
LC10a_L,DNp43,R,1,-0.1,0.5477225575051661,1,1
LC10a_L,DNge047,R,1,0.3,0.758287544405155,2,1
LC10a_L,DNp48,R,1,-0.1,0.22360679774997896,0,1
LC10a_L,DNge062,R,1,-0.6,0.9617692030835673,1,4
LC10a_L,DNpe013,L,1,0.8,1.0954451150103321,4,1
LC10a_L,DNa15,R,1,-0.5,0.6123724356957945,0,3
LC10a_L,DNde005,R,1,0.1,0.6519202405202649,2,2
LC10a_L,CB0429,L,1,-0.1,0.22360679774997896,0,1
LC10a_L,DNge053,L,1,-0.3,0.27386127875258304,0,3
LC10a_L,DNge107,R,1,-0.3,0.4472135954999579,1,4
LC10a_L,DNge049,L,1,-0.2,0.570087712549569,1,2
LC10a_L,DNge129,R,1,0.2,0.758287544405155,2,2
LC10a_L,DNg39,R,1,0.0,0.6123724356957945,1,2
LC10a_L,DNa15,L,1,0.1,0.4183300132670378,2,1
LC10a_L,DNg88,L,1,0.4,0.22360679774997896,4,0
LC10a_L,DNb06,L,1,1.3,0.9082951062292475,4,0
LC10a_L,DNg90,R,1,0.4,0.4183300132670378,3,0
LC10a_L,DNg40,R,1,0.0,0.3535533905932738,1,1
LC10a_L,DNa04,R,1,-0.3,0.27386127875258304,0,3
LC10a_L,pMP2,L,1,0.0,0.0,0,0
LC10a_L,DNpe045,L,1,0.0,0.5,2,2
LC10a_L,DNge107,L,1,0.3,0.758287544405155,4,1
LC10a_L,DNp69,R,1,0.2,0.27386127875258304,2,0
LC10a_L,DNg98,R,1,0.7,0.4472135954999579,4,0
LC10a_L,DNg70,R,1,0.7,0.8366600265340756,3,0
LC10a_L,DNp34,L,1,0.1,0.22360679774997896,1,0
LC10a_L,DNa11,L,1,1.0,0.6123724356957945,4,0
LC10a_L,DNa03,R,1,0.0,0.0,0,0
LC10a_L,DNge146,R,1,0.5,0.6123724356957945,3,0
LC10a_L,DNge103,L,1,0.5,0.3535533905932738,4,0
LC10a_L,DNbe004,R,1,0.1,0.7416198487095663,2,1
LC10a_L,DNp03,R,1,-0.3,0.570087712549569,1,3
LC10a_L,DNae002,L,1,4.4,0.6519202405202649,5,0
LC10a_L,DNge129,L,1,0.0,0.7071067811865476,1,1
LC10a_L,DNp05,R,1,0.9,0.4183300132670378,5,0
LC10a_L,DNb09,L,1,-0.3,0.9082951062292475,1,3
LC10a_L,DNg80,L,1,-0.2,0.758287544405155,1,3
LC10a_L,DNge068,R,1,-0.3,1.6046806535881213,1,4
LC10a_L,DNbe004,L,1,-0.2,0.570087712549569,1,2
LC10a_L,DNge032,L,1,0.0,0.0,0,0
LC10a_L,DNp14,R,1,0.0,0.0,0,0
LC10a_L,DNa13,R,2,0.0,0.0,0,0
LC10a_L,DNb06,R,1,0.3,0.4472135954999579,2,0
LC10a_L,DNp12,L,1,-0.2,0.570087712549569,1,2
LC10a_L,DNg13,L,1,1.7,0.758287544405155,5,0
LC10a_L,DNg99,L,1,-0.1,0.22360679774997896,0,1
LC10a_L,DNg96,L,1,0.2,0.4472135954999579,1,0
LC10a_L,DNp55,R,1,0.1,0.5477225575051661,3,2
LC10a_L,DNge067,L,1,0.1,0.22360679774997896,1,0
LC10a_L,DNg78,L,1,-0.3,0.758287544405155,1,2
LC10a_L,DNge141,R,1,0.5,0.0,5,0
LC10a_L,DNbe003,L,1,-0.1,0.22360679774997896,0,1
LC10a_L,pIP10,R,1,0.6,0.8944271909999159,3,1
LC10a_L,DNp52,L,1,-0.3,0.570087712549569,1,3
LC10a_L,DNge059,L,1,0.0,0.0,0,0
LC10a_L,DNg70,L,1,0.3,0.8366600265340756,3,2
LC10a_L,DNp70,R,1,-0.1,0.4183300132670378,1,2
LC10a_L,DNp04,R,1,-0.3,0.4472135954999579,0,2
LC10a_L,DNge026,R,1,0.0,0.0,0,0
LC10a_L,DNp71,R,1,-0.3,0.758287544405155,1,2
LC10a_L,DNd02,L,1,-0.1,0.22360679774997896,0,1
LC10a_L,DNg32,R,1,0.1,0.6519202405202649,2,2
LC10a_L,DNg103,R,1,0.1,0.22360679774997896,1,0
LC10a_L,DNp09,R,1,0.0,0.0,0,0
LC10a_L,DNge051,R,1,-0.4,0.22360679774997896,0,4
LC10a_L,DNp101,R,1,0.5,0.6123724356957945,4,1
LC10a_L,DNg19,R,1,0.6,0.6519202405202649,3,0
LC10a_L,DNpe007,L,1,-0.1,0.5477225575051661,1,1
LC10a_L,DNp49,L,1,0.0,0.0,0,0
LC10a_L,DNp15,R,1,-0.1,0.6519202405202649,2,2
LC10a_L,DNg111,L,1,7.1,0.7416198487095663,5,0
LC10a_L,DNg79,L,2,-0.2,0.7158910531638176,2,3
LC10a_L,DNde003,L,2,0.75,0.46770717334674267,5,0
LC10a_L,DNa11,R,1,-0.2,0.4472135954999579,1,3
LC10a_L,DNge143,R,1,0.2,1.1510864433221337,2,2
LC10a_L,DNbe006,L,1,0.8,0.758287544405155,4,0
LC10a_L,DNpe043,L,1,0.4,0.5477225575051661,4,1
LC10a_L,DNge040,R,1,-0.6,0.7416198487095663,1,4
LC10a_L,DNp45,R,1,0.0,0.6123724356957945,2,1
LC10a_L,DNd05,L,1,0.9,0.7416198487095663,4,0
LC10a_L,DNp68,R,1,-0.4,0.5477225575051661,1,4
LC10a_L,DNp54,L,1,2.6,0.5477225575051661,5,0
LC10a_L,MDN,L,2,-0.2,0.2091650066335189,0,3
LC10a_L,DNp66,R,1,0.1,0.6519202405202649,2,2
LC10a_L,DNbe003,R,1,0.4,0.4183300132670378,3,0
LC10a_L,DNp49,R,1,0.0,0.0,0,0
LC10a_L,DNg104,R,1,0.0,0.6123724356957945,1,2
LC10a_L,DNge042,L,1,0.0,0.0,0,0
LC10a_L,DNge048,R,1,0.4,0.9617692030835673,2,1
LC10a_L,DNae003,R,1,-0.4,0.6519202405202649,0,2
LC10a_L,DNpe045,R,1,0.0,1.0,3,2
LC10a_L,DNge027,L,1,-0.8,0.570087712549569,0,4
LC10a_L,DNbe007,R,1,0.0,0.6123724356957945,1,2
LC10a_L,DNc01,L,1,0.0,0.0,0,0
LC10a_L,DNp102,R,1,0.7,0.8366600265340756,3,0
LC10a_L,DNg60,L,1,-0.2,0.27386127875258304,0,2
LC10a_L,DNp14,L,1,0.0,0.3535533905932738,1,1
LC10a_L,DNa08,R,1,0.1,0.6519202405202649,2,2
LC10a_L,DNpe023,L,1,0.3,0.27386127875258304,3,0
LC10a_L,DNg31,R,1,-0.4,0.9617692030835673,1,3
LC10a_L,DNge141,L,1,0.2,0.758287544405155,3,1
LC10a_L,DNge048,L,1,0.0,1.118033988749895,2,2
LC10a_L,DNge026,L,1,0.1,0.22360679774997896,1,0
LC10a_L,CB0429,R,1,-0.1,0.22360679774997896,0,1
LC10a_L,DNge101,R,1,-0.8,0.4472135954999579,0,5
LC10a_L,DNp33,L,1,-0.2,0.27386127875258304,0,2
LC10a_L,DNge043,L,1,1.3,0.4472135954999579,5,0
LC10a_L,DNpe006,L,1,-0.1,0.6519202405202649,2,2
LC10a_L,DNge149,M,1,0.3,0.8366600265340756,3,2
LC10a_L,DNg27,L,1,-0.3,0.27386127875258304,0,3
LC10a_L,DNb04,R,1,-0.4,0.5477225575051661,1,4
LC10a_L,DNge065,R,1,0.1,0.4183300132670378,2,1
LC10a_L,DNd03,L,1,0.2,0.9082951062292475,3,2
LC10a_L,DNde005,L,1,1.2,0.758287544405155,5,0
LC10a_L,DNge043,R,1,0.8,1.1510864433221337,3,1
LC10a_L,DNge132,R,1,0.2,0.9746794344808964,4,1
LC10a_L,DNp54,R,1,-0.8,0.570087712549569,0,4
LC10a_L,DNp07,R,1,0.1,0.6519202405202649,2,2
LC10a_L,DNg101,L,1,0.7,0.6708203932499369,4,1
LC10a_L,DNge152,M,1,-0.4,0.5477225575051661,0,2
LC10a_L,DNp63,L,1,0.8,0.570087712549569,4,0
LC10a_L,DNae001,R,1,-0.1,0.8944271909999159,2,2
LC10a_L,DNpe021,L,1,0.1,0.6519202405202649,2,2
LC10a_L,DNge049,R,1,-0.1,0.4183300132670378,1,2
LC10a_L,DNpe022,R,1,0.2,0.570087712549569,2,1
LC10a_L,DNg31,L,1,1.6,0.4183300132670378,5,0
LC10a_L,DNge084,R,1,0.1,0.6519202405202649,2,2
LC10a_L,DNae007,R,1,-1.0,1.3693063937629153,1,4
LC10a_L,DNp45,L,1,0.3,0.758287544405155,2,1
LC10a_L,DNpe032,L,1,0.1,0.6519202405202649,2,2
LC10a_L,DNae005,R,1,-0.9,1.140175425099138,1,3
LC10a_L,DNpe052,R,1,0.1,0.22360679774997896,1,0
LC10a_L,DNpe006,R,1,0.4,1.5572411502397436,2,2
LC10a_L,DNg27,R,1,-0.4,0.5477225575051661,1,4
LC10a_L,DNpe005,L,1,0.4,0.8215838362577492,2,1
LC10a_L,DNp24,L,1,0.0,0.0,0,0
LC10a_L,DNp68,L,1,-0.3,0.570087712549569,1,3
LC10a_L,DNg26,L,2,0.35,1.3647344063956182,2,2
LC10a_L,DNpe031,R,2,0.3,0.570087712549569,3,1
LC10a_L,DNd03,R,1,0.0,0.0,0,0
LC10a_L,DNp07,L,1,0.0,0.3535533905932738,1,1
LC10a_L,DNg111,R,1,0.3,0.9082951062292475,3,1
LC10a_L,DNg101,R,1,0.0,0.0,0,0
LC10a_L,DNp64,R,1,0.5,0.5,3,0
LC10a_L,DNge073,R,1,0.4,1.3416407864998738,3,2
LC10a_L,DNde007,R,1,1.0,0.5,5,0
LC10a_L,DNp104,L,1,0.1,0.7416198487095663,2,1
LC10a_L,DNge142,R,1,0.4,0.6519202405202649,2,0
LC10a_L,DNae010,R,1,-0.8,0.4472135954999579,0,4
LC10a_L,DNge041,L,1,0.8,0.4472135954999579,5,0
LC10a_L,DNa04,L,1,1.9,0.5477225575051661,5,0
LC10a_L,DNge123,L,1,2.0,0.5,5,0
LC10a_L,DNge075,R,1,-0.1,0.5477225575051661,1,1
LC10a_L,DNa05,R,1,0.0,0.3535533905932738,1,1
LC10a_L,DNp102,L,1,-0.3,0.27386127875258304,0,3
LC10a_L,<untyped>,L,3,0.033333333333333034,0.3979112128771103,4,1
LC10a_L,DNpe050,L,1,0.4,0.8944271909999159,3,1
LC10a_L,DNp22,R,1,0.0,0.3535533905932738,1,1
LC10a_L,DNae003,L,1,1.8,1.036822067666386,5,0
LC10a_L,DNge023,R,1,-0.8,0.27386127875258304,0,5
LC10a_L,DNge065,L,1,0.3,0.4472135954999579,2,0
LC10a_L,DNbe005,R,1,0.6,1.08397416943394,2,1
LC10a_L,DNd04,R,1,0.2,0.570087712549569,2,1
LC10a_L,DNpe026,L,1,-0.3,0.4472135954999579,0,2
LC10a_L,DNge142,L,1,0.9,1.2449899597988732,3,0
LC10a_L,DNg38,R,1,0.0,0.3535533905932738,1,1
LC10a_L,DNae010,L,1,1.2,0.9082951062292475,4,0
LC10a_L,DNp57,L,1,-0.8,0.27386127875258304,0,5
LC10a_L,DNge053,R,1,0.0,0.0,0,0
LC10a_L,DNge042,R,1,0.0,0.0,0,0
LC10a_L,DNge018,L,1,0.2,0.27386127875258304,2,0
LC10a_L,DNge099,L,1,-0.9,0.8215838362577492,1,4
LC10a_L,DNp101,L,1,0.5,0.5,3,0
LC10a_L,DNg91,R,1,-0.4,0.4183300132670378,0,3
LC10a_L,DNg38,L,1,-0.2,0.27386127875258304,0,2
LC10a_L,DNge135,R,1,0.0,0.3535533905932738,1,1
LC10a_L,DNb08,R,2,0.1,0.6519202405202649,3,2
LC10a_L,DNp15,L,1,0.3,0.4472135954999579,2,0
LC10a_L,DNge136,L,2,0.15,0.2850438562747845,3,1
LC10a_L,DNde006,R,1,0.2,0.570087712549569,2,1
LC10a_L,DNge027,R,1,-0.3,1.036822067666386,2,3
LC10a_L,DNp38,R,1,0.7,0.9746794344808964,4,1
LC10a_L,DNbe005,L,1,0.6,0.9617692030835673,3,1
LC10a_L,DNp58,R,1,0.0,0.6123724356957945,2,1
LC10a_L,"DNg102_a,DNg102_b",L,2,0.0,0.46770717334674267,2,1
LC10a_L,DNg87,L,1,1.5,4.286607049870562,2,3
LC10a_L,DNge044,R,1,0.0,1.5,3,2
LC10a_L,DNge099,R,1,-0.1,0.8215838362577492,2,1
LC10a_L,DNpe050,R,1,-0.1,0.6519202405202649,2,2
LC10a_L,DNg84,R,1,0.5,1.9039432764659772,2,3
LC10a_L,DNb08,L,2,0.05,0.4107919181288746,1,2
LC10a_L,DNg68,R,1,0.1,0.8944271909999159,2,2
LC10a_L,DNg109,R,1,1.0,0.7905694150420949,4,0
LC10a_L,DNpe031,L,2,-0.05,0.570087712549569,2,1
LC10a_L,DNg48,L,1,-0.6,0.7416198487095663,1,4
LC10a_L,DNpe027,R,1,-1.0,0.7905694150420949,0,4
LC10a_L,DNg14,R,1,0.2,0.4472135954999579,3,1
LC10a_L,DNg32,L,1,0.3,1.2041594578792296,2,2
LC10a_L,DNbe002,R,2,0.1,0.518411033833193,2,2
LC10a_L,DNg104,L,1,-0.1,0.6519202405202649,2,2
LC10a_L,DNge056,R,1,0.0,0.0,0,0
LC10a_L,DNg43,R,1,-0.2,0.27386127875258304,0,2
LC10a_L,DNg68,L,1,-0.3,0.27386127875258304,0,3
LC10a_L,DNp22,L,1,-0.1,0.22360679774997896,0,1
LC10a_L,DNg59,R,1,0.6,2.9453352950046283,2,3
LC10a_L,DNp67,L,1,1.5,0.7905694150420949,5,0
LC10a_L,DNpe055,R,1,-0.5,0.7071067811865476,1,4
LC10a_L,DNge080,R,1,-0.1,0.22360679774997896,0,1
LC10a_L,DNge140,R,1,0.0,0.0,0,0
LC10a_L,DNge007,R,1,0.0,0.0,0,0
LC10a_L,DNg84,L,1,3.7,7.155417527999327,5,0
LC10a_L,DNp60,L,1,1.3,0.27386127875258304,5,0
LC10a_L,DNge001,L,1,0.1,1.1937336386313322,2,2
LC10a_L,DNge148,R,1,0.3,0.758287544405155,2,1
LC10a_L,DNge150,M,1,0.5,0.7905694150420949,3,1
LC10a_L,DNge136,R,2,0.05,0.48088460154178364,2,2
LC10a_L,DNpe055,L,1,-0.8,0.758287544405155,0,3
LC10a_L,DNge100,L,1,0.0,0.0,0,0
LC10a_L,DNp67,R,1,1.2,0.758287544405155,4,0
LC10a_L,DNbe002,L,2,0.1,0.8023403267940606,3,1
LC10a_L,DNge124,R,1,-1.4,0.5477225575051661,0,5
LC10a_L,DNge128,R,1,-0.1,0.22360679774997896,0,1
LC10a_L,DNg50,R,1,0.2,0.570087712549569,2,1
LC10a_L,DNg48,R,1,-0.1,0.8944271909999159,2,2
LC10a_L,DNge056,L,1,-0.1,0.5477225575051661,1,1
LC10a_L,DNg26,R,2,0.05,1.0216408370851275,3,2
LC10a_L,DNge067,R,1,-0.6,0.6519202405202649,1,4
LC10a_L,DNge125,R,1,0.0,0.7071067811865476,3,2
LC10a_L,DNd04,L,1,0.5,0.3535533905932738,4,0
LC10a_L,DNg78,R,1,0.5,0.7905694150420949,3,1
LC10a_L,DNge060,R,1,0.6,1.3874436925511608,2,1
LC10a_L,DNge010,R,1,0.7,0.570087712549569,4,0
LC10a_L,DNge047,L,1,0.6,1.02469507659596,3,2
LC10a_L,DNge028,R,1,0.0,0.0,0,0
LC10a_L,DNge069,L,1,0.7,0.758287544405155,4,1
LC10a_L,DNg87,R,1,0.1,1.816590212458495,2,3
LC10a_L,DNge004,R,1,0.6,0.6519202405202649,3,0
LC10a_L,DNg22,L,1,-0.8,1.3509256086106296,1,3
LC10a_L,DNge122,R,1,0.8,2.4899799195977463,3,2
LC10a_L,DNge007,L,1,0.0,0.0,0,0
LC10a_L,DNp44,L,1,0.0,0.0,0,0
LC10a_L,DNg56,L,1,-0.1,0.22360679774997896,0,1
LC10a_L,DNge022,R,1,-0.1,2.043281674170255,2,3
LC10a_L,DNpe042,R,1,0.2,0.27386127875258304,2,0
LC10a_L,DNg19,L,1,1.0,0.5,5,0
LC10a_L,DNge125,L,1,0.2,0.9082951062292475,3,2
LC10a_L,DNg71,R,1,-1.1,0.7416198487095663,0,4
LC10a_L,DNg103,L,1,0.2,0.27386127875258304,2,0
LC10a_L,DNge113,R,3,0.0,0.0,0,0
LC10a_L,DNge123,R,1,0.3,1.1510864433221337,3,2
LC10a_L,DNpe043,R,1,0.0,0.7905694150420949,2,2
LC10a_L,DNb07,R,1,0.1,0.5477225575051661,1,1
LC10a_L,DNge101,L,1,0.2,0.27386127875258304,2,0
LC10a_L,DNge080,L,1,0.0,0.0,0,0
LC10a_L,DNpe003,R,2,1.15,0.2850438562747845,5,0
LC10a_L,DNp41,L,2,-0.25,0.6123724356957945,2,3
LC10a_L,DNb02,L,2,1.7,0.4107919181288746,5,0
LC10a_L,DNge135,L,1,0.0,0.3535533905932738,1,1
LC10a_L,DNge104,R,1,0.5,1.695582495781317,1,2
LC10a_L,DNge033,R,1,-0.5,1.1726039399558574,2,3
LC10a_L,DNae004,R,1,-0.7,0.4472135954999579,0,4
LC10a_L,DNg44,R,1,0.3,0.570087712549569,3,1
LC10a_L,DNa05,L,1,-0.1,0.4183300132670378,1,2
LC10a_L,DNge002,R,1,-0.1,1.08397416943394,3,2
LC10a_L,DNg54,R,1,0.0,0.0,0,0
LC10a_L,DNpe030,L,1,0.0,1.118033988749895,2,2
LC10a_L,DNpe049,R,1,0.2,0.6708203932499369,3,2
LC10a_L,DNge070,L,1,0.3,0.570087712549569,3,1
LC10a_L,DNg44,L,1,1.9,0.6519202405202649,5,0
LC10a_L,DNge098,L,1,-0.7,0.570087712549569,0,4
LC10a_L,DNde001,L,1,0.2,0.570087712549569,2,1
LC10a_L,DNpe020,M,2,1.8,0.4107919181288746,5,0
LC10a_L,DNg54,L,1,0.0,0.0,0,0
LC10a_L,DNge011,R,1,0.0,0.0,0,0
LC10a_L,DNge137,R,2,1.0,0.9185586535436918,4,1
LC10a_L,DNpe001,R,1,0.0,0.3535533905932738,1,1
LC10a_L,DNg91,L,1,0.0,0.7905694150420949,2,2
LC10a_L,DNde003,R,2,-0.45,0.4472135954999579,0,3
LC10a_L,DNge076,L,1,0.5,0.6123724356957945,4,1
LC10a_L,DNge140,L,1,-0.1,0.22360679774997896,0,1
LC10a_L,DNge139,R,1,-0.1,0.6519202405202649,2,2
LC10a_L,DNge006,L,1,0.9,0.6519202405202649,4,0
LC10a_L,DNg95,R,1,0.2,0.570087712549569,2,1
LC10a_L,DNge086,R,1,-0.1,0.22360679774997896,0,1
LC10a_L,DNge133,L,1,1.1,1.710263137648707,4,1
LC10a_L,DNge084,L,1,0.1,0.22360679774997896,1,0
LC10a_L,DNp60,R,1,1.0,0.7071067811865476,4,0
LC10a_L,DNge018,R,1,0.1,0.22360679774997896,1,0
LC10a_L,DNpe030,R,1,0.4,1.140175425099138,2,1
LC10a_L,DNg105,R,1,0.2,0.27386127875258304,2,0
LC10a_L,DNge088,L,1,0.0,0.0,0,0
LC10a_L,DNge122,L,1,0.9,2.5099800796022267,2,2
LC10a_L,DNg85,R,1,0.0,0.3535533905932738,1,1
LC10a_L,DNge039,L,1,0.5,2.091650066335189,2,2
LC10a_L,DNge028,L,1,0.0,0.0,0,0
LC10a_L,DNg81,R,1,1.4,4.364630568559039,3,2
LC10a_L,DNp53,L,1,0.0,0.0,0,0
LC10a_L,DNg95,L,1,-0.4,0.4183300132670378,0,3
LC10a_L,DNg41,R,1,-0.8,0.9082951062292475,1,4
LC10a_L,DNp46,R,1,0.0,0.3535533905932738,1,1
LC10a_L,DNpe034,L,1,0.0,0.0,0,0
LC10a_L,"DNp51,DNpe019",L,2,0.9,0.3791437722025775,5,0
LC10a_L,DNp25,R,1,-0.1,0.22360679774997896,0,1
LC10a_L,"DNg52_a,DNg52_b",R,2,0.3,0.570087712549569,3,1
LC10a_L,DNg86,R,1,-0.1,1.08397416943394,2,3
LC10a_L,DNge076,R,1,-0.3,0.9082951062292475,2,2
LC10a_L,DNge033,L,1,0.4,0.8215838362577492,2,1
LC10a_L,DNg33,L,1,0.2,1.680773631397161,2,2
LC10a_L,DNg20,R,1,1.4,3.6297382825763074,2,1
LC10a_L,DNge022,L,1,0.7,1.9557607215607946,3,2
LC10a_L,DNde001,R,1,-0.2,0.9082951062292475,2,3
LC10a_L,DNg86,L,1,0.5,0.5,3,0
LC10a_L,DNp40,L,1,0.1,0.4183300132670378,2,1
LC10a_L,DNa14,R,1,-0.2,0.4472135954999579,0,1
LC10a_L,DNg66,M,1,0.1,0.4183300132670378,2,1
LC10a_L,DNg33,R,1,0.2,1.2549900398011133,2,1
LC10a_L,DNge096,L,1,0.1,0.6519202405202649,2,2
LC10a_L,DNg51,L,2,-0.05,0.11180339887498948,0,1
LC10a_L,DNge046,L,2,0.6,0.6754628043053148,4,1
LC10a_L,DNge019,L,7,-0.5142857142857142,1.3357333841262586,2,3
LC10a_L,DNge106,R,1,0.5,0.7905694150420949,3,1
LC10a_L,DNg51,R,2,0.05,0.11180339887498948,1,0
LC10a_L,DNg17,R,1,-0.4,0.4183300132670378,0,3
LC10a_L,DNa08,L,1,0.2,0.570087712549569,2,1
LC10a_L,DNae008,R,1,-0.3,0.6708203932499369,1,2
LC10a_L,DNge096,R,1,0.2,0.6708203932499369,3,2
LC10a_L,DNg41,L,1,1.8,1.3038404810405297,4,0
LC10a_L,DNge063,L,1,0.1,0.6519202405202649,2,2
LC10a_L,DNg34,R,1,-0.2,0.9082951062292475,1,2
LC10a_L,DNpe049,L,1,0.1,0.6519202405202649,2,2
LC10a_L,DNbe006,R,1,0.6,0.22360679774997896,5,0
LC10a_L,DNg73,L,1,-1.0,1.4577379737113252,1,3
LC10a_L,DNg62,L,1,-0.1,0.22360679774997896,0,1
LC10a_L,DNge082,R,1,0.3,0.8366600265340756,3,1
LC10a_L,DNg43,L,1,0.3,1.036822067666386,2,2
LC10a_L,DNge002,L,1,0.4,0.9617692030835673,2,1
LC10a_L,DNg79,R,2,-0.5,0.39528470752104744,0,4
LC10a_L,DNge038,R,1,0.2,0.758287544405155,3,1
LC10a_L,DNge008,R,1,0.5,1.118033988749895,3,1
LC10a_L,DNpe035,L,1,0.5,0.3535533905932738,4,0
LC10a_L,DNge010,L,1,0.4,1.08397416943394,3,2
LC10a_L,DNge100,R,1,-0.2,0.27386127875258304,0,2
LC10a_L,DNg61,L,1,-1.0,1.0606601717798212,1,4
LC10a_L,DNg97,L,1,-0.2,0.4472135954999579,1,3
LC10a_L,DNpe026,R,1,-0.1,0.5477225575051661,1,1
LC10a_L,DNge137,L,1,1.0,0.5,5,0
LC10a_L,DNge069,R,1,0.6,0.6519202405202649,3,0
LC10a_L,DNg89,L,1,0.1,0.8215838362577492,3,2
LC10a_L,DNge139,L,1,0.0,0.3535533905932738,1,1
LC10a_L,DNa14,L,1,-0.3,0.27386127875258304,0,3
LC10a_L,DNge172,R,3,2.533333333333334,3.2880254121753856,3,2
LC10a_L,DNg106,R,7,0.02857142857142857,0.08144110179279557,2,1
LC10a_L,DNg63,L,1,0.3,0.570087712549569,3,1
LC10a_L,<untyped>,R,1,0.2,0.27386127875258304,2,0
LC10a_L,DNge131,L,1,0.0,0.9354143466934853,2,1
LC10a_L,DNp65,R,1,-0.9,0.4183300132670378,0,5
LC10a_L,DNg42,L,1,0.3,1.036822067666386,3,2
LC10a_L,"DNg52_a,DNg52_b",L,2,0.8,0.32596012026013244,5,0
LC10a_L,DNpe003,L,2,-0.05,0.6471089552772392,2,2
LC10a_L,DNge044,L,1,1.0,3.24037034920393,3,2
LC10a_L,DNg69,R,1,-0.4,0.22360679774997896,0,4
LC10a_L,DNg42,R,1,-0.5,0.6123724356957945,0,3
LC10a_L,DNp24,R,1,-0.2,0.6708203932499369,1,4
LC10a_L,DNpe041,R,1,-0.1,0.8215838362577492,2,3
LC10a_L,DNg76,R,1,0.0,0.0,0,0
LC10a_L,DNge173,R,1,-0.3,0.758287544405155,1,2
LC10a_L,DNge060,L,1,-0.5,1.224744871391589,2,3
LC10a_L,DNg106,L,9,-0.011111111111111122,0.1438019900616087,3,2
LC10a_L,DNg64,L,1,-0.3,0.27386127875258304,0,3
LC10a_L,DNae004,L,1,-0.3,0.570087712549569,1,3
LC10a_L,DNge127,R,1,-0.2,0.8366600265340756,2,2
LC10a_L,DNge077,L,1,0.1,0.6519202405202649,3,1
LC10a_L,DNge133,R,1,0.1,1.2449899597988732,2,2
LC10a_L,DNae006,L,1,0.3,0.4472135954999579,4,1
LC10a_L,DNg73,R,1,0.4,2.6315394733881536,1,3
LC10a_L,DNg89,R,1,-0.1,1.1937336386313322,1,4
LC10a_L,DNpe040,L,1,0.3,0.570087712549569,3,1
LC10a_L,DNae006,R,1,0.0,0.6123724356957945,2,1
LC10a_L,DNg05_a,R,1,0.0,0.3535533905932738,1,1
LC10a_L,DNge151,M,1,0.3,0.4472135954999579,2,0
LC10a_L,DNpe028,R,1,-0.3,0.27386127875258304,0,3
LC10a_L,DNge131,R,1,-0.1,0.4183300132670378,1,2
LC10a_L,DNpe014,R,2,0.2,0.8366600265340756,2,2
LC10a_L,DNp28,R,1,0.0,0.3535533905932738,1,1
LC10a_L,DNge078,L,1,-0.2,1.3038404810405297,2,2
LC10a_L,DNg72,L,2,0.0,0.0,0,0
LC10a_L,DNg04,R,2,0.0,0.0,0,0
LC10a_L,DNg11,L,3,-0.4666666666666668,0.7207249436813218,1,4
LC10a_L,DNge121,R,1,0.3,1.857417562100671,2,2
LC10a_L,DNge111,L,3,0.2333333333333333,0.3456073558887953,3,1
LC10a_L,DNg63,R,1,-0.2,0.9746794344808964,2,3
LC10a_L,"DNp51,DNpe019",R,2,-0.05,0.7786205751198718,2,3
LC10a_L,DNge113,L,3,0.0,0.0,0,0
LC10a_L,DNp39,R,1,0.5,0.5,3,0
LC10a_L,DNg72,R,2,0.0,0.0,0,0
LC10a_L,DNpe040,R,1,0.6,0.5477225575051661,3,0
LC10a_L,DNge072,R,1,0.1,0.4183300132670378,2,1
LC10a_L,DNge052,R,1,0.0,0.0,0,0
LC10a_L,DNg09,L,4,0.0,0.0,0,0
LC10a_L,DNge052,L,1,0.1,0.22360679774997896,1,0
LC10a_L,DNge127,L,1,0.6,0.6519202405202649,3,0
LC10a_L,DNge121,L,1,1.5,3.2596012026013246,3,1
LC10a_L,DNp40,R,1,0.3,0.570087712549569,3,1
LC10a_L,DNp41,R,2,-0.1,0.3791437722025775,1,3
LC10a_L,DNg50,L,1,0.9,0.9617692030835673,4,1
LC10a_L,DNg05_a,L,1,0.2,0.27386127875258304,2,0
LC10a_L,DNge016,R,1,0.1,0.22360679774997896,1,0
LC10a_L,DNpe004,L,2,-0.05,0.6937218462755804,3,1
LC10a_L,DNg55,M,1,0.0,0.6123724356957945,2,1
LC10a_L,DNg62,R,1,-0.2,1.3509256086106296,1,3
LC10a_L,DNge147,R,1,0.2,0.27386127875258304,2,0
LC10a_L,DNge057,R,1,0.4,0.6519202405202649,3,1
LC10a_L,DNg47,R,1,-0.4,0.7416198487095663,1,3
LC10a_L,DNg109,L,1,-0.3,0.4472135954999579,1,4
LC10a_L,DNge082,L,1,0.4,0.6519202405202649,3,1
LC10a_L,DNge147,L,1,0.0,0.0,0,0
LC10a_L,DNg46,L,1,0.0,0.9354143466934853,3,2
LC10a_L,DNge097,L,1,-0.1,0.4183300132670378,1,2
LC10a_L,DNge057,L,1,-0.3,0.570087712549569,1,3
LC10a_L,DNg58,R,1,0.1,0.8215838362577492,3,2
LC10a_L,DNpe004,R,2,-0.3,0.4107919181288746,0,3
LC10a_L,DNg06_a,R,1,0.1,0.6519202405202649,3,1
LC10a_L,DNge145,L,2,0.0,0.0,0,0
LC10a_L,DNpe028,L,1,0.1,0.22360679774997896,1,0
LC10a_L,DNge091,R,9,0.011111111111111127,0.11385500851066221,2,1
LC10a_L,DNg11,R,3,-0.33333333333333337,0.408248290463863,1,4
LC10a_L,DNge030,L,1,-0.3,0.4472135954999579,0,2
LC10a_L,DNge012,L,1,0.3,2.9495762407505253,2,2
LC10a_L,DNg20,L,1,2.1,5.583457710057451,3,2
LC10a_L,DNge081,L,1,0.0,0.3535533905932738,1,1
LC10a_L,DNge124,L,1,-0.4,0.8944271909999159,2,3
LC10a_L,DNge072,L,1,0.1,0.8215838362577492,3,2
LC10a_L,DNg45,R,1,0.2,0.570087712549569,2,1
LC10a_L,DNge081,R,1,0.4,0.5477225575051661,4,1
LC10a_L,DNg21,R,1,-0.7,0.9746794344808964,0,2
LC10a_L,DNp52,R,1,-0.2,0.27386127875258304,0,2
LC10a_L,DNp25,L,1,0.0,0.0,0,0
LC10a_L,DNg107,R,1,-0.7,0.758287544405155,0,3
LC10a_L,DNge058,R,1,0.0,0.0,0,0
LC10a_L,DNpe035,R,1,0.5,0.3535533905932738,4,0
LC10a_L,DNge064,R,1,0.8,0.6708203932499369,4,0
LC10a_L,DNge013,L,1,0.2,0.758287544405155,1,1
LC10a_L,DNge068,L,1,-0.6,1.4317821063276353,1,4
LC10a_L,DNge029,R,1,0.4,0.9617692030835673,2,1
LC10a_L,DNge145,R,2,0.0,0.0,0,0
LC10a_L,DNpe014,L,2,0.1,0.3791437722025775,1,1
LC10a_L,DNge034,L,1,0.0,1.2747548783981961,2,2
LC10a_L,DNb03,L,2,0.4,0.6519202405202649,3,1
LC10a_L,DNg21,L,1,-0.2,0.4472135954999579,1,3
LC10a_L,DNpe033,R,1,0.4,0.4183300132670378,3,0
LC10a_L,DNge001,R,2,-0.2,0.758287544405155,3,2
LC10a_L,DNg01,R,4,-1.5,0.2795084971874737,0,5
LC10a_L,DNge075,L,1,0.2,0.570087712549569,2,1
LC10a_L,DNge034,R,1,-0.7,0.758287544405155,1,4
LC10a_L,DNpe012,R,4,-0.125,0.21650635094610965,0,2
LC10a_L,DNpe033,L,1,-0.3,0.4472135954999579,0,2
LC10a_L,DNb03,R,2,-0.2,0.4472135954999579,0,1
LC10a_L,DNg94,R,1,0.5,1.1726039399558574,2,1
LC10a_L,DNge019,R,7,-0.1428571428571427,1.9305545359627971,1,4
LC10a_L,DNge064,L,1,1.5,0.9354143466934853,5,0
LC10a_L,DNg23,L,1,-0.2,0.570087712549569,1,2
LC10a_L,DNge134,R,1,1.8,1.0954451150103321,4,0
LC10a_L,DNg59,L,1,0.7,3.850324661635691,2,3
LC10a_L,DNge097,R,1,0.0,0.9354143466934853,2,1
LC10a_L,DNge098,R,1,-0.1,0.22360679774997896,0,1
LC10a_L,DNg17,L,1,0.1,0.6519202405202649,2,2
LC10a_L,DNg45,L,1,-0.3,0.4472135954999579,1,4
LC10a_L,DNg82,R,2,-0.1,0.13693063937629152,0,2
LC10a_L,DNa07,R,1,-0.7,0.6708203932499369,0,3
LC10a_L,DNge035,R,1,0.0,0.0,0,0
LC10a_L,DNg82,L,2,-0.5,0.5,1,4
LC10a_L,DNpe036,L,1,0.4,0.6519202405202649,3,1
LC10a_L,DNge174,R,1,0.0,0.0,0,0
LC10a_L,DNg02_d,R,1,-0.3,0.27386127875258304,0,3
LC10a_L,DNp65,L,1,-0.2,1.036822067666386,1,3
LC10a_L,DNg58,L,1,0.5,1.0,3,2
LC10a_L,DNg12_d,R,2,0.2,2.2940139493908926,1,4
LC10a_L,DNg09,R,4,0.05,0.11180339887498948,1,0
LC10a_L,DNxl114,L,1,0.1,0.22360679774997896,1,0
LC10a_L,DNge105,L,1,0.0,0.3535533905932738,1,1
LC10a_L,DNde006,L,1,0.1,2.8591956910991594,1,2
LC10a_L,DNp16,R,2,0.15,0.3791437722025775,3,2
LC10a_L,DNg77,L,1,-0.5,0.7071067811865476,1,4
LC10a_L,DNge174,L,1,0.0,0.0,0,0
LC10a_L,DNg02_f,R,1,-0.2,0.27386127875258304,0,2
LC10a_L,DNge021,R,1,-0.2,0.570087712549569,1,2
LC10a_L,DNg03,R,6,0.30000000000000016,0.43140597018482607,4,1
LC10a_L,DNpe037,R,1,-0.6,0.7416198487095663,1,4
LC10a_L,DNg12_a,R,4,-0.2,2.020597065226019,2,3
LC10a_L,DNge091,L,9,0.07777777777777777,0.24406536262765333,2,2
LC10a_L,DNge029,L,1,0.3,1.0954451150103321,4,1
LC10a_L,DNge144,R,1,0.3,0.4472135954999579,2,0
LC10a_L,DNg12_a,L,4,-0.1,1.1805718953117594,2,2
LC10a_L,DNg12_d,L,2,0.0,1.357847561400027,2,3
LC10a_L,DNpe010,R,1,-0.1,0.5477225575051661,1,1
LC10a_L,DNpe010,L,1,0.3,0.570087712549569,3,1
LC10a_L,"DNg08_a,DNg08_b",L,12,-0.06666666666666674,0.4131098185981812,3,2
LC10a_L,DNge110,R,2,0.2,0.7158910531638176,3,2
LC10a_L,DNg02_g,L,2,-0.15,0.4873397172404482,1,2
LC10a_L,DNg110_a,L,3,0.43333333333333324,0.6411794687223783,4,1
LC10a_L,DNa07,L,1,-0.6,0.7416198487095663,1,4
LC10a_L,DNge110,L,2,0.1,0.8944271909999159,3,2
LC10a_L,DNge020,L,4,-0.225,0.9287087810503355,2,2
LC10a_L,DNg12_e,R,3,-0.7666666666666667,0.6624868971450596,1,4
LC10a_L,DNg36_a,R,2,-0.25,0.8838834764831844,2,3
LC10a_L,DNg06_a,L,1,0.7,0.570087712549569,4,0
LC10a_L,DNg02_g,R,2,-0.1,0.2850438562747845,1,2
LC10a_L,DNg57,L,1,0.8,1.753567791675018,3,1
LC10a_L,DNge021,L,1,0.0,0.3535533905932738,1,1
LC10a_L,DNp16,L,2,0.1,0.518411033833193,3,1
LC10a_L,DNpe053,R,1,0.2,0.27386127875258304,2,0
LC10a_L,DNg12_c,R,2,0.55,2.321098877687032,2,3
LC10a_L,"DNg08_a,DNg08_b",R,11,0.14545454545454545,0.30048170692797116,4,1
LC10a_L,DNg57,R,1,0.4,1.140175425099138,3,2
LC10a_L,DNpe009,L,5,0.44,0.6107372593840988,3,1
LC10a_L,DNg02_b,L,3,-0.033333333333333305,0.5322906474223771,2,3
LC10a_L,DNge025,R,1,0.0,0.3535533905932738,1,1
LC10a_L,"DNg06_b,DNg06_c",R,3,-0.1,0.3456073558887954,2,3
LC10a_L,DNg02_f,L,1,0.2,0.27386127875258304,2,0
LC10a_L,DNp17,L,6,0.5333333333333333,0.27386127875258304,5,0
LC10a_L,DNp72,R,1,0.2,0.4472135954999579,3,1
LC10a_L,DNg02_a,L,5,0.08000000000000007,0.3420526275297414,4,1
LC10a_L,DNg107,L,1,0.7,1.4832396974191326,3,1
LC10a_L,DNge020,R,4,0.1,1.0285001215362106,2,3
LC10a_L,DNge111,R,3,8.881784197001253e-17,0.49999999999999994,2,3
LC10a_L,DNxl114,R,1,0.1,0.22360679774997896,1,0
LC10a_L,DNg12_c,L,3,-0.7333333333333336,1.9278658321228337,2,3
LC10a_L,DNg12_b,R,8,0.475,1.6337504781942682,2,3
LC10a_L,DNg83,L,1,0.6,1.981161275615895,2,2
LC10a_L,DNg12_b,L,8,-0.2,1.3574159734583942,2,3
LC10a_L,DNg12_e,L,3,-0.1,1.6608230891137483,2,3
LC10a_L,DNge008,L,1,0.6,1.140175425099138,3,1
LC10a_L,DNg02_a,R,5,-0.019999999999999973,0.5890670590009256,1,4
LC10a_L,DNge095,R,2,0.15,0.6020797289396148,2,2
LC10a_L,DNge087,L,2,0.05,0.2091650066335189,2,1
LC10a_L,DNg67,R,1,0.1,1.08397416943394,2,3
LC10a_L,"DNg06_b,DNg06_c",L,3,0.09999999999999998,0.3027650354097491,2,2
LC10a_L,DNge087,R,2,0.1,0.22360679774997896,1,0
LC10a_L,DNge093,L,2,-0.1,0.3791437722025775,1,3
LC10a_L,DNge015,R,3,0.2000000000000001,0.9817784316682094,3,2
LC10a_L,DNge120,L,1,0.3,1.2041594578792296,2,2
LC10a_L,DNge095,L,1,-0.4,0.4183300132670378,0,3
LC10a_L,DNge090,L,2,0.05,0.4107919181288746,1,2
LC10a_L,DNge014,L,1,0.0,0.3535533905932738,1,1
LC10a_L,DNg36_a,L,2,0.35,2.6786190471957747,3,2
LC10a_L,DNge109,R,1,2.7,1.036822067666386,5,0
LC10a_L,DNge090,R,2,-0.1,0.22360679774997896,0,1
LC10a_L,DNg53,L,1,-0.4,1.3874436925511608,2,3
LC10a_L,DNge025,L,2,0.0,0.8477912478906585,3,2
LC10a_L,DNge117,R,2,-0.05,0.4107919181288746,2,3
LC10a_L,DNp72,L,1,0.8,0.758287544405155,3,0
LC10a_L,DNpe012,L,4,0.0,0.08838834764831845,1,1
LC10a_L,DNge115,R,4,0.15,0.8633148324916003,3,1
LC10a_L,DNg92_b,L,2,0.5,0.5863019699779287,3,0
LC10a_L,DNge092,L,2,-0.2,0.5968668193156661,1,3
LC10a_L,DNg02_d,L,1,-0.2,0.570087712549569,1,2
LC10a_L,DNg07,R,8,0.0375,0.4893394782765846,3,2
LC10a_L,DNg07,L,8,-0.125,0.4441459501109967,2,3
LC10a_L,DNge092,R,2,0.1,0.7623975340988454,2,2
LC10a_L,DNp17,R,6,0.01666666666666666,0.22360679774997896,2,3
LC10a_L,DNge058,L,1,-0.1,0.22360679774997896,0,1
LC10a_L,DNge038,L,1,0.1,0.5477225575051661,3,2
LC10a_L,"DNge108,DNge118",L,3,-0.03333333333333333,0.13944333775567924,1,2
LC10a_L,DNge074,L,1,-0.2,0.27386127875258304,0,2
LC10a_L,DNg02_b,R,2,-0.4,0.8023403267940606,1,3
LC10a_L,DNge115,L,4,-0.275,0.47925723781702034,1,4
LC10a_L,DNp58,L,1,0.0,0.0,0,0
LC10a_L,DNge094,R,7,-0.02857142857142857,0.22924009336973158,2,2
LC10a_L,DNge094,L,6,0.016666666666666666,0.13693063937629155,3,2
LC10a_L,DNge017,L,1,0.0,0.5,2,2
LC10a_L,DNge015,L,2,0.05,0.32596012026013244,2,2
LC10a_L,DNge017,R,1,-0.4,0.22360679774997896,0,4
LC10a_L,DNge093,R,2,0.1,0.13693063937629152,2,0
LC10a_L,DNge116,L,2,0.0,0.46770717334674267,2,1
LC10a_L,DNge153,R,1,-0.1,0.5477225575051661,1,1
LC10a_L,DNg01,L,5,-0.19999999999999996,0.39370039370059046,2,2
LC10a_L,DNg94,L,1,0.3,0.570087712549569,3,1
LC10a_L,DNge116,R,2,0.0,0.7288689868556626,2,3
LC10a_L,DNge023,L,1,-0.8,0.9746794344808964,1,3
LC10a_L,DNge085,L,4,-0.175,0.7267220926874316,1,3
LC10a_L,"DNge108,DNge118",R,2,0.2,0.54198708471697,2,1
LC10a_L,DNge153,L,1,0.8,0.27386127875258304,5,0
LC10a_L,DNg05_b,R,3,-0.0666666666666667,0.19002923751652298,1,2
LC10a_L,DNpe015,R,5,0.5600000000000002,0.527257053058563,4,1
LC10a_L,DNg36_b,L,2,0.0,0.7288689868556626,1,3
LC10a_L,DNge134,L,1,1.2,2.079663434308542,4,1
LC10a_L,DNge117,L,2,-0.2,0.2091650066335189,0,3
LC10a_L,DNpe054,R,4,0.65,0.6274950199005567,4,1
LC10a_L,DNge024,R,3,-0.16666666666666669,0.8740073734751264,2,2
LC10a_L,DNge114,L,4,0.25,0.7551903733496608,4,1
LC10a_L,DNg18_b,L,3,0.1333333333333333,0.5939509893735154,2,2
LC10a_L,DNge009,L,2,0.0,0.46770717334674267,1,2
LC10a_L,DNpe015,L,6,0.06666666666666679,1.1386517368264004,2,3
LC10a_L,DNpe008,R,9,0.25555555555555554,0.3007193022827635,4,1
LC10a_L,DNg36_b,R,3,-0.16666666666666669,0.39086797998528594,1,2
LC10a_L,DNg05_b,L,3,0.09999999999999995,0.5217491947499509,1,2
LC10a_L,DNp69,L,1,0.3,0.4472135954999579,2,0
LC10a_L,DNge089,L,3,0.03333333333333335,0.7110243002567181,2,2
LC10a_L,DNpe024,L,1,0.0,0.0,0,0
LC10a_L,DNg83,R,1,0.5,1.1726039399558574,2,1
LC10a_L,DNge085,R,4,0.375,0.6312190586476298,4,1
LC10a_L,DNge114,R,2,1.85,0.5477225575051661,5,0
LC10a_L,DNge089,R,3,0.19999999999999998,0.49159604012508756,4,1
LC10a_L,DNge102,R,2,-0.3,0.7158910531638176,2,3
LC10a_L,DNge071,L,8,0.075,0.40840773131761354,3,2
LC10a_L,"DNge154,DNge156",R,1,0.2,0.570087712549569,2,1
LC10a_L,DNpe054,L,4,-0.25,0.7447734554883115,1,4
LC10a_L,DNg53,R,1,-0.3,1.9557607215607946,1,3
LC10a_L,DNge009,R,2,0.15,0.4183300132670378,3,1
LC10a_L,DNpe008,L,9,0.24444444444444444,0.09296222517045283,5,0
LC10a_L,DNg110_b,R,3,0.30000000000000004,0.34156502553198664,3,0
LC10a_L,DNg18_b,R,3,0.033333333333333395,0.5939509893735153,2,3
LC10a_L,DNge078,R,1,0.6,3.1898275815473163,2,2
LC10a_L,DNge071,R,8,0.0375,0.420657966761596,2,3
LC10a_L,DNpe009,R,5,-0.36000000000000004,0.3646916505762094,1,4
LC10a_L,DNpe041,L,1,0.3,1.0954451150103321,2,1
LC10a_L,DNge024,L,4,0.1,0.6637959023675877,3,2
LC10a_L,DNge109,L,1,-0.1,1.2942179105544784,2,3
LC10a_L,DNpe029,R,2,-0.3,0.5968668193156661,1,2
LC10a_L,DNge126,L,1,0.3,0.27386127875258304,3,0
LC10a_L,DNg03,L,6,0.24999999999999997,0.3173238794109962,4,1
LC10a_L,DNpe029,L,2,0.75,1.8371173070873836,3,1
LC10a_L,DNge126,R,1,0.2,0.758287544405155,1,1
LC10a_L,DNge119,L,1,0.0,0.0,0,0
LC10a_L,DNg110_a,R,3,-0.36666666666666664,0.36132472314464675,1,4
LC10a_L,DNg10,L,6,-0.050000000000000024,0.41079191812887456,2,3
LC10a_L,DNg10,R,6,-0.06666666666666668,0.2074983266331455,2,2
LC10a_L,DNg92_b,R,2,0.75,0.46770717334674267,5,0
LC10a_L,DNg18_a,L,2,-0.2,0.54198708471697,2,2
LC10a_L,DNpe036,R,1,0.2,0.8366600265340756,2,1
LC10a_L,DNpe011,R,2,-0.15,0.13693063937629152,0,3
LC10a_L,DNg18_a,R,1,0.3,0.27386127875258304,3,0
LC10a_L,DNge045,L,1,0.7,1.036822067666386,4,1
LC10a_L,DNpe011,L,2,0.15,0.13693063937629152,3,0
LC10a_L,DNg39,L,1,-0.1,0.4183300132670378,1,2
LC10a_L,DNd02,R,1,-0.3,0.6708203932499369,1,2
LC10a_L,DNg47,L,1,0.0,0.0,0,0
LC10a_L,DNge013,R,1,-0.4,0.7416198487095663,1,3
LC10a_L,DNpe018,L,2,-0.2,0.570087712549569,1,4
LC10a_L,DNg110_b,L,3,0.09999999999999999,0.27888667551135854,3,2
LC10a_L,DNge046,R,2,0.35,0.7416198487095663,4,1
LC10a_L,DNge083,L,1,0.1,0.6519202405202649,2,2
LC10a_L,DNpe018,R,1,0.3,0.27386127875258304,3,0
LC10a_L,DNg65,L,1,0.1,0.4183300132670378,2,1
LC10a_L,DNge074,R,1,0.1,0.22360679774997896,1,0
LC10a_L,DNge102,L,2,-0.25,0.5303300858899106,1,3
LC10a_L,DNg02_e,L,1,0.0,0.3535533905932738,1,1
LC10a_L,DNge144,L,1,0.3,0.570087712549569,3,1
LC10a_L,DNg92_a,L,1,-0.1,0.8215838362577492,2,3
LC10a_L,DNg60,R,1,-0.3,0.8366600265340756,1,3
LC10a_L,DNg92_a,R,1,0.1,0.7416198487095663,2,1
LC10a_L,DNge130,L,1,0.0,0.0,0,0
LC10a_L,"DNge061,DNge066",L,2,-0.05,0.11180339887498948,0,1
LC10a_L,DNg02_c,R,2,-0.05,0.11180339887498948,0,1
LC10a_L,"DNge061,DNge066",R,2,0.1,0.13693063937629152,2,0
LC10a_L,DNg97,R,1,1.9,0.22360679774997896,5,0
LC10a_L,DNg04,L,2,-0.15,0.13693063937629152,0,3
LC10a_L,DNge050,R,1,-0.2,0.4472135954999579,1,3
LC10a_L,DNge173,L,1,0.0,0.3535533905932738,1,1
LC10a_L,DNg02_c,L,2,0.55,0.7786205751198718,3,1
LC10a_L,DNpe048,R,1,0.4,0.4183300132670378,3,0
LC10a_L,DNp42,R,1,0.1,0.4183300132670378,2,1
LC10a_L,DNg13,R,1,1.2,0.758287544405155,4,0
LC10a_L,DNae001,L,1,3.0,1.0,5,0
LC10a_L,DNc01,R,1,0.1,0.4183300132670378,2,1
LC10a_L,DNge055,L,1,0.0,0.0,0,0
LC10a_L,DNge016,L,1,0.1,0.22360679774997896,1,0
LC10a_L,DNge105,R,1,0.4,0.8944271909999159,3,2
LC10a_L,DNd05,R,1,0.6,0.7416198487095663,4,1
LC10a_L,DNg15,R,1,1.4,2.792848008753788,2,1
LC10a_L,DNge086,L,1,0.5,0.3535533905932738,4,0
LC10a_L,DNp44,R,1,0.0,0.0,0,0
LC10a_L,DNpe039,R,1,-0.1,0.22360679774997896,0,1
LC10a_L,DNa09,L,1,0.8,0.570087712549569,4,0
LC10a_L,DNge003,R,1,0.0,0.0,0,0
LC10a_L,DNge032,R,1,0.1,0.8215838362577492,1,2
LC10a_L,DNg61,R,1,-0.6,0.5477225575051661,0,4
LC10a_L,DNg49,R,1,-0.2,0.570087712549569,1,2
LC10a_L,DNpe027,L,1,-0.1,0.4183300132670378,1,2
LC10a_L,DNp26,R,1,0.1,0.6519202405202649,3,1
LC10a_L,DNg76,L,1,0.2,0.27386127875258304,2,0
LC10a_L,DNg67,L,1,-0.2,0.758287544405155,2,2
LC10a_L,DNg02_e,R,1,-0.1,0.6519202405202649,2,2
LC10a_L,DNg64,R,1,-0.1,1.2942179105544784,3,2
LC10a_L,DNde007,L,1,1.3,0.9082951062292475,5,0
LC10a_L,DNg81,L,1,0.2,1.9557607215607946,2,3
LC10a_L,DNg23,R,1,0.0,0.6123724356957945,2,1
LC10a_L,DNge030,R,1,-0.1,0.22360679774997896,0,1
LC10a_L,DNg77,R,1,0.1,0.7416198487095663,2,1
LC10a_L,DNp08,L,1,-0.3,0.570087712549569,1,3
LC10a_L,DNpe007,R,1,0.3,0.4472135954999579,2,0
LC10a_L,DNg85,L,1,0.0,0.0,0,0
LC10a_L,DNae005,L,1,0.5,0.9354143466934853,3,1
LC10a_L,DNp28,L,1,0.1,0.5477225575051661,1,1
LC10a_L,DNge120,R,1,0.6,0.7416198487095663,4,1
LC10a_L,DNp34,R,1,-0.7,0.4472135954999579,0,4
LC10a_L,DNa16,L,1,0.7,0.570087712549569,4,0
LC10a_L,DNg24,R,1,-0.2,0.570087712549569,1,2
LC10a_L,DNa03,L,1,0.6,0.6519202405202649,3,0
LC10a_L,DNp71,L,1,0.1,0.5477225575051661,1,1
LC10a_L,DNge119,R,1,0.1,0.4183300132670378,2,1
LC10a_L,DNge062,L,1,-0.1,0.22360679774997896,0,1
LC10a_L,DNa06,L,1,1.0,0.7905694150420949,4,0
LC10a_L,DNge148,L,1,-0.1,0.6519202405202649,2,2
LC10a_L,DNg75,R,1,0.0,0.0,0,0
LC10a_L,DNpe016,R,1,-0.6,0.5477225575051661,0,4
LC10a_L,DNp46,L,1,-0.2,0.570087712549569,1,2
LC10a_L,DNb04,L,1,0.1,0.7416198487095663,2,1
LC10a_L,DNae007,L,1,-0.6,0.4183300132670378,0,4
LC10a_L,DNp56,R,1,0.1,0.4183300132670378,2,1
LC10a_L,DNae002,R,1,1.0,0.3535533905932738,5,0
LC10a_L,DNge130,R,1,0.0,0.0,0,0
LC10a_L,DNp104,R,1,0.4,0.6519202405202649,3,1
LC10a_L,DNpe024,R,1,0.0,0.3535533905932738,1,1
LC10a_L,DNge063,R,1,-0.4,0.9617692030835673,1,3
LC10a_L,DNpe023,R,1,0.0,0.0,0,0
LC10a_L,DNpe048,L,1,0.4,0.22360679774997896,4,0
LC10a_L,DNpe037,L,1,-0.2,0.4472135954999579,1,3
LC10a_L,DNp56,L,1,-0.7,0.8366600265340756,0,3
LC10a_L,DNp47,L,1,0.1,0.4183300132670378,2,1
LC10a_L,DNp53,R,1,0.0,0.0,0,0
LC10a_L,DNge055,R,1,-0.1,0.22360679774997896,0,1
LC10a_L,DNa10,L,1,1.8,0.758287544405155,5,0
LC10a_L,DNae008,L,1,-0.5,0.6123724356957945,1,4
LC10a_L,DNge051,L,1,-0.3,0.570087712549569,1,3
LC10a_L,DNa02,L,1,4.1,0.6519202405202649,5,0
LC10a_L,pIP10,L,1,0.0,0.5,2,2
LC10a_L,DNp05,L,1,-0.2,0.4472135954999579,1,3
LC10a_L,DNge012,R,1,-0.3,1.2549900398011133,2,3
LC10a_L,DNg14,L,1,0.3,0.758287544405155,2,1
LC10a_L,DNa06,R,1,0.0,0.0,0,0
LC10a_L,DNg65,R,1,0.0,0.6123724356957945,2,1
LC10a_L,DNbe001,R,1,0.5,1.118033988749895,4,1
LC10a_L,DNp32,R,1,0.2,0.27386127875258304,2,0
LC10a_L,DNge128,L,1,0.0,0.0,0,0
LC10a_L,DNg74_b,R,1,-0.2,0.570087712549569,1,2
LC10a_L,DNa13,L,2,0.25,0.30618621784789724,4,1
LC10a_L,DNp39,L,1,0.7,0.4472135954999579,4,0
LC10a_L,DNge073,L,1,0.8,0.570087712549569,4,0
LC10a_L,DNpe022,L,1,0.2,1.036822067666386,2,2
LC10a_L,DNp04,L,1,-0.1,0.4183300132670378,1,2
LC10a_L,DNp23,R,1,0.3,0.27386127875258304,3,0
LC10a_L,DNge014,R,1,-0.3,0.27386127875258304,0,3
LC10a_L,DNp27,L,1,0.1,1.140175425099138,3,2
LC10a_L,DNge004,L,1,0.0,0.0,0,0
LC10a_L,"DNge154,DNge156",L,1,-0.2,0.6708203932499369,2,3
LC10a_L,DNg69,L,1,-0.3,0.570087712549569,1,3
LC10a_L,DNge146,L,1,0.3,0.27386127875258304,3,0
LC10a_L,DNge079,R,1,0.0,0.3535533905932738,1,1
LC10a_L,DNae009,L,1,-0.4,0.4183300132670378,0,3
LC10a_L,DNg29,R,1,0.0,0.0,0,0
LC10a_L,DNge172,L,1,3.4,3.1304951684997055,4,0
LC10a_L,DNge077,R,1,-0.5,0.5,0,3
LC10a_L,DNpe017,R,1,-0.5,0.6123724356957945,1,4
LC10a_L,DNp32,L,1,0.0,0.5,2,2
LC10a_L,DNge104,L,1,0.3,0.4472135954999579,2,0
LC10a_L,DNge045,R,1,0.1,1.4747881203752626,2,3
LC10a_L,DNp19,R,1,0.5,0.7905694150420949,3,1
LC10a_L,DNge070,R,1,-0.2,0.570087712549569,1,2
LC10a_L,DNpe021,R,1,0.4,0.6519202405202649,3,1
LC10a_L,DNg71,L,1,1.1,0.7416198487095663,4,0
LC10a_L,DNge079,L,1,0.2,0.27386127875258304,2,0
LC10a_L,DNp12,R,1,-0.2,0.8366600265340756,2,2
LC10a_L,DNpe002,R,1,0.3,0.570087712549569,3,1
LC10a_L,DNge088,R,1,-0.2,0.570087712549569,1,2
LC10a_L,DNpe032,R,1,-0.2,0.27386127875258304,0,2
LC10a_L,DNpe016,L,1,-0.5,1.0,1,2
LC10a_L,DNp57,R,1,-0.3,0.9082951062292475,2,2
LC10a_L,DNg46,R,1,-0.5,0.6123724356957945,0,3
LC10a_L,DNpe005,R,1,-0.1,0.5477225575051661,1,1
LC10a_L,DNp64,L,1,0.3,0.8366600265340756,3,2
LC10a_L,DNge106,L,1,0.5,0.7905694150420949,3,1
LC10a_L,DNpe039,L,1,-0.1,0.6519202405202649,2,2
LC10a_R,DNp01,R,1,0.0,0.0,0,0
LC10a_R,DNp01,L,1,0.0,0.0,0,0
LC10a_R,DNp18,R,1,1.0,0.7071067811865476,5,0
LC10a_R,pIP1,L,1,0.1,0.22360679774997896,1,0
LC10a_R,DNg56,R,1,-0.2,0.27386127875258304,0,2
LC10a_R,pIP1,R,1,1.0,0.5,5,0
LC10a_R,DNg100,L,1,-0.1,0.22360679774997896,0,1
LC10a_R,DNp18,L,1,0.3,0.8366600265340756,3,1
LC10a_R,DNpe013,R,1,0.4,0.8215838362577492,4,1
LC10a_R,DNg100,R,1,0.0,0.0,0,0
LC10a_R,DNp20,R,1,0.1,0.4183300132670378,2,1
LC10a_R,DNp27,R,1,0.4,1.08397416943394,2,2
LC10a_R,DNb05,R,1,0.0,0.0,0,0
LC10a_R,DNp30,R,1,-0.2,0.27386127875258304,0,2
LC10a_R,aSP22,L,1,1.0,0.5,5,0
LC10a_R,DNpe042,L,1,0.0,0.6123724356957945,1,2
LC10a_R,aSP22,R,1,1.4,0.6519202405202649,5,0
LC10a_R,DNp11,R,1,0.3,0.27386127875258304,3,0
LC10a_R,DNp02,R,1,0.5,0.6123724356957945,3,0
LC10a_R,DNb05,L,1,-0.4,0.8215838362577492,1,4
LC10a_R,DNg30,L,1,0.4,0.8944271909999159,3,1
LC10a_R,DNg105,L,1,0.2,0.4472135954999579,1,0
LC10a_R,DNg74_a,R,1,0.2,0.27386127875258304,2,0
LC10a_R,DNge031,L,1,0.6,1.2942179105544784,3,2
LC10a_R,DNg15,L,1,0.7,1.3038404810405297,3,2
LC10a_R,DNp30,L,1,0.3,0.27386127875258304,3,0
LC10a_R,DNge103,R,1,1.4,0.6519202405202649,5,0
LC10a_R,DNg90,L,1,-0.3,0.8366600265340756,1,3
LC10a_R,DNp20,L,1,-0.2,0.758287544405155,1,3
LC10a_R,DNge036,L,1,0.0,0.0,0,0
LC10a_R,DNg16,L,1,-0.4,0.6519202405202649,0,2
LC10a_R,DNg75,L,1,-0.1,0.22360679774997896,0,1
LC10a_R,DNp29,R,1,0.4,0.8215838362577492,4,1
LC10a_R,DNp02,L,1,0.0,0.3535533905932738,1,1
LC10a_R,DNge083,R,1,0.1,0.8215838362577492,3,2
LC10a_R,DNge037,R,1,-0.1,0.9617692030835673,2,2
LC10a_R,DNg35,R,1,0.7,1.036822067666386,3,1
LC10a_R,DNge037,L,1,0.3,0.6708203932499369,2,1
LC10a_R,DNpe056,L,1,-0.3,1.0954451150103321,1,2
LC10a_R,DNp06,L,1,0.4,0.8215838362577492,3,2
LC10a_R,DNp35,L,1,-0.1,0.22360679774997896,0,1
LC10a_R,DNg99,R,1,0.2,0.570087712549569,2,1
LC10a_R,DNg30,R,1,0.1,0.5477225575051661,1,1
LC10a_R,DNp55,L,1,0.1,0.4183300132670378,2,1
LC10a_R,DNp36,R,1,1.0,1.0,4,1
LC10a_R,DNg74_a,L,1,0.1,0.22360679774997896,1,0
LC10a_R,DNp31,L,1,1.0,0.6123724356957945,5,0
LC10a_R,DNp11,L,1,-0.1,0.4183300132670378,1,2
LC10a_R,DNp31,R,1,0.9,0.22360679774997896,5,0
LC10a_R,DNg108,L,1,-0.2,0.4472135954999579,0,1
LC10a_R,DNp47,R,1,0.1,0.6519202405202649,2,2
LC10a_R,DNg108,R,1,-0.1,0.4183300132670378,1,2
LC10a_R,DNp103,R,1,-0.7,0.27386127875258304,0,5
LC10a_R,DNpe053,L,1,0.2,0.570087712549569,2,1
LC10a_R,DNg34,L,1,-0.2,0.4472135954999579,1,3
LC10a_R,DNge054,R,1,0.8,1.5652475842498528,2,2
LC10a_R,DNge050,L,1,-0.2,0.8366600265340756,2,2
LC10a_R,DNge041,R,1,0.6,0.22360679774997896,5,0
LC10a_R,DNge031,R,1,-0.4,0.6519202405202649,1,3
LC10a_R,DNg22,R,1,-0.9,0.4183300132670378,0,5
LC10a_R,DNp19,L,1,0.7,0.27386127875258304,5,0
LC10a_R,DNc02,R,1,0.0,0.0,0,0
LC10a_R,DNp73,R,1,0.0,0.0,0,0
LC10a_R,DNa02,R,1,3.1,0.5477225575051661,5,0
LC10a_R,DNg40,L,1,-0.1,0.22360679774997896,0,1
LC10a_R,DNp59,R,1,-0.2,0.758287544405155,1,3
LC10a_R,DNge054,L,1,1.7,3.546124645299429,3,1
LC10a_R,DNa10,R,1,1.1,0.4183300132670378,5,0
LC10a_R,DNp63,R,1,0.8,0.9082951062292475,4,1
LC10a_R,DNp13,R,1,2.0,0.5,5,0
LC10a_R,DNg98,L,1,0.1,0.7416198487095663,2,1
LC10a_R,DNb09,R,1,0.3,0.8366600265340756,3,1
LC10a_R,DNde002,L,1,0.0,0.0,0,0
LC10a_R,DNp103,L,1,-0.2,0.4472135954999579,1,3
LC10a_R,DNp10,L,1,0.1,0.5477225575051661,1,1
LC10a_R,DNp10,R,1,0.5,0.7905694150420949,3,1
LC10a_R,DNg16,R,1,0.0,0.0,0,0
LC10a_R,DNa01,L,1,0.5,0.6123724356957945,3,0
LC10a_R,DNge035,L,1,-0.2,0.4472135954999579,0,1
LC10a_R,DNp73,L,1,0.0,0.3535533905932738,1,1
LC10a_R,DNge138,M,2,0.05,0.2091650066335189,2,1
LC10a_R,DNpe025,L,1,0.7,0.27386127875258304,5,0
LC10a_R,DNp13,L,1,2.0,0.6123724356957945,5,0
LC10a_R,DNa09,R,1,0.1,0.6519202405202649,2,2
LC10a_R,DNp08,R,1,-0.6,0.8215838362577492,1,3
LC10a_R,DNbe001,L,1,0.3,0.9082951062292475,2,2
LC10a_R,DNg35,L,1,2.2,3.8340579025361627,3,0
LC10a_R,DNge039,R,1,0.0,1.2747548783981961,1,2
LC10a_R,DNp62,R,1,0.1,0.4183300132670378,2,1
LC10a_R,DNg37,R,1,0.0,0.0,0,0
LC10a_R,DNg74_b,L,1,-0.1,0.4183300132670378,1,2
LC10a_R,DNpe017,L,1,-0.8,0.758287544405155,0,3
LC10a_R,DNg37,L,1,0.0,0.0,0,0
LC10a_R,DNg29,L,1,0.0,0.0,0,0
LC10a_R,DNa16,R,1,3.2,0.570087712549569,5,0
LC10a_R,DNg88,R,1,-0.2,0.27386127875258304,0,2
LC10a_R,DNg80,R,1,0.0,0.7071067811865476,3,2
LC10a_R,DNp29,L,1,-0.3,0.27386127875258304,0,3
LC10a_R,DNp35,R,1,-0.2,0.758287544405155,2,2
LC10a_R,DNp26,L,1,0.6,0.7416198487095663,4,1
LC10a_R,DNde002,R,1,0.1,0.22360679774997896,1,0
LC10a_R,DNg96,R,1,0.0,0.0,0,0
LC10a_R,DNpe034,R,1,0.1,0.22360679774997896,1,0
LC10a_R,DNp70,L,1,-0.1,0.22360679774997896,0,1
LC10a_R,DNge040,L,1,-0.3,0.570087712549569,1,3
LC10a_R,DNp06,R,1,0.2,0.570087712549569,2,1
LC10a_R,DNge011,L,1,1.0,2.2638462845343543,2,1
LC10a_R,DNp43,L,1,-0.4,0.8215838362577492,1,2
LC10a_R,DNpe052,L,1,-0.1,0.4183300132670378,1,2
LC10a_R,DNpe025,R,1,0.8,0.570087712549569,4,0
LC10a_R,DNge059,R,1,0.0,0.0,0,0
LC10a_R,DNp38,L,1,0.7,0.4472135954999579,4,0
LC10a_R,DNb01,L,1,2.9,0.4183300132670378,5,0
LC10a_R,DNge003,L,1,0.0,0.0,0,0
LC10a_R,DNp33,R,1,0.8,0.570087712549569,4,0
LC10a_R,DNge006,R,1,0.0,0.3535533905932738,1,1
LC10a_R,DNae009,R,1,0.2,0.4472135954999579,3,1
LC10a_R,DNp59,L,1,0.3,0.758287544405155,2,1
LC10a_R,DNg49,L,1,0.5,0.5,3,0
LC10a_R,DNp48,L,1,-0.1,0.22360679774997896,0,1
LC10a_R,DNge132,L,1,2.8,6.638900511379878,3,1
LC10a_R,DNpe001,L,1,0.0,0.5,2,2
LC10a_R,DNge036,R,1,0.0,0.0,0,0
LC10a_R,DNc02,L,1,-0.1,0.5477225575051661,2,3
LC10a_R,"DNg102_a,DNg102_b",R,2,-0.6,0.4873397172404482,0,5
LC10a_R,DNb07,L,1,0.1,0.22360679774997896,1,0
LC10a_R,DNp36,L,1,1.2,0.27386127875258304,5,0
LC10a_R,DNp42,L,1,-0.3,0.570087712549569,1,3
LC10a_R,DNg93,R,1,0.1,0.22360679774997896,1,0
LC10a_R,DNp62,L,1,0.5,0.3535533905932738,4,0
LC10a_R,DNpe002,L,1,0.3,0.4472135954999579,2,0
LC10a_R,DNpe056,R,1,-0.2,1.036822067666386,1,3
LC10a_R,DNg93,L,1,0.0,0.0,0,0
LC10a_R,DNg24,L,1,-0.1,0.7416198487095663,1,2
LC10a_R,DNge143,L,1,0.5,1.4577379737113252,2,2
LC10a_R,DNp03,L,1,-0.6,0.6519202405202649,1,4
LC10a_R,DNb01,R,1,3.2,0.570087712549569,5,0
LC10a_R,DNa01,R,1,0.9,0.4183300132670378,5,0
LC10a_R,MDN,R,2,0.2,0.2091650066335189,3,0
LC10a_R,pMP2,R,1,0.0,0.0,0,0
LC10a_R,DNp23,L,1,0.0,0.3535533905932738,1,1
LC10a_R,DNp09,L,1,0.0,0.0,0,0
LC10a_R,DNbe007,L,1,0.1,0.22360679774997896,1,0
LC10a_R,DNb02,R,2,2.25,0.5590169943749475,5,0
LC10a_R,DNp66,L,1,-0.3,0.9082951062292475,1,3
LC10a_R,DNp43,R,1,-0.3,0.8366600265340756,2,3
LC10a_R,DNge047,R,1,0.0,0.6123724356957945,1,2
LC10a_R,DNp48,R,1,-0.1,0.22360679774997896,0,1
LC10a_R,DNge062,R,1,-0.6,0.8944271909999159,1,4
LC10a_R,DNpe013,L,1,0.4,0.4183300132670378,3,0
LC10a_R,DNa15,R,1,0.1,0.8944271909999159,1,1
LC10a_R,DNde005,R,1,0.4,0.4183300132670378,3,0
LC10a_R,CB0429,L,1,-0.1,0.22360679774997896,0,1
LC10a_R,DNge053,L,1,-0.2,0.27386127875258304,0,2
LC10a_R,DNge107,R,1,0.1,0.4183300132670378,2,1
LC10a_R,DNge049,L,1,-0.1,0.22360679774997896,0,1
LC10a_R,DNge129,R,1,-0.2,0.758287544405155,2,2
LC10a_R,DNg39,R,1,-0.1,0.4183300132670378,1,2
LC10a_R,DNa15,L,1,-0.4,0.22360679774997896,0,4
LC10a_R,DNg88,L,1,0.1,0.22360679774997896,1,0
LC10a_R,DNb06,L,1,1.0,0.5,5,0
LC10a_R,DNg90,R,1,0.9,0.4183300132670378,5,0
LC10a_R,DNg40,R,1,-0.2,0.27386127875258304,0,2
LC10a_R,DNa04,R,1,2.1,0.22360679774997896,5,0
LC10a_R,pMP2,L,1,0.0,0.0,0,0
LC10a_R,DNpe045,L,1,-0.1,0.4183300132670378,1,2
LC10a_R,DNge107,L,1,-0.6,0.9617692030835673,1,3
LC10a_R,DNp69,R,1,0.1,0.5477225575051661,1,1
LC10a_R,DNg98,R,1,0.5,0.5,3,0
LC10a_R,DNg70,R,1,0.8,0.9082951062292475,3,0
LC10a_R,DNp34,L,1,-0.1,0.22360679774997896,0,1
LC10a_R,DNa11,L,1,-0.2,0.27386127875258304,0,2
LC10a_R,DNa03,R,1,0.3,0.27386127875258304,3,0
LC10a_R,DNge146,R,1,0.7,0.9082951062292475,4,1
LC10a_R,DNge103,L,1,0.4,0.22360679774997896,4,0
LC10a_R,DNbe004,R,1,-0.1,0.5477225575051661,1,1
LC10a_R,DNp03,R,1,-0.5,0.5,0,3
LC10a_R,DNae002,L,1,0.0,0.6123724356957945,2,1
LC10a_R,DNge129,L,1,-0.2,1.036822067666386,2,1
LC10a_R,DNp05,R,1,-1.2,0.758287544405155,0,4
LC10a_R,DNb09,L,1,-1.2,0.758287544405155,0,4
LC10a_R,DNg80,L,1,-0.1,0.5477225575051661,1,1
LC10a_R,DNge068,R,1,-0.8,1.0954451150103321,1,4
LC10a_R,DNbe004,L,1,-0.2,0.758287544405155,1,3
LC10a_R,DNge032,L,1,0.0,0.0,0,0
LC10a_R,DNp14,R,1,0.0,0.0,0,0
LC10a_R,DNa13,R,2,0.05,0.11180339887498948,1,0
LC10a_R,DNb06,R,1,0.5,0.3535533905932738,4,0
LC10a_R,DNp12,L,1,-0.2,0.27386127875258304,0,2
LC10a_R,DNg13,L,1,0.7,0.9746794344808964,3,1
LC10a_R,DNg99,L,1,-0.2,0.4472135954999579,0,1
LC10a_R,DNg96,L,1,0.1,0.22360679774997896,1,0
LC10a_R,DNp55,R,1,-0.2,0.27386127875258304,0,2
LC10a_R,DNge067,L,1,0.1,0.8215838362577492,1,2
LC10a_R,DNg78,L,1,-0.2,0.758287544405155,1,1
LC10a_R,DNge141,R,1,0.7,0.27386127875258304,5,0
LC10a_R,DNbe003,L,1,0.0,0.5,2,2
LC10a_R,pIP10,R,1,0.5,0.7905694150420949,3,1
LC10a_R,DNp52,L,1,-0.5,0.6123724356957945,0,3
LC10a_R,DNge059,L,1,0.0,0.0,0,0
LC10a_R,DNg70,L,1,0.4,0.6519202405202649,2,0
LC10a_R,DNp70,R,1,-0.2,0.27386127875258304,0,2
LC10a_R,DNp04,R,1,-0.4,0.4183300132670378,0,3
LC10a_R,DNge026,R,1,0.6,0.4183300132670378,4,0
LC10a_R,DNp71,R,1,-0.2,0.8366600265340756,2,2
LC10a_R,DNd02,L,1,-0.3,0.4472135954999579,0,2
LC10a_R,DNg32,R,1,0.2,0.570087712549569,2,1
LC10a_R,DNg103,R,1,-0.2,0.27386127875258304,0,2
LC10a_R,DNp09,R,1,0.4,0.4183300132670378,3,0
LC10a_R,DNge051,R,1,-0.5,0.3535533905932738,0,4
LC10a_R,DNp101,R,1,0.5,0.6123724356957945,4,1
LC10a_R,DNg19,R,1,1.4,0.5477225575051661,5,0
LC10a_R,DNpe007,L,1,0.0,0.7071067811865476,1,1
LC10a_R,DNp49,L,1,0.0,0.0,0,0
LC10a_R,DNp15,R,1,0.2,0.6708203932499369,3,2
LC10a_R,DNg111,L,1,0.9,1.3874436925511608,4,1
LC10a_R,DNg79,L,2,-0.1,0.698212002188447,2,3
LC10a_R,DNde003,L,2,-0.4,0.22360679774997896,0,5
LC10a_R,DNa11,R,1,0.6,0.22360679774997896,5,0
LC10a_R,DNge143,R,1,0.5,0.8660254037844386,2,0
LC10a_R,DNbe006,L,1,0.5,1.224744871391589,3,2
LC10a_R,DNpe043,L,1,0.3,0.570087712549569,3,1
LC10a_R,DNge040,R,1,-0.3,0.570087712549569,1,3
LC10a_R,DNp45,R,1,-0.2,0.4472135954999579,0,1
LC10a_R,DNd05,L,1,0.3,0.4472135954999579,4,1
LC10a_R,DNp68,R,1,-0.1,0.8215838362577492,2,3
LC10a_R,DNp54,L,1,-0.3,0.758287544405155,2,3
LC10a_R,MDN,L,2,-0.2,0.2091650066335189,0,3
LC10a_R,DNp66,R,1,0.3,0.570087712549569,3,1
LC10a_R,DNbe003,R,1,0.2,0.27386127875258304,2,0
LC10a_R,DNp49,R,1,0.0,0.0,0,0
LC10a_R,DNg104,R,1,0.2,0.4472135954999579,1,0
LC10a_R,DNge042,L,1,0.0,0.0,0,0
LC10a_R,DNge048,R,1,0.2,0.8366600265340756,2,2
LC10a_R,DNae003,R,1,1.6,0.6519202405202649,5,0
LC10a_R,DNpe045,R,1,0.0,1.118033988749895,2,2
LC10a_R,DNge027,L,1,-0.3,0.758287544405155,1,2
LC10a_R,DNbe007,R,1,-0.5,0.3535533905932738,0,4
LC10a_R,DNc01,L,1,0.0,0.0,0,0
LC10a_R,DNp102,R,1,0.1,0.5477225575051661,1,1
LC10a_R,DNg60,L,1,-0.2,0.27386127875258304,0,2
LC10a_R,DNp14,L,1,0.0,0.3535533905932738,1,1
LC10a_R,DNa08,R,1,-0.2,0.570087712549569,1,2
LC10a_R,DNpe023,L,1,0.0,0.0,0,0
LC10a_R,DNg31,R,1,0.9,0.9617692030835673,4,0
LC10a_R,DNge141,L,1,0.3,0.4472135954999579,4,1
LC10a_R,DNge048,L,1,0.3,0.8366600265340756,3,2
LC10a_R,DNge026,L,1,0.1,0.22360679774997896,1,0
LC10a_R,CB0429,R,1,0.0,0.3535533905932738,1,1
LC10a_R,DNge101,R,1,-0.1,0.4183300132670378,1,2
LC10a_R,DNp33,L,1,-0.2,0.570087712549569,1,2
LC10a_R,DNge043,L,1,1.3,0.27386127875258304,5,0
LC10a_R,DNpe006,L,1,0.1,0.9617692030835673,2,2
LC10a_R,DNge149,M,1,0.4,0.8944271909999159,3,2
LC10a_R,DNg27,L,1,0.0,0.3535533905932738,1,1
LC10a_R,DNb04,R,1,-0.4,0.7416198487095663,1,3
LC10a_R,DNge065,R,1,0.1,0.4183300132670378,2,1
LC10a_R,DNd03,L,1,0.2,1.1510864433221337,2,2
LC10a_R,DNde005,L,1,0.9,0.9617692030835673,4,1
LC10a_R,DNge043,R,1,0.8,1.1510864433221337,3,1
LC10a_R,DNge132,R,1,0.8,0.758287544405155,4,0
LC10a_R,DNp54,R,1,2.3,0.758287544405155,5,0
LC10a_R,DNp07,R,1,-0.6,0.4183300132670378,0,4
LC10a_R,DNg101,L,1,0.4,0.5477225575051661,4,1
LC10a_R,DNge152,M,1,-0.2,0.570087712549569,1,2
LC10a_R,DNp63,L,1,0.2,0.27386127875258304,2,0
LC10a_R,DNae001,R,1,3.6,0.8944271909999159,5,0
LC10a_R,DNpe021,L,1,0.3,0.8366600265340756,3,2
LC10a_R,DNge049,R,1,-0.1,0.4183300132670378,1,2
LC10a_R,DNpe022,R,1,0.0,0.3535533905932738,1,1
LC10a_R,DNg31,L,1,0.5,0.7905694150420949,3,1
LC10a_R,DNge084,R,1,0.0,0.5,2,2
LC10a_R,DNae007,R,1,-0.9,1.5572411502397436,1,4
LC10a_R,DNp45,L,1,0.6,0.5477225575051661,4,0
LC10a_R,DNpe032,L,1,0.5,0.7905694150420949,3,1
LC10a_R,DNae005,R,1,-0.2,1.1510864433221337,2,3
LC10a_R,DNpe052,R,1,0.1,0.22360679774997896,1,0
LC10a_R,DNpe006,R,1,0.6,1.4747881203752626,2,2
LC10a_R,DNg27,R,1,-0.4,0.4183300132670378,0,3
LC10a_R,DNpe005,L,1,-0.1,0.8944271909999159,1,4
LC10a_R,DNp24,L,1,0.0,0.0,0,0
LC10a_R,DNp68,L,1,-0.3,0.570087712549569,1,3
LC10a_R,DNg26,L,2,0.25,0.7905694150420949,3,2
LC10a_R,DNpe031,R,2,0.05,0.4107919181288746,3,2
LC10a_R,DNd03,R,1,0.0,0.0,0,0
LC10a_R,DNp07,L,1,0.2,0.27386127875258304,2,0
LC10a_R,DNg111,R,1,6.1,0.5477225575051661,5,0
LC10a_R,DNg101,R,1,0.2,0.27386127875258304,2,0
LC10a_R,DNp64,R,1,0.4,0.8944271909999159,4,1
LC10a_R,DNge073,R,1,0.4,1.1937336386313322,3,2
LC10a_R,DNde007,R,1,1.1,0.4183300132670378,5,0
LC10a_R,DNp104,L,1,0.0,0.5,2,2
LC10a_R,DNge142,R,1,0.5,0.8660254037844386,2,0
LC10a_R,DNae010,R,1,1.7,0.27386127875258304,5,0
LC10a_R,DNge041,L,1,-1.0,0.7905694150420949,0,4
LC10a_R,DNa04,L,1,-0.6,0.4183300132670378,0,4
LC10a_R,DNge123,L,1,0.1,0.4183300132670378,2,1
LC10a_R,DNge075,R,1,-0.1,0.6519202405202649,2,2
LC10a_R,DNa05,R,1,0.0,0.3535533905932738,1,1
LC10a_R,DNp102,L,1,0.6,0.22360679774997896,5,0
LC10a_R,<untyped>,L,3,0.033333333333333395,0.545180907793204,2,1
LC10a_R,DNpe050,L,1,0.3,1.036822067666386,3,2
LC10a_R,DNp22,R,1,-0.1,0.22360679774997896,0,1
LC10a_R,DNae003,L,1,-0.1,1.4747881203752626,2,2
LC10a_R,DNge023,R,1,-0.3,0.570087712549569,1,3
LC10a_R,DNge065,L,1,0.5,0.5,3,0
LC10a_R,DNbe005,R,1,0.6,0.9617692030835673,3,1
LC10a_R,DNd04,R,1,0.4,0.4183300132670378,3,0
LC10a_R,DNpe026,L,1,-0.2,0.27386127875258304,0,2
LC10a_R,DNge142,L,1,0.8,1.1510864433221337,2,0
LC10a_R,DNg38,R,1,0.0,0.3535533905932738,1,1
LC10a_R,DNae010,L,1,-1.5,0.3535533905932738,0,5
LC10a_R,DNp57,L,1,0.1,0.22360679774997896,1,0
LC10a_R,DNge053,R,1,0.0,0.0,0,0
LC10a_R,DNge042,R,1,0.0,0.0,0,0
LC10a_R,DNge018,L,1,0.3,0.27386127875258304,3,0
LC10a_R,DNge099,L,1,-0.9,0.9617692030835673,1,4
LC10a_R,DNp101,L,1,0.3,0.4472135954999579,2,0
LC10a_R,DNg91,R,1,0.0,0.6123724356957945,2,1
LC10a_R,DNg38,L,1,-0.2,0.27386127875258304,0,2
LC10a_R,DNge135,R,1,-0.1,0.4183300132670378,1,2
LC10a_R,DNb08,R,2,0.15,0.518411033833193,3,2
LC10a_R,DNp15,L,1,0.2,0.758287544405155,1,1
LC10a_R,DNge136,L,2,0.2,0.4472135954999579,3,2
LC10a_R,DNde006,R,1,0.2,0.570087712549569,2,1
LC10a_R,DNge027,R,1,-0.4,0.8944271909999159,2,3
LC10a_R,DNp38,R,1,0.7,0.6708203932499369,4,1
LC10a_R,DNbe005,L,1,0.2,0.758287544405155,1,1
LC10a_R,DNp58,R,1,0.1,0.6519202405202649,2,2
LC10a_R,"DNg102_a,DNg102_b",L,2,0.2,0.7786205751198718,3,1
LC10a_R,DNg87,L,1,1.6,4.204164601915582,2,3
LC10a_R,DNge044,R,1,0.6,1.3874436925511608,3,1
LC10a_R,DNge099,R,1,-0.6,0.4183300132670378,0,4
LC10a_R,DNpe050,R,1,-0.5,0.7905694150420949,1,3
LC10a_R,DNg84,R,1,1.2,1.4404860290887933,3,0
LC10a_R,DNb08,L,2,0.0,0.46770717334674267,1,2
LC10a_R,DNg68,R,1,-0.3,0.9082951062292475,2,2
LC10a_R,DNg109,R,1,0.4,0.5477225575051661,2,0
LC10a_R,DNpe031,L,2,-0.1,0.3791437722025775,1,3
LC10a_R,DNg48,L,1,-0.8,0.570087712549569,0,4
LC10a_R,DNpe027,R,1,-0.8,0.570087712549569,0,4
LC10a_R,DNg14,R,1,0.3,0.27386127875258304,3,0
LC10a_R,DNg32,L,1,0.8,0.6708203932499369,4,0
LC10a_R,DNbe002,R,2,0.25,0.39528470752104744,3,1
LC10a_R,DNg104,L,1,0.0,0.3535533905932738,1,1
LC10a_R,DNge056,R,1,0.1,0.22360679774997896,1,0
LC10a_R,DNg43,R,1,0.3,0.4472135954999579,4,1
LC10a_R,DNg68,L,1,-0.2,0.4472135954999579,1,3
LC10a_R,DNp22,L,1,0.0,0.3535533905932738,1,1
LC10a_R,DNg59,R,1,1.5,3.0,2,1
LC10a_R,DNp67,L,1,1.3,0.8366600265340756,4,0
LC10a_R,DNpe055,R,1,-0.6,0.4183300132670378,0,4
LC10a_R,DNge080,R,1,-0.1,0.22360679774997896,0,1
LC10a_R,DNge140,R,1,0.0,0.0,0,0
LC10a_R,DNge007,R,1,0.0,0.0,0,0
LC10a_R,DNg84,L,1,3.7,7.164146843832837,4,0
LC10a_R,DNp60,L,1,1.5,0.6123724356957945,5,0
LC10a_R,DNge001,L,1,0.2,1.6046806535881213,2,2
LC10a_R,DNge148,R,1,0.0,0.6123724356957945,1,2
LC10a_R,DNge150,M,1,0.5,0.7905694150420949,3,1
LC10a_R,DNge136,R,2,0.3,0.6224949798994366,3,2
LC10a_R,DNpe055,L,1,-0.7,0.6708203932499369,0,3
LC10a_R,DNge100,L,1,0.0,0.0,0,0
LC10a_R,DNp67,R,1,2.1,0.7416198487095663,5,0
LC10a_R,DNbe002,L,2,0.1,0.518411033833193,3,1
LC10a_R,DNge124,R,1,-1.2,0.758287544405155,0,4
LC10a_R,DNge128,R,1,0.1,0.22360679774997896,1,0
LC10a_R,DNg50,R,1,0.4,0.7416198487095663,3,1
LC10a_R,DNg48,R,1,-0.2,0.8366600265340756,1,2
LC10a_R,DNge056,L,1,-0.2,0.4472135954999579,0,1
LC10a_R,DNg26,R,2,0.2,1.2424773639789177,2,2
LC10a_R,DNge067,R,1,-0.3,0.570087712549569,1,3
LC10a_R,DNge125,R,1,-0.1,0.6519202405202649,2,2
LC10a_R,DNd04,L,1,0.4,0.4183300132670378,3,0
LC10a_R,DNg78,R,1,0.0,0.3535533905932738,1,1
LC10a_R,DNge060,R,1,0.7,1.3509256086106296,3,1
LC10a_R,DNge010,R,1,0.8,0.758287544405155,4,0
LC10a_R,DNge047,L,1,0.7,0.4472135954999579,4,0
LC10a_R,DNge028,R,1,0.0,0.0,0,0
LC10a_R,DNge069,L,1,0.4,1.3416407864998738,3,2
LC10a_R,DNg87,R,1,0.8,1.6046806535881213,2,2
LC10a_R,DNge004,R,1,0.3,0.27386127875258304,3,0
LC10a_R,DNg22,L,1,-1.2,1.1510864433221337,0,4
LC10a_R,DNge122,R,1,1.4,2.355843797877949,4,1
LC10a_R,DNge007,L,1,0.1,0.22360679774997896,1,0
LC10a_R,DNp44,L,1,0.0,0.0,0,0
LC10a_R,DNg56,L,1,0.0,0.5,2,2
LC10a_R,DNge022,R,1,0.2,1.753567791675018,2,2
LC10a_R,DNpe042,R,1,0.4,0.6519202405202649,3,1
LC10a_R,DNg19,L,1,1.2,0.570087712549569,5,0
LC10a_R,DNge125,L,1,0.3,0.570087712549569,3,1
LC10a_R,DNg71,R,1,1.2,1.1510864433221337,4,0
LC10a_R,DNg103,L,1,0.1,0.4183300132670378,2,1
LC10a_R,DNge113,R,3,0.0,0.0,0,0
LC10a_R,DNge123,R,1,2.6,0.9617692030835673,5,0
LC10a_R,DNpe043,R,1,-0.3,0.758287544405155,2,3
LC10a_R,DNb07,R,1,-0.2,0.27386127875258304,0,2
LC10a_R,DNge101,L,1,0.2,0.4472135954999579,1,0
LC10a_R,DNge080,L,1,0.0,0.0,0,0
LC10a_R,DNpe003,R,2,0.55,0.48088460154178364,4,0
LC10a_R,DNp41,L,2,0.2,0.6708203932499369,3,2
LC10a_R,DNb02,L,2,-0.6,0.22360679774997896,0,5
LC10a_R,DNge135,L,1,0.0,0.3535533905932738,1,1
LC10a_R,DNge104,R,1,0.4,1.7818529681205462,1,2
LC10a_R,DNge033,R,1,0.4,1.02469507659596,2,2
LC10a_R,DNae004,R,1,-0.3,0.4472135954999579,1,4
LC10a_R,DNg44,R,1,1.2,0.27386127875258304,5,0
LC10a_R,DNa05,L,1,-0.3,0.4472135954999579,0,2
LC10a_R,DNge002,R,1,-1.0,1.0,0,4
LC10a_R,DNg54,R,1,0.0,0.0,0,0
LC10a_R,DNpe030,L,1,0.2,1.036822067666386,1,2
LC10a_R,DNpe049,R,1,0.0,0.3535533905932738,1,1
LC10a_R,DNge070,L,1,0.1,0.6519202405202649,2,2
LC10a_R,DNg44,L,1,0.9,0.4183300132670378,5,0
LC10a_R,DNge098,L,1,-0.1,0.7416198487095663,1,2
LC10a_R,DNde001,L,1,0.0,0.3535533905932738,1,1
LC10a_R,DNpe020,M,2,1.35,0.22360679774997896,5,0
LC10a_R,DNg54,L,1,0.0,0.0,0,0
LC10a_R,DNge011,R,1,0.0,0.0,0,0
LC10a_R,DNge137,R,2,1.25,1.0,4,0
LC10a_R,DNpe001,R,1,0.2,0.27386127875258304,2,0
LC10a_R,DNg91,L,1,-0.5,0.7071067811865476,1,3
LC10a_R,DNde003,R,2,0.55,0.873212459828649,3,2
LC10a_R,DNge076,L,1,0.8,0.8366600265340756,4,1
LC10a_R,DNge140,L,1,-0.1,0.22360679774997896,0,1
LC10a_R,DNge139,R,1,0.0,0.6123724356957945,2,1
LC10a_R,DNge006,L,1,-0.3,0.6708203932499369,0,1
LC10a_R,DNg95,R,1,0.0,0.6123724356957945,2,1
LC10a_R,DNge086,R,1,-0.1,0.22360679774997896,0,1
LC10a_R,DNge133,L,1,1.2,1.8907670401189036,3,0
LC10a_R,DNge084,L,1,0.3,0.4472135954999579,4,1
LC10a_R,DNp60,R,1,1.2,0.8366600265340756,4,0
LC10a_R,DNge018,R,1,0.0,0.0,0,0
LC10a_R,DNpe030,R,1,0.5,0.8660254037844386,2,0
LC10a_R,DNg105,R,1,0.2,0.4472135954999579,1,0
LC10a_R,DNge088,L,1,0.0,0.0,0,0
LC10a_R,DNge122,L,1,1.3,2.413503677229434,3,1
LC10a_R,DNg85,R,1,-0.1,0.4183300132670378,1,2
LC10a_R,DNge039,L,1,0.4,2.073644135332772,1,2
LC10a_R,DNge028,L,1,0.0,0.0,0,0
LC10a_R,DNg81,R,1,1.9,4.29243520626695,2,2
LC10a_R,DNp53,L,1,0.0,0.0,0,0
LC10a_R,DNg95,L,1,-0.3,0.570087712549569,1,3
LC10a_R,DNg41,R,1,1.6,0.8215838362577492,5,0
LC10a_R,DNp46,R,1,0.0,0.3535533905932738,1,1
LC10a_R,DNpe034,L,1,0.0,0.0,0,0
LC10a_R,"DNp51,DNpe019",L,2,0.05,0.27386127875258304,1,1
LC10a_R,DNp25,R,1,-0.1,0.22360679774997896,0,1
LC10a_R,"DNg52_a,DNg52_b",R,2,0.75,0.5863019699779287,4,0
LC10a_R,DNg86,R,1,-0.1,0.9617692030835673,1,3
LC10a_R,DNge076,R,1,0.1,1.1937336386313322,2,2
LC10a_R,DNge033,L,1,-0.6,0.6519202405202649,1,4
LC10a_R,DNg33,L,1,0.4,1.949358868961793,3,2
LC10a_R,DNg20,R,1,2.4,3.48926926447358,4,0
LC10a_R,DNge022,L,1,0.8,1.7888543819998317,1,0
LC10a_R,DNde001,R,1,-0.2,0.758287544405155,1,3
LC10a_R,DNg86,L,1,0.0,0.3535533905932738,1,1
LC10a_R,DNp40,L,1,-0.1,0.7416198487095663,1,2
LC10a_R,DNa14,R,1,-0.2,0.4472135954999579,0,1
LC10a_R,DNg66,M,1,0.1,0.4183300132670378,2,1
LC10a_R,DNg33,R,1,0.5,1.5811388300841898,3,1
LC10a_R,DNge096,L,1,-0.2,0.570087712549569,1,2
LC10a_R,DNg51,L,2,0.05,0.11180339887498948,1,0
LC10a_R,DNge046,L,2,0.85,0.3791437722025775,5,0
LC10a_R,DNge019,L,7,0.04285714285714311,1.1623340346747424,2,3
LC10a_R,DNge106,R,1,0.3,0.758287544405155,2,1
LC10a_R,DNg51,R,2,0.05,0.11180339887498948,1,0
LC10a_R,DNg17,R,1,-0.8,0.4472135954999579,0,5
LC10a_R,DNa08,L,1,0.2,0.27386127875258304,2,0
LC10a_R,DNae008,R,1,0.3,0.9746794344808964,2,1
LC10a_R,DNge096,R,1,0.1,0.4183300132670378,2,1
LC10a_R,DNg41,L,1,-0.6,1.3874436925511608,1,2
LC10a_R,DNge063,L,1,0.0,0.7905694150420949,2,2
LC10a_R,DNg34,R,1,0.1,0.8215838362577492,1,2
LC10a_R,DNpe049,L,1,-0.2,0.4472135954999579,1,3
LC10a_R,DNbe006,R,1,1.1,0.4183300132670378,5,0
LC10a_R,DNg73,L,1,0.0,1.541103500742244,2,2
LC10a_R,DNg62,L,1,-0.1,0.22360679774997896,0,1
LC10a_R,DNge082,R,1,0.3,0.9082951062292475,2,2
LC10a_R,DNg43,L,1,0.3,0.9082951062292475,2,2
LC10a_R,DNge002,L,1,0.0,0.7071067811865476,1,1
LC10a_R,DNg79,R,2,-0.65,0.2850438562747845,0,5
LC10a_R,DNge038,R,1,0.1,0.6519202405202649,3,1
LC10a_R,DNge008,R,1,0.9,0.8944271909999159,3,0
LC10a_R,DNpe035,L,1,0.6,0.4183300132670378,4,0
LC10a_R,DNge010,L,1,0.6,0.8215838362577492,3,1
LC10a_R,DNge100,R,1,-0.2,0.27386127875258304,0,2
LC10a_R,DNg61,L,1,-1.0,1.3693063937629153,2,3
LC10a_R,DNg97,L,1,1.8,0.570087712549569,5,0
LC10a_R,DNpe026,R,1,-0.2,0.4472135954999579,0,1
LC10a_R,DNge137,L,1,1.0,0.5,5,0
LC10a_R,DNge069,R,1,0.2,0.27386127875258304,2,0
LC10a_R,DNg89,L,1,-0.3,1.0954451150103321,3,2
LC10a_R,DNge139,L,1,0.0,0.3535533905932738,1,1
LC10a_R,DNa14,L,1,-0.4,0.5477225575051661,1,4
LC10a_R,DNge172,R,3,2.8,3.875492800205471,4,1
LC10a_R,DNg106,R,7,0.07142857142857142,0.07142857142857142,3,0
LC10a_R,DNg63,L,1,0.4,0.6519202405202649,3,1
LC10a_R,<untyped>,R,1,0.0,0.3535533905932738,1,1
LC10a_R,DNge131,L,1,-0.4,1.1937336386313322,1,1
LC10a_R,DNp65,R,1,-0.6,0.4183300132670378,0,4
LC10a_R,DNg42,L,1,-0.6,0.8944271909999159,1,3
LC10a_R,"DNg52_a,DNg52_b",L,2,1.0,0.6373774391990981,4,0
LC10a_R,DNpe003,L,2,0.5,0.39528470752104744,4,0
LC10a_R,DNge044,L,1,1.3,3.5637059362410923,2,2
LC10a_R,DNg69,R,1,-0.2,0.570087712549569,1,2
LC10a_R,DNg42,R,1,0.6,0.5477225575051661,3,0
LC10a_R,DNp24,R,1,-0.2,0.4472135954999579,1,3
LC10a_R,DNpe041,R,1,0.0,0.7905694150420949,2,2
LC10a_R,DNg76,R,1,0.0,0.0,0,0
LC10a_R,DNge173,R,1,0.0,0.9354143466934853,2,3
LC10a_R,DNge060,L,1,0.3,0.9746794344808964,2,1
LC10a_R,DNg106,L,9,-0.06666666666666668,0.060858061945018464,0,4
LC10a_R,DNg64,L,1,-0.2,0.9746794344808964,3,2
LC10a_R,DNae004,L,1,-0.6,0.5477225575051661,0,3
LC10a_R,DNge127,R,1,0.0,0.6123724356957945,2,1
LC10a_R,DNge077,L,1,0.2,0.570087712549569,2,1
LC10a_R,DNge133,R,1,0.4,0.8215838362577492,2,1
LC10a_R,DNae006,L,1,0.7,0.4472135954999579,4,0
LC10a_R,DNg73,R,1,0.9,2.987473849257931,3,2
LC10a_R,DNg89,R,1,0.8,1.2549900398011133,3,0
LC10a_R,DNpe040,L,1,0.3,0.570087712549569,3,1
LC10a_R,DNae006,R,1,-0.3,0.9082951062292475,2,2
LC10a_R,DNg05_a,R,1,0.2,0.27386127875258304,2,0
LC10a_R,DNge151,M,1,0.2,0.6708203932499369,3,2
LC10a_R,DNpe028,R,1,-0.2,0.27386127875258304,0,2
LC10a_R,DNge131,R,1,0.1,0.4183300132670378,2,1
LC10a_R,DNpe014,R,2,0.05,0.51234753829798,3,2
LC10a_R,DNp28,R,1,-0.1,0.22360679774997896,0,1
LC10a_R,DNge078,L,1,0.0,0.9354143466934853,1,2
LC10a_R,DNg72,L,2,0.05,0.11180339887498948,1,0
LC10a_R,DNg04,R,2,0.0,0.0,0,0
LC10a_R,DNg11,L,3,-0.2666666666666667,0.5082650227325636,2,3
LC10a_R,DNge121,R,1,0.7,1.6431676725154984,3,1
LC10a_R,DNge111,L,3,-0.13333333333333336,0.24720661623652213,1,3
LC10a_R,DNg63,R,1,0.5,0.7071067811865476,4,1
LC10a_R,"DNp51,DNpe019",R,2,1.15,0.7826237921249264,4,0
LC10a_R,DNge113,L,3,0.0,0.0,0,0
LC10a_R,DNp39,R,1,1.0,0.6123724356957945,5,0
LC10a_R,DNg72,R,2,0.0,0.0,0,0
LC10a_R,DNpe040,R,1,0.8,0.8366600265340756,4,1
LC10a_R,DNge072,R,1,0.1,0.4183300132670378,2,1
LC10a_R,DNge052,R,1,0.0,0.0,0,0
LC10a_R,DNg09,L,4,0.0,0.0,0,0
LC10a_R,DNge052,L,1,0.0,0.0,0,0
LC10a_R,DNge127,L,1,0.2,0.570087712549569,2,1
LC10a_R,DNge121,L,1,1.5,2.9368350311176825,3,1
LC10a_R,DNp40,R,1,0.1,0.8944271909999159,1,1
LC10a_R,DNp41,R,2,0.05,0.6471089552772392,3,1
LC10a_R,DNg50,L,1,1.0,1.224744871391589,3,1
LC10a_R,DNg05_a,L,1,-0.2,0.4472135954999579,1,3
LC10a_R,DNge016,R,1,0.0,0.3535533905932738,1,1
LC10a_R,DNpe004,L,2,-0.05,0.7158910531638176,2,1
LC10a_R,DNg55,M,1,0.0,0.6123724356957945,2,1
LC10a_R,DNg62,R,1,-0.4,1.5968719422671311,2,3
LC10a_R,DNge147,R,1,0.3,0.27386127875258304,3,0
LC10a_R,DNge057,R,1,0.3,0.758287544405155,2,1
LC10a_R,DNg47,R,1,-0.1,0.5477225575051661,1,1
LC10a_R,DNg109,L,1,0.5,0.7905694150420949,3,1
LC10a_R,DNge082,L,1,0.3,0.570087712549569,3,1
LC10a_R,DNge147,L,1,0.0,0.0,0,0
LC10a_R,DNg46,L,1,-0.3,0.6708203932499369,1,2
LC10a_R,DNge097,L,1,0.4,0.5477225575051661,4,1
LC10a_R,DNge057,L,1,-0.4,0.5477225575051661,1,4
LC10a_R,DNg58,R,1,-0.3,0.758287544405155,2,3
LC10a_R,DNpe004,R,2,0.0,0.7288689868556626,2,2
LC10a_R,DNg06_a,R,1,-0.3,0.4472135954999579,0,2
LC10a_R,DNge145,L,2,0.0,0.0,0,0
LC10a_R,DNpe028,L,1,0.2,0.4472135954999579,1,0
LC10a_R,DNge091,R,9,0.04444444444444445,0.10686324478706304,3,1
LC10a_R,DNg11,R,3,-0.03333333333333326,0.711024300256718,2,2
LC10a_R,DNge030,L,1,-0.3,0.4472135954999579,0,2
LC10a_R,DNge012,L,1,0.8,2.797320146139873,2,2
LC10a_R,DNg20,L,1,3.0,5.431390245600108,3,1
LC10a_R,DNge081,L,1,0.3,0.27386127875258304,3,0
LC10a_R,DNge124,L,1,-1.0,0.7071067811865476,0,5
LC10a_R,DNge072,L,1,0.1,0.7416198487095663,2,1
LC10a_R,DNg45,R,1,0.3,0.570087712549569,3,1
LC10a_R,DNge081,R,1,0.0,0.7905694150420949,2,2
LC10a_R,DNg21,R,1,-0.3,0.758287544405155,1,2
LC10a_R,DNp52,R,1,-0.2,0.27386127875258304,0,2
LC10a_R,DNp25,L,1,0.1,0.22360679774997896,1,0
LC10a_R,DNg107,R,1,-0.3,0.8366600265340756,1,3
LC10a_R,DNge058,R,1,0.0,0.0,0,0
LC10a_R,DNpe035,R,1,0.4,0.4183300132670378,3,0
LC10a_R,DNge064,R,1,0.7,0.8366600265340756,4,1
LC10a_R,DNge013,L,1,0.1,0.9617692030835673,2,2
LC10a_R,DNge068,L,1,-0.1,1.3874436925511608,2,3
LC10a_R,DNge029,R,1,0.9,1.51657508881031,2,0
LC10a_R,DNge145,R,2,0.0,0.0,0,0
LC10a_R,DNpe014,L,2,-0.1,0.2850438562747845,1,2
LC10a_R,DNge034,L,1,0.2,1.6046806535881213,2,1
LC10a_R,DNb03,L,2,-0.3,0.8177713616898064,2,3
LC10a_R,DNg21,L,1,-0.2,0.4472135954999579,1,3
LC10a_R,DNpe033,R,1,0.1,0.4183300132670378,2,1
LC10a_R,DNge001,R,2,-0.4,0.8023403267940606,1,2
LC10a_R,DNg01,R,4,-0.275,0.3579455265819088,1,4
LC10a_R,DNge075,L,1,0.6,0.6519202405202649,3,0
LC10a_R,DNge034,R,1,-0.4,0.6519202405202649,1,3
LC10a_R,DNpe012,R,4,-0.1,0.22360679774997896,0,1
LC10a_R,DNpe033,L,1,-0.2,0.4472135954999579,1,3
LC10a_R,DNb03,R,2,0.7,0.9905806378079475,3,1
LC10a_R,DNg94,R,1,0.9,0.8215838362577492,4,0
LC10a_R,DNge019,R,7,0.3857142857142858,2.349337726914128,1,4
LC10a_R,DNge064,L,1,1.2,1.3038404810405297,4,1
LC10a_R,DNg23,L,1,0.0,1.1726039399558574,1,3
LC10a_R,DNge134,R,1,1.5,1.4577379737113252,4,1
LC10a_R,DNg59,L,1,1.8,3.5637059362410923,3,2
LC10a_R,DNge097,R,1,-0.4,0.7416198487095663,1,3
LC10a_R,DNge098,R,1,-0.2,0.570087712549569,1,2
LC10a_R,DNg17,L,1,-0.8,0.758287544405155,0,4
LC10a_R,DNg45,L,1,-0.1,0.5477225575051661,2,3
LC10a_R,DNg82,R,2,0.5,0.25,5,0
LC10a_R,DNa07,R,1,-0.6,0.5477225575051661,0,4
LC10a_R,DNge035,R,1,0.0,0.0,0,0
LC10a_R,DNg82,L,2,-0.8,0.32596012026013244,0,5
LC10a_R,DNpe036,L,1,0.2,0.4472135954999579,3,1
LC10a_R,DNge174,R,1,0.0,0.0,0,0
LC10a_R,DNg02_d,R,1,-0.5,0.3535533905932738,0,4
LC10a_R,DNp65,L,1,0.3,0.4472135954999579,2,0
LC10a_R,DNg58,L,1,0.3,1.2549900398011133,2,1
LC10a_R,DNg12_d,R,2,0.45,2.6890983619049713,1,4
LC10a_R,DNg09,R,4,0.075,0.16770509831248423,1,0
LC10a_R,DNxl114,L,1,0.0,0.0,0,0
LC10a_R,DNge105,L,1,0.0,0.3535533905932738,1,1
LC10a_R,DNde006,L,1,0.3,2.4899799195977463,2,1
LC10a_R,DNp16,R,2,-0.1,0.22360679774997896,1,3
LC10a_R,DNg77,L,1,-0.2,0.4472135954999579,0,1
LC10a_R,DNge174,L,1,0.0,0.0,0,0
LC10a_R,DNg02_f,R,1,-0.2,0.27386127875258304,0,2
LC10a_R,DNge021,R,1,-0.2,0.570087712549569,1,2
LC10a_R,DNg03,R,6,0.3333333333333335,0.34860834438919813,4,0
LC10a_R,DNpe037,R,1,-0.5,0.7905694150420949,1,3
LC10a_R,DNg12_a,R,4,0.05,2.0815408955867287,1,4
LC10a_R,DNge091,L,9,0.04444444444444444,0.19002923751652304,2,3
LC10a_R,DNge029,L,1,0.1,0.7416198487095663,2,1
LC10a_R,DNge144,R,1,0.2,0.4472135954999579,1,0
LC10a_R,DNg12_a,L,4,0.025,1.2099845040330062,3,2
LC10a_R,DNg12_d,L,2,0.15,1.02469507659596,2,3
LC10a_R,DNpe010,R,1,-0.2,0.570087712549569,1,2
LC10a_R,DNpe010,L,1,0.3,0.27386127875258304,3,0
LC10a_R,"DNg08_a,DNg08_b",L,12,-0.1416666666666667,0.18773133876781348,1,4
LC10a_R,DNge110,R,2,0.2,0.54198708471697,3,1
LC10a_R,DNg02_g,L,2,0.05,0.54198708471697,3,2
LC10a_R,DNg110_a,L,3,-0.39999999999999997,0.6078194176270157,1,4
LC10a_R,DNa07,L,1,-0.7,0.758287544405155,1,4
LC10a_R,DNge110,L,2,-0.4,0.4873397172404482,0,4
LC10a_R,DNge020,L,4,-0.05,0.48088460154178364,3,2
LC10a_R,DNg12_e,R,3,-0.6666666666666667,0.67700320038633,1,4
LC10a_R,DNg36_a,R,2,-0.25,0.7905694150420949,2,2
LC10a_R,DNg06_a,L,1,0.1,0.7416198487095663,2,1
LC10a_R,DNg02_g,R,2,-0.1,0.3791437722025775,2,2
LC10a_R,DNg57,L,1,1.3,1.4404860290887933,4,1
LC10a_R,DNge021,L,1,0.0,0.3535533905932738,1,1
LC10a_R,DNp16,L,2,0.05,0.48088460154178364,3,1
LC10a_R,DNpe053,R,1,-0.1,0.4183300132670378,1,2
LC10a_R,DNg12_c,R,2,0.65,2.8809720581775866,1,3
LC10a_R,"DNg08_a,DNg08_b",R,11,0.2181818181818181,0.31062453751399804,3,2
LC10a_R,DNg57,R,1,0.3,0.9082951062292475,2,2
LC10a_R,DNpe009,L,5,-0.040000000000000015,0.43358966777357605,2,3
LC10a_R,DNg02_b,L,3,-0.7333333333333333,0.7226494462892933,1,4
LC10a_R,DNge025,R,1,0.0,0.3535533905932738,1,1
LC10a_R,"DNg06_b,DNg06_c",R,3,0.3666666666666666,0.49159604012508745,4,1
LC10a_R,DNg02_f,L,1,0.2,0.4472135954999579,1,0
LC10a_R,DNp17,L,6,0.25,0.17677669529663687,4,0
LC10a_R,DNp72,R,1,0.6,0.8944271909999159,3,1
LC10a_R,DNg02_a,L,5,0.020000000000000018,0.2489979919597746,2,2
LC10a_R,DNg107,L,1,0.3,1.2549900398011133,1,2
LC10a_R,DNge020,R,4,-0.125,1.015504800579495,1,4
LC10a_R,DNge111,R,3,0.5666666666666667,0.25276251480171824,5,0
LC10a_R,DNxl114,R,1,0.0,0.0,0,0
LC10a_R,DNg12_c,L,3,0.23333333333333311,1.4171567779654208,2,3
LC10a_R,DNg12_b,R,8,0.475,1.8009329179622433,2,3
LC10a_R,DNg83,L,1,0.4,2.103568396796263,1,2
LC10a_R,DNg12_b,L,8,-0.1125,1.1886507582128572,1,4
LC10a_R,DNg12_e,L,3,-0.09999999999999991,1.5749779539903266,1,3
LC10a_R,DNge008,L,1,0.8,0.758287544405155,4,0
LC10a_R,DNg02_a,R,5,0.29999999999999993,0.5147815070493501,3,2
LC10a_R,DNge095,R,2,0.25,0.5,3,1
LC10a_R,DNge087,L,2,0.15,0.13693063937629152,3,0
LC10a_R,DNg67,R,1,0.3,0.9082951062292475,2,2
LC10a_R,"DNg06_b,DNg06_c",L,3,-0.6333333333333333,0.32058973436118904,0,5
LC10a_R,DNge087,R,2,0.05,0.11180339887498948,1,0
LC10a_R,DNge093,L,2,-0.1,0.13693063937629152,0,2
LC10a_R,DNge015,R,3,0.2000000000000001,0.9309493362512627,2,2
LC10a_R,DNge120,L,1,-0.2,0.758287544405155,1,1
LC10a_R,DNge095,L,1,-0.4,0.4183300132670378,0,3
LC10a_R,DNge090,L,2,0.3,0.32596012026013244,3,0
LC10a_R,DNge014,L,1,0.0,0.3535533905932738,1,1
LC10a_R,DNg36_a,L,2,1.15,1.5968719422671311,3,2
LC10a_R,DNge109,R,1,-0.7,0.4472135954999579,0,4
LC10a_R,DNge090,R,2,-0.05,0.32596012026013244,2,2
LC10a_R,DNg53,L,1,-0.2,1.036822067666386,1,3
LC10a_R,DNge025,L,2,0.0,0.7905694150420949,2,2
LC10a_R,DNge117,R,2,-0.1,0.4183300132670378,2,2
LC10a_R,DNp72,L,1,1.4,0.5477225575051661,5,0
LC10a_R,DNpe012,L,4,-0.025,0.05590169943749474,0,1
LC10a_R,DNge115,R,4,0.025,0.5108204185425638,4,1
LC10a_R,DNg92_b,L,2,0.9,0.45414755311462374,5,0
LC10a_R,DNge092,L,2,0.1,0.33541019662496846,3,2
LC10a_R,DNg02_d,L,1,-0.3,0.4472135954999579,0,2
LC10a_R,DNg07,R,8,0.3625,0.48088460154178364,4,1
LC10a_R,DNg07,L,8,-0.0625,0.397747564417433,3,2
LC10a_R,DNge092,R,2,0.2,0.6937218462755804,2,2
LC10a_R,DNp17,R,6,0.2833333333333334,0.2738612787525831,4,1
LC10a_R,DNge058,L,1,-0.1,0.22360679774997896,0,1
LC10a_R,DNge038,L,1,0.1,0.4183300132670378,2,1
LC10a_R,"DNge108,DNge118",L,3,0.0,0.2635231383473649,2,2
LC10a_R,DNge074,L,1,-0.2,0.27386127875258304,0,2
LC10a_R,DNg02_b,R,2,0.25,0.6614378277661477,2,1
LC10a_R,DNge115,L,4,0.0,0.5229125165837972,1,3
LC10a_R,DNp58,L,1,0.0,0.0,0,0
LC10a_R,DNge094,R,7,-0.08571428571428572,0.0931314629314664,0,3
LC10a_R,DNge094,L,6,0.23333333333333336,0.3405469456950425,4,1
LC10a_R,DNge017,L,1,-1.0,0.3535533905932738,0,5
LC10a_R,DNge015,L,2,-0.1,0.6020797289396148,2,3
LC10a_R,DNge017,R,1,0.5,0.6123724356957945,4,1
LC10a_R,DNge093,R,2,0.0,0.25,2,2
LC10a_R,DNge116,L,2,-0.35,0.22360679774997896,0,4
LC10a_R,DNge153,R,1,-0.3,0.758287544405155,1,2
LC10a_R,DNg01,L,5,-0.9199999999999999,0.3701351104664349,0,5
LC10a_R,DNg94,L,1,-0.4,0.22360679774997896,0,4
LC10a_R,DNge116,R,2,-0.3,0.2091650066335189,0,4
LC10a_R,DNge023,L,1,-0.7,0.9082951062292475,1,3
LC10a_R,DNge085,L,4,0.075,0.4107919181288746,2,3
LC10a_R,"DNge108,DNge118",R,2,0.65,0.3791437722025775,5,0
LC10a_R,DNge153,L,1,-0.1,1.746424919657298,2,1
LC10a_R,DNg05_b,R,3,0.26666666666666666,0.48016200969626455,2,1
LC10a_R,DNpe015,R,5,-0.15999999999999986,0.6767569726275454,1,4
LC10a_R,DNg36_b,L,2,0.4,0.5755432216610669,2,0
LC10a_R,DNge134,L,1,0.8,1.9235384061671346,2,1
LC10a_R,DNge117,L,2,-0.2,0.4107919181288746,1,4
LC10a_R,DNpe054,R,4,-0.1,0.7037844130129624,2,3
LC10a_R,DNge024,R,3,0.033333333333333305,0.6912147117775908,2,2
LC10a_R,DNge114,L,4,1.85,0.9031195934094222,5,0
LC10a_R,DNg18_b,L,3,0.09999999999999998,0.7416198487095663,2,2
LC10a_R,DNge009,L,2,0.1,0.3791437722025775,1,1
LC10a_R,DNpe015,L,6,0.9333333333333332,0.7031674369909661,5,0
LC10a_R,DNpe008,R,9,0.05555555555555554,0.1469861839480328,2,1
LC10a_R,DNg36_b,R,3,-0.7666666666666667,0.22360679774997913,0,5
LC10a_R,DNg05_b,L,3,-0.6666666666666666,0.485912657903775,0,5
LC10a_R,DNp69,L,1,0.2,0.570087712549569,2,1
LC10a_R,DNge089,L,3,-0.033333333333333326,0.660387091871965,2,3
LC10a_R,DNpe024,L,1,0.0,0.0,0,0
LC10a_R,DNg83,R,1,0.7,1.4832396974191326,3,1
LC10a_R,DNge085,R,4,-0.075,0.48894018039019865,2,3
LC10a_R,DNge114,R,2,-0.55,0.6224949798994366,1,4
LC10a_R,DNge089,R,3,0.16666666666666669,0.5270462766947299,3,1
LC10a_R,DNge102,R,2,-0.35,0.6754628043053148,1,3
LC10a_R,DNge071,L,8,-0.025,0.4159890323073434,4,1
LC10a_R,"DNge154,DNge156",R,1,0.6,0.22360679774997896,5,0
LC10a_R,DNpe054,L,4,1.1,0.6812213296719356,5,0
LC10a_R,DNg53,R,1,0.3,2.4647515087732477,2,3
LC10a_R,DNge009,R,2,0.05,0.27386127875258304,1,1
LC10a_R,DNpe008,L,9,0.41111111111111115,0.1337954953199144,5,0
LC10a_R,DNg110_b,R,3,0.43333333333333335,0.6519202405202649,3,1
LC10a_R,DNg18_b,R,3,-0.033333333333333284,0.380058475033046,2,2
LC10a_R,DNge078,R,1,1.0,3.1024184114977142,1,2
LC10a_R,DNge071,R,8,0.0625,0.4419417382415922,3,2
LC10a_R,DNpe009,R,5,0.2999999999999999,0.5,4,1
LC10a_R,DNpe041,L,1,0.5,0.7905694150420949,3,1
LC10a_R,DNge024,L,4,0.325,0.4293891009329417,4,1
LC10a_R,DNge109,L,1,2.7,1.3509256086106296,5,0
LC10a_R,DNpe029,R,2,0.2,1.036822067666386,3,1
LC10a_R,DNge126,L,1,0.8,0.758287544405155,3,0
LC10a_R,DNg03,L,6,0.23333333333333336,0.10865337342004412,5,0
LC10a_R,DNpe029,L,2,0.6,2.0886598574205424,2,2
LC10a_R,DNge126,R,1,-0.1,0.5477225575051661,2,3
LC10a_R,DNge119,L,1,0.0,0.0,0,0
LC10a_R,DNg110_a,R,3,0.3666666666666667,0.5190803834132479,3,1
LC10a_R,DNg10,L,6,0.16666666666666666,0.4894725051862805,4,1
LC10a_R,DNg10,R,6,0.1166666666666667,0.36609804394147993,2,2
LC10a_R,DNg92_b,R,2,1.35,0.8587782018658834,4,0
LC10a_R,DNg18_a,L,2,-0.35,0.4183300132670378,0,3
LC10a_R,DNpe036,R,1,0.4,0.6519202405202649,3,1
LC10a_R,DNpe011,R,2,-0.05,0.2091650066335189,1,2
LC10a_R,DNg18_a,R,1,0.7,0.570087712549569,4,0
LC10a_R,DNge045,L,1,0.2,1.2549900398011133,4,1
LC10a_R,DNpe011,L,2,0.05,0.11180339887498948,1,0
LC10a_R,DNg39,L,1,0.4,0.6519202405202649,2,0
LC10a_R,DNd02,R,1,-0.1,0.6519202405202649,2,2
LC10a_R,DNg47,L,1,0.0,0.0,0,0
LC10a_R,DNge013,R,1,-0.2,0.9082951062292475,1,2
LC10a_R,DNpe018,L,2,-0.45,0.37080992435478316,0,4
LC10a_R,DNg110_b,L,3,-0.06666666666666668,0.190029237516523,1,2
LC10a_R,DNge046,R,2,0.55,0.9082951062292475,3,1
LC10a_R,DNge083,L,1,0.0,0.3535533905932738,1,1
LC10a_R,DNpe018,R,1,0.1,0.22360679774997896,1,0
LC10a_R,DNg65,L,1,0.5,0.6123724356957945,3,0
LC10a_R,DNge074,R,1,0.1,0.22360679774997896,1,0
LC10a_R,DNge102,L,2,-0.2,0.32596012026013244,1,3
LC10a_R,DNg02_e,L,1,-0.1,0.22360679774997896,0,1
LC10a_R,DNge144,L,1,0.2,0.6708203932499369,3,2
LC10a_R,DNg92_a,L,1,0.2,0.9746794344808964,3,2
LC10a_R,DNg60,R,1,-0.1,1.140175425099138,2,2
LC10a_R,DNg92_a,R,1,0.3,0.4472135954999579,2,0
LC10a_R,DNge130,L,1,0.0,0.0,0,0
LC10a_R,"DNge061,DNge066",L,2,0.1,0.13693063937629152,2,0
LC10a_R,DNg02_c,R,2,0.25,0.1767766952966369,4,0
LC10a_R,"DNge061,DNge066",R,2,0.05,0.11180339887498948,1,0
LC10a_R,DNg97,R,1,-0.1,0.5477225575051661,1,1
LC10a_R,DNg04,L,2,-0.15,0.13693063937629152,0,3
LC10a_R,DNge050,R,1,-0.3,0.4472135954999579,0,2
LC10a_R,DNge173,L,1,-0.1,0.22360679774997896,0,1
LC10a_R,DNg02_c,L,2,-0.55,0.6224949798994366,0,3
LC10a_R,DNpe048,R,1,0.4,0.5477225575051661,4,1
LC10a_R,DNp42,R,1,-0.1,0.6519202405202649,1,3
LC10a_R,DNg13,R,1,2.7,0.570087712549569,5,0
LC10a_R,DNae001,L,1,0.4,0.6519202405202649,3,1
LC10a_R,DNc01,R,1,0.1,0.4183300132670378,2,1
LC10a_R,DNge055,L,1,0.0,0.0,0,0
LC10a_R,DNge016,L,1,0.2,0.27386127875258304,2,0
LC10a_R,DNge105,R,1,0.2,1.4404860290887933,3,2
LC10a_R,DNd05,R,1,0.5,0.6123724356957945,4,1
LC10a_R,DNg15,R,1,1.8,2.7064737205448717,3,0
LC10a_R,DNge086,L,1,0.0,0.3535533905932738,1,1
LC10a_R,DNp44,R,1,0.0,0.0,0,0
LC10a_R,DNpe039,R,1,-0.1,0.22360679774997896,0,1
LC10a_R,DNa09,L,1,0.2,0.570087712549569,2,1
LC10a_R,DNge003,R,1,0.0,0.0,0,0
LC10a_R,DNge032,R,1,0.0,0.9354143466934853,1,2
LC10a_R,DNg61,R,1,-0.7,0.4472135954999579,0,4
LC10a_R,DNg49,R,1,-0.1,0.4183300132670378,1,2
LC10a_R,DNpe027,L,1,-0.4,0.22360679774997896,0,4
LC10a_R,DNp26,R,1,0.2,0.758287544405155,3,1
LC10a_R,DNg76,L,1,0.2,0.27386127875258304,2,0
LC10a_R,DNg67,L,1,0.0,0.7071067811865476,2,3
LC10a_R,DNg02_e,R,1,-0.1,0.7416198487095663,1,2
LC10a_R,DNg64,R,1,0.3,1.2549900398011133,3,2
LC10a_R,DNde007,L,1,1.3,0.6708203932499369,5,0
LC10a_R,DNg81,L,1,0.9,1.710263137648707,2,2
LC10a_R,DNg23,R,1,0.0,0.7905694150420949,2,2
LC10a_R,DNge030,R,1,0.0,0.3535533905932738,1,1
LC10a_R,DNg77,R,1,0.4,0.4183300132670378,3,0
LC10a_R,DNp08,L,1,-0.1,0.22360679774997896,0,1
LC10a_R,DNpe007,R,1,0.1,0.4183300132670378,2,1
LC10a_R,DNg85,L,1,0.0,0.0,0,0
LC10a_R,DNae005,L,1,0.4,0.4183300132670378,3,0
LC10a_R,DNp28,L,1,-0.1,0.5477225575051661,1,1
LC10a_R,DNge120,R,1,0.4,0.5477225575051661,4,1
LC10a_R,DNp34,R,1,-0.4,0.6519202405202649,1,3
LC10a_R,DNa16,L,1,-0.4,0.22360679774997896,0,4
LC10a_R,DNg24,R,1,-0.1,0.6519202405202649,2,2
LC10a_R,DNa03,L,1,-0.1,0.22360679774997896,0,1
LC10a_R,DNp71,L,1,0.1,0.5477225575051661,1,1
LC10a_R,DNge119,R,1,0.1,0.4183300132670378,2,1
LC10a_R,DNge062,L,1,0.0,0.3535533905932738,1,1
LC10a_R,DNa06,L,1,-0.2,0.27386127875258304,0,2
LC10a_R,DNge148,L,1,-0.2,0.758287544405155,1,1
LC10a_R,DNg75,R,1,0.3,0.4472135954999579,2,0
LC10a_R,DNpe016,R,1,0.1,0.6519202405202649,2,2
LC10a_R,DNp46,L,1,-0.2,0.570087712549569,1,2
LC10a_R,DNb04,L,1,-0.2,0.570087712549569,1,2
LC10a_R,DNae007,L,1,-0.9,0.4183300132670378,0,5
LC10a_R,DNp56,R,1,0.1,0.4183300132670378,2,1
LC10a_R,DNae002,R,1,6.2,0.570087712549569,5,0
LC10a_R,DNge130,R,1,0.0,0.0,0,0
LC10a_R,DNp104,R,1,0.4,0.8215838362577492,3,2
LC10a_R,DNpe024,R,1,0.1,0.4183300132670378,2,1
LC10a_R,DNge063,R,1,-0.3,0.758287544405155,1,2
LC10a_R,DNpe023,R,1,0.1,0.22360679774997896,1,0
LC10a_R,DNpe048,L,1,0.3,0.570087712549569,3,1
LC10a_R,DNpe037,L,1,-0.3,0.570087712549569,1,3
LC10a_R,DNp56,L,1,-0.4,0.4183300132670378,0,3
LC10a_R,DNp47,L,1,0.2,0.570087712549569,2,1
LC10a_R,DNp53,R,1,0.0,0.0,0,0
LC10a_R,DNge055,R,1,-0.1,0.22360679774997896,0,1
LC10a_R,DNa10,L,1,-0.2,0.570087712549569,1,2
LC10a_R,DNae008,L,1,-0.4,0.6519202405202649,1,3
LC10a_R,DNge051,L,1,-0.3,0.4472135954999579,1,4
LC10a_R,DNa02,L,1,-0.6,0.8215838362577492,1,3
LC10a_R,pIP10,L,1,0.2,0.570087712549569,2,1
LC10a_R,DNp05,L,1,0.8,0.570087712549569,4,0
LC10a_R,DNge012,R,1,0.5,1.0606601717798212,3,1
LC10a_R,DNg14,L,1,0.3,0.758287544405155,2,1
LC10a_R,DNa06,R,1,0.3,0.27386127875258304,3,0
LC10a_R,DNg65,R,1,0.2,0.4472135954999579,3,1
LC10a_R,DNbe001,R,1,0.6,0.9617692030835673,4,1
LC10a_R,DNp32,R,1,0.5,0.5,3,0
LC10a_R,DNge128,L,1,0.0,0.0,0,0
LC10a_R,DNg74_b,R,1,0.0,0.5,2,2
LC10a_R,DNa13,L,2,-0.05,0.11180339887498948,0,1
LC10a_R,DNp39,L,1,1.9,0.22360679774997896,5,0
LC10a_R,DNge073,L,1,0.6,0.7416198487095663,4,1
LC10a_R,DNpe022,L,1,-0.1,0.7416198487095663,1,2
LC10a_R,DNp04,L,1,-0.2,0.570087712549569,1,2
LC10a_R,DNp23,R,1,0.4,0.4183300132670378,3,0
LC10a_R,DNge014,R,1,-0.1,0.5477225575051661,2,3
LC10a_R,DNp27,L,1,0.2,0.9746794344808964,3,2
LC10a_R,DNge004,L,1,0.0,0.0,0,0
LC10a_R,"DNge154,DNge156",L,1,-0.4,0.6519202405202649,1,3
LC10a_R,DNg69,L,1,0.1,0.6519202405202649,2,2
LC10a_R,DNge146,L,1,0.2,0.4472135954999579,3,1
LC10a_R,DNge079,R,1,0.2,0.570087712549569,2,1
LC10a_R,DNae009,L,1,-0.2,0.570087712549569,1,2
LC10a_R,DNg29,R,1,0.0,0.0,0,0
LC10a_R,DNge172,L,1,3.5,3.6742346141747673,4,0
LC10a_R,DNge077,R,1,-0.3,0.570087712549569,1,3
LC10a_R,DNpe017,R,1,-0.4,0.8215838362577492,1,4
LC10a_R,DNp32,L,1,-0.1,0.6519202405202649,2,2
LC10a_R,DNge104,L,1,0.2,0.4472135954999579,3,1
LC10a_R,DNge045,R,1,0.5,1.8371173070873836,2,3
LC10a_R,DNp19,R,1,0.2,0.570087712549569,2,1
LC10a_R,DNge070,R,1,-0.1,0.7416198487095663,1,2
LC10a_R,DNpe021,R,1,0.1,0.7416198487095663,2,1
LC10a_R,DNg71,L,1,-1.0,0.9354143466934853,0,4
LC10a_R,DNge079,L,1,0.3,0.27386127875258304,3,0
LC10a_R,DNp12,R,1,-0.1,0.8215838362577492,2,1
LC10a_R,DNpe002,R,1,0.1,0.4183300132670378,2,1
LC10a_R,DNge088,R,1,-0.2,0.570087712549569,1,2
LC10a_R,DNpe032,R,1,0.0,0.7905694150420949,2,2
LC10a_R,DNpe016,L,1,-0.4,1.02469507659596,2,3
LC10a_R,DNp57,R,1,-1.1,0.4183300132670378,0,5
LC10a_R,DNg46,R,1,-0.4,0.9617692030835673,1,3
LC10a_R,DNpe005,R,1,-0.3,0.4472135954999579,0,2
LC10a_R,DNp64,L,1,0.2,0.8366600265340756,2,2
LC10a_R,DNge106,L,1,0.5,0.7905694150420949,3,1
LC10a_R,DNpe039,L,1,0.0,0.5,2,2
LPLC1_BOTH,DNp01,R,1,0.1,0.22360679774997896,1,0
LPLC1_BOTH,DNp01,L,1,0.0,0.0,0,0
LPLC1_BOTH,DNp18,R,1,-0.7,0.4472135954999579,0,4
LPLC1_BOTH,pIP1,L,1,0.0,0.0,0,0
LPLC1_BOTH,DNg56,R,1,-0.8,0.27386127875258304,0,5
LPLC1_BOTH,pIP1,R,1,0.0,0.0,0,0
LPLC1_BOTH,DNg100,L,1,-0.1,0.22360679774997896,0,1
LPLC1_BOTH,DNp18,L,1,-0.6,0.5477225575051661,0,4
LPLC1_BOTH,DNpe013,R,1,0.0,0.7905694150420949,2,2
LPLC1_BOTH,DNg100,R,1,0.0,0.0,0,0
LPLC1_BOTH,DNp20,R,1,0.5,0.3535533905932738,4,0
LPLC1_BOTH,DNp27,R,1,1.5,0.9354143466934853,5,0
LPLC1_BOTH,DNb05,R,1,0.0,0.0,0,0
LPLC1_BOTH,DNp30,R,1,0.2,0.27386127875258304,2,0
LPLC1_BOTH,aSP22,L,1,-0.4,0.9617692030835673,1,3
LPLC1_BOTH,DNpe042,L,1,0.5,0.7071067811865476,2,0
LPLC1_BOTH,aSP22,R,1,-0.3,0.27386127875258304,0,3
LPLC1_BOTH,DNp11,R,1,8.6,0.22360679774997896,5,0
LPLC1_BOTH,DNp02,R,1,1.5,0.9354143466934853,5,0
LPLC1_BOTH,DNb05,L,1,-0.7,0.758287544405155,1,4
LPLC1_BOTH,DNg30,L,1,0.4,0.5477225575051661,2,0
LPLC1_BOTH,DNg105,L,1,0.5,0.6123724356957945,3,0
LPLC1_BOTH,DNg74_a,R,1,1.1,0.6519202405202649,5,0
LPLC1_BOTH,DNge031,L,1,-0.1,1.140175425099138,2,2
LPLC1_BOTH,DNg15,L,1,0.0,1.695582495781317,2,2
LPLC1_BOTH,DNp30,L,1,0.5,0.5,3,0
LPLC1_BOTH,DNge103,R,1,0.0,0.5,2,2
LPLC1_BOTH,DNg90,L,1,-0.5,0.3535533905932738,0,4
LPLC1_BOTH,DNp20,L,1,-0.4,0.8944271909999159,1,3
LPLC1_BOTH,DNge036,L,1,0.0,0.0,0,0
LPLC1_BOTH,DNg16,L,1,-0.4,0.6519202405202649,0,2
LPLC1_BOTH,DNg75,L,1,-0.1,0.22360679774997896,0,1
LPLC1_BOTH,DNp29,R,1,1.0,0.8660254037844386,4,1
LPLC1_BOTH,DNp02,L,1,0.5,0.5,3,0
LPLC1_BOTH,DNge083,R,1,0.3,1.1510864433221337,3,1
LPLC1_BOTH,DNge037,R,1,-0.3,1.036822067666386,2,2
LPLC1_BOTH,DNg35,R,1,0.3,1.2549900398011133,2,1
LPLC1_BOTH,DNge037,L,1,-0.1,0.6519202405202649,2,2
LPLC1_BOTH,DNpe056,L,1,-0.3,0.758287544405155,1,2
LPLC1_BOTH,DNp06,L,1,13.8,0.758287544405155,5,0
LPLC1_BOTH,DNp35,L,1,15.4,0.4183300132670378,5,0
LPLC1_BOTH,DNg99,R,1,0.2,0.570087712549569,2,1
LPLC1_BOTH,DNg30,R,1,-0.6,0.6519202405202649,0,3
LPLC1_BOTH,DNp55,L,1,0.4,0.4183300132670378,3,0
LPLC1_BOTH,DNp36,R,1,-0.4,0.8215838362577492,1,4
LPLC1_BOTH,DNg74_a,L,1,1.0,0.6123724356957945,5,0
LPLC1_BOTH,DNp31,L,1,1.0,0.5,5,0
LPLC1_BOTH,DNp11,L,1,8.7,0.4472135954999579,5,0
LPLC1_BOTH,DNp31,R,1,1.1,0.4183300132670378,5,0
LPLC1_BOTH,DNg108,L,1,0.9,0.22360679774997896,5,0
LPLC1_BOTH,DNp47,R,1,-0.7,0.570087712549569,0,4
LPLC1_BOTH,DNg108,R,1,1.3,0.6708203932499369,5,0
LPLC1_BOTH,DNp103,R,1,5.4,0.4183300132670378,5,0
LPLC1_BOTH,DNpe053,L,1,1.5,0.6123724356957945,5,0
LPLC1_BOTH,DNg34,L,1,0.4,0.7416198487095663,3,1
LPLC1_BOTH,DNge054,R,1,0.2,1.4832396974191326,3,2
LPLC1_BOTH,DNge050,L,1,-0.7,0.8366600265340756,0,3
LPLC1_BOTH,DNge041,R,1,-0.2,0.27386127875258304,0,2
LPLC1_BOTH,DNge031,R,1,-0.5,0.7071067811865476,1,4
LPLC1_BOTH,DNg22,R,1,-0.6,0.22360679774997896,0,5
LPLC1_BOTH,DNp19,L,1,0.0,0.5,2,2
LPLC1_BOTH,DNc02,R,1,0.0,0.0,0,0
LPLC1_BOTH,DNp73,R,1,0.0,0.0,0,0
LPLC1_BOTH,DNa02,R,1,0.1,0.22360679774997896,1,0
LPLC1_BOTH,DNg40,L,1,0.4,0.4183300132670378,3,0
LPLC1_BOTH,DNp59,R,1,-1.1,0.6519202405202649,0,5
LPLC1_BOTH,DNge054,L,1,1.3,3.3090784215548594,2,1
LPLC1_BOTH,DNa10,R,1,-1.0,0.6123724356957945,0,4
LPLC1_BOTH,DNp63,R,1,-0.1,0.22360679774997896,0,1
LPLC1_BOTH,DNp13,R,1,-0.4,0.8944271909999159,1,3
LPLC1_BOTH,DNg98,L,1,1.1,0.7416198487095663,4,0
LPLC1_BOTH,DNb09,R,1,0.6,0.9617692030835673,3,1
LPLC1_BOTH,DNde002,L,1,0.1,0.22360679774997896,1,0
LPLC1_BOTH,DNp103,L,1,4.3,0.27386127875258304,5,0
LPLC1_BOTH,DNp10,L,1,-0.7,0.758287544405155,0,3
LPLC1_BOTH,DNp10,R,1,0.1,0.5477225575051661,1,1
LPLC1_BOTH,DNg16,R,1,-0.1,0.22360679774997896,0,1
LPLC1_BOTH,DNa01,L,1,0.6,0.4183300132670378,4,0
LPLC1_BOTH,DNge035,L,1,0.0,0.6123724356957945,2,1
LPLC1_BOTH,DNp73,L,1,-0.1,0.22360679774997896,0,1
LPLC1_BOTH,DNge138,M,2,1.0,0.1767766952966369,5,0
LPLC1_BOTH,DNpe025,L,1,0.0,0.3535533905932738,1,1
LPLC1_BOTH,DNp13,L,1,-0.5,0.5,0,3
LPLC1_BOTH,DNa09,R,1,4.3,0.6708203932499369,5,0
LPLC1_BOTH,DNp08,R,1,0.7,0.27386127875258304,5,0
LPLC1_BOTH,DNbe001,L,1,-0.4,0.4183300132670378,0,3
LPLC1_BOTH,DNg35,L,1,1.9,4.083503397819084,3,2
LPLC1_BOTH,DNge039,R,1,-0.2,1.1510864433221337,1,2
LPLC1_BOTH,DNp62,R,1,0.2,0.570087712549569,2,1
LPLC1_BOTH,DNg37,R,1,0.0,0.0,0,0
LPLC1_BOTH,DNg74_b,L,1,0.7,0.4472135954999579,4,0
LPLC1_BOTH,DNpe017,L,1,-0.8,0.758287544405155,0,3
LPLC1_BOTH,DNg37,L,1,0.0,0.0,0,0
LPLC1_BOTH,DNg29,L,1,0.0,0.0,0,0
LPLC1_BOTH,DNa16,R,1,0.0,0.7071067811865476,1,1
LPLC1_BOTH,DNg88,R,1,0.3,0.4472135954999579,2,0
LPLC1_BOTH,DNg80,R,1,-0.1,0.6519202405202649,1,3
LPLC1_BOTH,DNp29,L,1,0.6,0.4183300132670378,4,0
LPLC1_BOTH,DNp35,R,1,10.9,0.4183300132670378,5,0
LPLC1_BOTH,DNp26,L,1,1.1,0.4183300132670378,5,0
LPLC1_BOTH,DNde002,R,1,0.0,0.0,0,0
LPLC1_BOTH,DNg96,R,1,0.0,0.0,0,0
LPLC1_BOTH,DNpe034,R,1,-0.2,0.27386127875258304,0,2
LPLC1_BOTH,DNp70,L,1,0.7,0.570087712549569,4,0
LPLC1_BOTH,DNge040,L,1,1.6,0.6519202405202649,5,0
LPLC1_BOTH,DNp06,R,1,10.4,0.6519202405202649,5,0
LPLC1_BOTH,DNge011,L,1,1.0,2.1505813167606567,3,2
LPLC1_BOTH,DNp43,L,1,-0.1,0.8215838362577492,2,3
LPLC1_BOTH,DNpe052,L,1,-1.3,0.6708203932499369,0,5
LPLC1_BOTH,DNpe025,R,1,0.1,0.22360679774997896,1,0
LPLC1_BOTH,DNge059,R,1,0.0,0.0,0,0
LPLC1_BOTH,DNp38,L,1,1.3,0.27386127875258304,5,0
LPLC1_BOTH,DNb01,L,1,2.1,0.4183300132670378,5,0
LPLC1_BOTH,DNge003,L,1,0.0,0.0,0,0
LPLC1_BOTH,DNp33,R,1,0.8,0.8366600265340756,4,1
LPLC1_BOTH,DNge006,R,1,-0.1,0.4183300132670378,1,2
LPLC1_BOTH,DNae009,R,1,0.7,0.758287544405155,4,1
LPLC1_BOTH,DNp59,L,1,-0.3,0.9746794344808964,1,2
LPLC1_BOTH,DNg49,L,1,0.9,0.5477225575051661,4,0
LPLC1_BOTH,DNp48,L,1,-0.1,0.22360679774997896,0,1
LPLC1_BOTH,DNge132,L,1,2.2,6.987488819311269,1,2
LPLC1_BOTH,DNpe001,L,1,0.0,0.5,2,2
LPLC1_BOTH,DNge036,R,1,0.0,0.0,0,0
LPLC1_BOTH,DNc02,L,1,0.1,0.4183300132670378,2,1
LPLC1_BOTH,"DNg102_a,DNg102_b",R,2,-0.05,0.4107919181288746,2,1
LPLC1_BOTH,DNb07,L,1,4.7,0.4472135954999579,5,0
LPLC1_BOTH,DNp36,L,1,0.1,0.4183300132670378,2,1
LPLC1_BOTH,DNp42,L,1,-0.4,0.4183300132670378,0,3
LPLC1_BOTH,DNg93,R,1,0.1,0.22360679774997896,1,0
LPLC1_BOTH,DNp62,L,1,0.7,0.4472135954999579,5,0
LPLC1_BOTH,DNpe002,L,1,-0.3,0.570087712549569,1,3
LPLC1_BOTH,DNpe056,R,1,0.5,1.1726039399558574,2,1
LPLC1_BOTH,DNg93,L,1,0.0,0.0,0,0
LPLC1_BOTH,DNg24,L,1,-0.2,0.758287544405155,1,3
LPLC1_BOTH,DNge143,L,1,0.1,1.6733200530681511,1,3
LPLC1_BOTH,DNp03,L,1,23.7,0.4472135954999579,5,0
LPLC1_BOTH,DNb01,R,1,2.5,0.5,5,0
LPLC1_BOTH,DNa01,R,1,0.6,0.8215838362577492,3,0
LPLC1_BOTH,MDN,R,2,0.3,0.27386127875258304,4,0
LPLC1_BOTH,pMP2,R,1,0.0,0.0,0,0
LPLC1_BOTH,DNp23,L,1,0.9,0.7416198487095663,4,0
LPLC1_BOTH,DNp09,L,1,0.3,0.6708203932499369,1,0
LPLC1_BOTH,DNbe007,L,1,-1.0,0.7905694150420949,0,4
LPLC1_BOTH,DNb02,R,2,-0.7,0.7158910531638176,1,4
LPLC1_BOTH,DNp66,L,1,1.7,0.8366600265340756,5,0
LPLC1_BOTH,DNp43,R,1,0.4,0.6519202405202649,3,1
LPLC1_BOTH,DNge047,R,1,0.5,0.6123724356957945,3,0
LPLC1_BOTH,DNp48,R,1,-0.1,0.22360679774997896,0,1
LPLC1_BOTH,DNge062,R,1,-0.6,0.9617692030835673,1,4
LPLC1_BOTH,DNpe013,L,1,0.4,0.8215838362577492,2,1
LPLC1_BOTH,DNa15,R,1,4.0,0.7905694150420949,5,0
LPLC1_BOTH,DNde005,R,1,0.4,0.4183300132670378,3,0
LPLC1_BOTH,CB0429,L,1,-0.1,0.22360679774997896,0,1
LPLC1_BOTH,DNge053,L,1,-0.2,0.4472135954999579,1,3
LPLC1_BOTH,DNge107,R,1,-0.4,0.5477225575051661,1,4
LPLC1_BOTH,DNge049,L,1,0.4,0.5477225575051661,4,1
LPLC1_BOTH,DNge129,R,1,-0.1,0.6519202405202649,2,2
LPLC1_BOTH,DNg39,R,1,-0.1,0.7416198487095663,1,2
LPLC1_BOTH,DNa15,L,1,4.0,0.6123724356957945,5,0
LPLC1_BOTH,DNg88,L,1,0.3,0.27386127875258304,3,0
LPLC1_BOTH,DNb06,L,1,-0.2,0.4472135954999579,1,3
LPLC1_BOTH,DNg90,R,1,0.1,0.22360679774997896,1,0
LPLC1_BOTH,DNg40,R,1,0.7,0.4472135954999579,4,0
LPLC1_BOTH,DNa04,R,1,6.5,0.5,5,0
LPLC1_BOTH,pMP2,L,1,0.0,0.0,0,0
LPLC1_BOTH,DNpe045,L,1,2.4,0.4183300132670378,5,0
LPLC1_BOTH,DNge107,L,1,-0.4,0.8944271909999159,2,3
LPLC1_BOTH,DNp69,R,1,6.3,0.27386127875258304,5,0
LPLC1_BOTH,DNg98,R,1,1.2,0.570087712549569,5,0
LPLC1_BOTH,DNg70,R,1,1.0,0.7905694150420949,4,0
LPLC1_BOTH,DNp34,L,1,0.9,0.4183300132670378,5,0
LPLC1_BOTH,DNa11,L,1,0.1,0.6519202405202649,2,2
LPLC1_BOTH,DNa03,R,1,0.0,0.0,0,0
LPLC1_BOTH,DNge146,R,1,0.4,0.7416198487095663,3,1
LPLC1_BOTH,DNge103,L,1,-0.3,0.4472135954999579,0,2
LPLC1_BOTH,DNbe004,R,1,6.3,0.570087712549569,5,0
LPLC1_BOTH,DNp03,R,1,23.3,0.9746794344808964,5,0
LPLC1_BOTH,DNae002,L,1,2.0,0.3535533905932738,5,0
LPLC1_BOTH,DNge129,L,1,0.1,0.9617692030835673,3,1
LPLC1_BOTH,DNp05,R,1,0.4,0.4183300132670378,3,0
LPLC1_BOTH,DNb09,L,1,1.3,0.9746794344808964,4,0
LPLC1_BOTH,DNg80,L,1,-0.1,0.7416198487095663,1,2
LPLC1_BOTH,DNge068,R,1,-0.8,1.1510864433221337,1,4
LPLC1_BOTH,DNbe004,L,1,6.4,0.6519202405202649,5,0
LPLC1_BOTH,DNge032,L,1,0.0,0.0,0,0
LPLC1_BOTH,DNp14,R,1,0.0,0.0,0,0
LPLC1_BOTH,DNa13,R,2,0.0,0.0,0,0
LPLC1_BOTH,DNb06,R,1,0.1,0.4183300132670378,2,1
LPLC1_BOTH,DNp12,L,1,-0.5,0.5,0,3
LPLC1_BOTH,DNg13,L,1,-0.3,1.036822067666386,2,3
LPLC1_BOTH,DNg99,L,1,-0.1,0.22360679774997896,0,1
LPLC1_BOTH,DNg96,L,1,0.4,0.4183300132670378,3,0
LPLC1_BOTH,DNp55,R,1,0.1,0.4183300132670378,2,1
LPLC1_BOTH,DNge067,L,1,-0.2,0.6708203932499369,1,4
LPLC1_BOTH,DNg78,L,1,-0.2,0.8366600265340756,2,2
LPLC1_BOTH,DNge141,R,1,0.5,0.3535533905932738,4,0
LPLC1_BOTH,DNbe003,L,1,-0.2,0.27386127875258304,0,2
LPLC1_BOTH,pIP10,R,1,-0.2,0.570087712549569,1,2
LPLC1_BOTH,DNp52,L,1,0.2,0.570087712549569,2,1
LPLC1_BOTH,DNge059,L,1,0.0,0.0,0,0
LPLC1_BOTH,DNg70,L,1,0.7,0.570087712549569,4,0
LPLC1_BOTH,DNp70,R,1,0.2,0.4472135954999579,3,1
LPLC1_BOTH,DNp04,R,1,-0.1,0.4183300132670378,1,2
LPLC1_BOTH,DNge026,R,1,0.0,0.0,0,0
LPLC1_BOTH,DNp71,R,1,-0.1,0.8215838362577492,2,1
LPLC1_BOTH,DNd02,L,1,-0.2,0.27386127875258304,0,2
LPLC1_BOTH,DNg32,R,1,0.5,0.9354143466934853,3,1
LPLC1_BOTH,DNg103,R,1,-0.1,0.4183300132670378,1,2
LPLC1_BOTH,DNp09,R,1,0.5,0.3535533905932738,4,0
LPLC1_BOTH,DNge051,R,1,-0.4,0.22360679774997896,0,4
LPLC1_BOTH,DNp101,R,1,0.0,0.3535533905932738,1,1
LPLC1_BOTH,DNg19,R,1,-0.6,0.7416198487095663,1,4
LPLC1_BOTH,DNpe007,L,1,0.0,0.7071067811865476,1,1
LPLC1_BOTH,DNp49,L,1,0.0,0.0,0,0
LPLC1_BOTH,DNp15,R,1,-1.4,0.6519202405202649,0,5
LPLC1_BOTH,DNg111,L,1,0.5,1.224744871391589,4,1
LPLC1_BOTH,DNg79,L,2,-0.5,0.46770717334674267,0,3
LPLC1_BOTH,DNde003,L,2,-0.25,0.30618621784789724,0,3
LPLC1_BOTH,DNa11,R,1,0.2,0.27386127875258304,2,0
LPLC1_BOTH,DNge143,R,1,0.0,1.1726039399558574,1,3
LPLC1_BOTH,DNbe006,L,1,0.7,1.3509256086106296,3,1
LPLC1_BOTH,DNpe043,L,1,0.5,0.3535533905932738,4,0
LPLC1_BOTH,DNge040,R,1,0.3,0.758287544405155,3,2
LPLC1_BOTH,DNp45,R,1,0.0,0.9354143466934853,2,1
LPLC1_BOTH,DNd05,L,1,0.3,0.4472135954999579,4,1
LPLC1_BOTH,DNp68,R,1,1.1,0.9617692030835673,4,0
LPLC1_BOTH,DNp54,L,1,-0.6,1.08397416943394,1,2
LPLC1_BOTH,MDN,L,2,0.05,0.37080992435478316,2,1
LPLC1_BOTH,DNp66,R,1,2.1,0.4183300132670378,5,0
LPLC1_BOTH,DNbe003,R,1,0.1,0.22360679774997896,1,0
LPLC1_BOTH,DNp49,R,1,0.0,0.0,0,0
LPLC1_BOTH,DNg104,R,1,0.6,0.5477225575051661,4,0
LPLC1_BOTH,DNge042,L,1,0.0,0.0,0,0
LPLC1_BOTH,DNge048,R,1,1.5,0.6123724356957945,5,0
LPLC1_BOTH,DNae003,R,1,3.9,0.5477225575051661,5,0
LPLC1_BOTH,DNpe045,R,1,3.2,1.2041594578792296,5,0
LPLC1_BOTH,DNge027,L,1,-1.2,0.758287544405155,0,5
LPLC1_BOTH,DNbe007,R,1,-0.6,0.5477225575051661,0,3
LPLC1_BOTH,DNc01,L,1,0.0,0.0,0,0
LPLC1_BOTH,DNp102,R,1,0.8,0.570087712549569,4,0
LPLC1_BOTH,DNg60,L,1,-0.2,0.27386127875258304,0,2
LPLC1_BOTH,DNp14,L,1,0.0,0.3535533905932738,1,1
LPLC1_BOTH,DNa08,R,1,-0.2,0.570087712549569,1,2
LPLC1_BOTH,DNpe023,L,1,0.0,0.0,0,0
LPLC1_BOTH,DNg31,R,1,-0.9,0.6519202405202649,0,4
LPLC1_BOTH,DNge141,L,1,0.0,0.3535533905932738,1,1
LPLC1_BOTH,DNge048,L,1,1.5,0.6123724356957945,5,0
LPLC1_BOTH,DNge026,L,1,0.0,0.0,0,0
LPLC1_BOTH,CB0429,R,1,-0.1,0.22360679774997896,0,1
LPLC1_BOTH,DNge101,R,1,-1.2,0.27386127875258304,0,5
LPLC1_BOTH,DNp33,L,1,-0.1,0.4183300132670378,1,2
LPLC1_BOTH,DNge043,L,1,0.3,0.4472135954999579,2,0
LPLC1_BOTH,DNpe006,L,1,0.4,1.02469507659596,2,2
LPLC1_BOTH,DNge149,M,1,1.2,0.9746794344808964,4,0
LPLC1_BOTH,DNg27,L,1,-0.6,0.4183300132670378,0,4
LPLC1_BOTH,DNb04,R,1,1.3,0.8366600265340756,5,0
LPLC1_BOTH,DNge065,R,1,0.1,0.4183300132670378,2,1
LPLC1_BOTH,DNd03,L,1,0.1,1.08397416943394,2,1
LPLC1_BOTH,DNde005,L,1,0.7,1.036822067666386,3,1
LPLC1_BOTH,DNge043,R,1,0.3,0.570087712549569,3,1
LPLC1_BOTH,DNge132,R,1,0.6,1.3416407864998738,4,1
LPLC1_BOTH,DNp54,R,1,-0.5,0.6123724356957945,1,4
LPLC1_BOTH,DNp07,R,1,-0.3,0.4472135954999579,0,2
LPLC1_BOTH,DNg101,L,1,-0.1,0.4183300132670378,1,2
LPLC1_BOTH,DNge152,M,1,5.1,0.8215838362577492,5,0
LPLC1_BOTH,DNp63,L,1,0.0,0.0,0,0
LPLC1_BOTH,DNae001,R,1,0.7,0.758287544405155,4,1
LPLC1_BOTH,DNpe021,L,1,2.9,0.7416198487095663,5,0
LPLC1_BOTH,DNge049,R,1,0.1,0.5477225575051661,1,1
LPLC1_BOTH,DNpe022,R,1,0.3,0.4472135954999579,2,0
LPLC1_BOTH,DNg31,L,1,0.1,0.5477225575051661,3,2
LPLC1_BOTH,DNge084,R,1,0.8,0.27386127875258304,5,0
LPLC1_BOTH,DNae007,R,1,0.0,1.5,3,2
LPLC1_BOTH,DNp45,L,1,0.3,0.570087712549569,3,1
LPLC1_BOTH,DNpe032,L,1,0.2,0.570087712549569,2,1
LPLC1_BOTH,DNae005,R,1,-0.7,0.9082951062292475,1,3
LPLC1_BOTH,DNpe052,R,1,0.0,0.0,0,0
LPLC1_BOTH,DNpe006,R,1,0.7,1.3509256086106296,3,1
LPLC1_BOTH,DNg27,R,1,-1.0,0.3535533905932738,0,5
LPLC1_BOTH,DNpe005,L,1,-0.5,0.9354143466934853,1,4
LPLC1_BOTH,DNp24,L,1,0.0,0.0,0,0
LPLC1_BOTH,DNp68,L,1,0.3,0.4472135954999579,2,0
LPLC1_BOTH,DNg26,L,2,0.3,1.2041594578792296,3,2
LPLC1_BOTH,DNpe031,R,2,2.15,0.4183300132670378,5,0
LPLC1_BOTH,DNd03,R,1,0.1,0.22360679774997896,1,0
LPLC1_BOTH,DNp07,L,1,0.2,0.27386127875258304,2,0
LPLC1_BOTH,DNg111,R,1,1.1,0.6519202405202649,5,0
LPLC1_BOTH,DNg101,R,1,0.0,0.0,0,0
LPLC1_BOTH,DNp64,R,1,4.4,0.6519202405202649,5,0
LPLC1_BOTH,DNge073,R,1,0.9,1.3874436925511608,3,1
LPLC1_BOTH,DNde007,R,1,0.5,0.7905694150420949,3,1
LPLC1_BOTH,DNp104,L,1,3.2,0.4472135954999579,5,0
LPLC1_BOTH,DNge142,R,1,0.3,0.9746794344808964,1,1
LPLC1_BOTH,DNae010,R,1,-0.3,0.758287544405155,1,4
LPLC1_BOTH,DNge041,L,1,-0.1,0.6519202405202649,1,3
LPLC1_BOTH,DNa04,L,1,5.0,0.3535533905932738,5,0
LPLC1_BOTH,DNge123,L,1,0.6,0.6519202405202649,3,0
LPLC1_BOTH,DNge075,R,1,-0.3,0.4472135954999579,0,2
LPLC1_BOTH,DNa05,R,1,17.6,0.6519202405202649,5,0
LPLC1_BOTH,DNp102,L,1,0.4,0.4183300132670378,3,0
LPLC1_BOTH,<untyped>,L,3,0.9333333333333332,0.32489314482696524,5,0
LPLC1_BOTH,DNpe050,L,1,0.0,0.9354143466934853,2,1
LPLC1_BOTH,DNp22,R,1,0.1,0.4183300132670378,2,1
LPLC1_BOTH,DNae003,L,1,2.6,0.8215838362577492,5,0
LPLC1_BOTH,DNge023,R,1,-1.0,0.5,0,5
LPLC1_BOTH,DNge065,L,1,0.4,0.5477225575051661,2,0
LPLC1_BOTH,DNbe005,R,1,0.1,0.8944271909999159,2,3
LPLC1_BOTH,DNd04,R,1,0.2,0.27386127875258304,2,0
LPLC1_BOTH,DNpe026,L,1,0.0,0.3535533905932738,1,1
LPLC1_BOTH,DNge142,L,1,1.1,1.1937336386313322,4,0
LPLC1_BOTH,DNg38,R,1,-0.1,0.22360679774997896,0,1
LPLC1_BOTH,DNae010,L,1,0.0,0.8660254037844386,1,3
LPLC1_BOTH,DNp57,L,1,0.9,0.4183300132670378,5,0
LPLC1_BOTH,DNge053,R,1,0.0,0.0,0,0
LPLC1_BOTH,DNge042,R,1,0.0,0.0,0,0
LPLC1_BOTH,DNge018,L,1,0.1,0.22360679774997896,1,0
LPLC1_BOTH,DNge099,L,1,0.2,0.758287544405155,2,2
LPLC1_BOTH,DNp101,L,1,0.1,0.22360679774997896,1,0
LPLC1_BOTH,DNg91,R,1,14.3,0.570087712549569,5,0
LPLC1_BOTH,DNg38,L,1,-0.2,0.27386127875258304,0,2
LPLC1_BOTH,DNge135,R,1,-0.1,0.4183300132670378,1,2
LPLC1_BOTH,DNb08,R,2,0.35,0.33541019662496846,3,0
LPLC1_BOTH,DNp15,L,1,-0.1,0.4183300132670378,1,2
LPLC1_BOTH,DNge136,L,2,1.6,0.22360679774997896,5,0
LPLC1_BOTH,DNde006,R,1,0.1,0.4183300132670378,2,1
LPLC1_BOTH,DNge027,R,1,-0.9,1.02469507659596,0,3
LPLC1_BOTH,DNp38,R,1,1.1,0.6519202405202649,4,0
LPLC1_BOTH,DNbe005,L,1,-0.4,0.8215838362577492,1,2
LPLC1_BOTH,DNp58,R,1,-0.1,0.6519202405202649,2,2
LPLC1_BOTH,"DNg102_a,DNg102_b",L,2,-0.15,0.5755432216610669,2,2
LPLC1_BOTH,DNg87,L,1,1.7,4.147288270665544,2,2
LPLC1_BOTH,DNge044,R,1,-0.5,1.620185174601965,3,2
LPLC1_BOTH,DNge099,R,1,1.5,0.9354143466934853,4,0
LPLC1_BOTH,DNpe050,R,1,-0.2,0.570087712549569,1,2
LPLC1_BOTH,DNg84,R,1,1.0,2.449489742783178,2,1
LPLC1_BOTH,DNb08,L,2,0.1,0.5755432216610669,2,2
LPLC1_BOTH,DNg68,R,1,-0.1,0.6519202405202649,2,2
LPLC1_BOTH,DNg109,R,1,0.7,0.6708203932499369,3,0
LPLC1_BOTH,DNpe031,L,2,2.0,0.5,5,0
LPLC1_BOTH,DNg48,L,1,-0.5,0.6123724356957945,1,4
LPLC1_BOTH,DNpe027,R,1,0.6,0.5477225575051661,3,0
LPLC1_BOTH,DNg14,R,1,0.1,0.5477225575051661,1,1
LPLC1_BOTH,DNg32,L,1,0.6,0.6519202405202649,3,0
LPLC1_BOTH,DNbe002,R,2,-0.15,0.22360679774997896,1,4
LPLC1_BOTH,DNg104,L,1,0.4,0.4183300132670378,3,0
LPLC1_BOTH,DNge056,R,1,0.0,0.0,0,0
LPLC1_BOTH,DNg43,R,1,0.1,0.4183300132670378,2,1
LPLC1_BOTH,DNg68,L,1,-0.5,0.5,0,3
LPLC1_BOTH,DNp22,L,1,-0.1,0.22360679774997896,0,1
LPLC1_BOTH,DNg59,R,1,0.1,2.987473849257931,2,3
LPLC1_BOTH,DNp67,L,1,-1.0,0.9354143466934853,0,4
LPLC1_BOTH,DNpe055,R,1,-0.1,0.6519202405202649,2,2
LPLC1_BOTH,DNge080,R,1,-0.1,0.22360679774997896,0,1
LPLC1_BOTH,DNge140,R,1,0.0,0.0,0,0
LPLC1_BOTH,DNge007,R,1,0.0,0.0,0,0
LPLC1_BOTH,DNg84,L,1,3.5,7.0089228844380935,4,1
LPLC1_BOTH,DNp60,L,1,-0.5,0.7071067811865476,1,4
LPLC1_BOTH,DNge001,L,1,-0.3,0.9746794344808964,1,2
LPLC1_BOTH,DNge148,R,1,0.8,0.758287544405155,4,0
LPLC1_BOTH,DNge150,M,1,1.2,0.9082951062292475,4,0
LPLC1_BOTH,DNge136,R,2,1.85,0.4873397172404482,5,0
LPLC1_BOTH,DNpe055,L,1,0.4,0.7416198487095663,3,1
LPLC1_BOTH,DNge100,L,1,0.0,0.0,0,0
LPLC1_BOTH,DNp67,R,1,0.1,0.5477225575051661,1,1
LPLC1_BOTH,DNbe002,L,2,-0.2,0.54198708471697,1,3
LPLC1_BOTH,DNge124,R,1,-0.3,0.570087712549569,1,3
LPLC1_BOTH,DNge128,R,1,0.1,0.22360679774997896,1,0
LPLC1_BOTH,DNg50,R,1,1.7,0.758287544405155,5,0
LPLC1_BOTH,DNg48,R,1,-0.1,0.4183300132670378,1,2
LPLC1_BOTH,DNge056,L,1,0.0,0.7071067811865476,1,1
LPLC1_BOTH,DNg26,R,2,0.6,0.9453835200594518,3,1
LPLC1_BOTH,DNge067,R,1,0.0,0.7905694150420949,2,2
LPLC1_BOTH,DNge125,R,1,-1.1,0.8944271909999159,0,5
LPLC1_BOTH,DNd04,L,1,0.3,0.570087712549569,3,1
LPLC1_BOTH,DNg78,R,1,0.1,0.4183300132670378,2,1
LPLC1_BOTH,DNge060,R,1,0.2,1.3509256086106296,1,2
LPLC1_BOTH,DNge010,R,1,0.7,0.4472135954999579,5,0
LPLC1_BOTH,DNge047,L,1,1.3,0.570087712549569,5,0
LPLC1_BOTH,DNge028,R,1,0.0,0.0,0,0
LPLC1_BOTH,DNge069,L,1,-0.1,0.6519202405202649,2,2
LPLC1_BOTH,DNg87,R,1,0.5,2.1213203435596424,2,1
LPLC1_BOTH,DNge004,R,1,0.0,0.0,0,0
LPLC1_BOTH,DNg22,L,1,-1.1,1.140175425099138,0,4
LPLC1_BOTH,DNge122,R,1,0.6,2.5099800796022267,1,2
LPLC1_BOTH,DNge007,L,1,0.0,0.0,0,0
LPLC1_BOTH,DNp44,L,1,0.0,0.0,0,0
LPLC1_BOTH,DNg56,L,1,-1.2,0.27386127875258304,0,5
LPLC1_BOTH,DNge022,R,1,-0.8,1.396424004376894,1,4
LPLC1_BOTH,DNpe042,R,1,0.6,0.6519202405202649,3,0
LPLC1_BOTH,DNg19,L,1,0.5,0.5,3,0
LPLC1_BOTH,DNge125,L,1,-0.3,0.6708203932499369,1,2
LPLC1_BOTH,DNg71,R,1,1.2,0.758287544405155,5,0
LPLC1_BOTH,DNg103,L,1,0.1,0.22360679774997896,1,0
LPLC1_BOTH,DNge113,R,3,0.0,0.0,0,0
LPLC1_BOTH,DNge123,R,1,1.4,0.6519202405202649,5,0
LPLC1_BOTH,DNpe043,R,1,0.3,0.758287544405155,3,2
LPLC1_BOTH,DNb07,R,1,6.8,0.570087712549569,5,0
LPLC1_BOTH,DNge101,L,1,0.2,0.27386127875258304,2,0
LPLC1_BOTH,DNge080,L,1,0.0,0.0,0,0
LPLC1_BOTH,DNpe003,R,2,0.6,0.4183300132670378,5,0
LPLC1_BOTH,DNp41,L,2,0.15,0.45414755311462374,2,2
LPLC1_BOTH,DNb02,L,2,-0.5,0.30618621784789724,0,4
LPLC1_BOTH,DNge135,L,1,0.0,0.3535533905932738,1,1
LPLC1_BOTH,DNge104,R,1,0.4,1.7818529681205462,1,2
LPLC1_BOTH,DNge033,R,1,-0.2,0.9082951062292475,2,3
LPLC1_BOTH,DNae004,R,1,23.9,0.4183300132670378,5,0
LPLC1_BOTH,DNg44,R,1,0.2,0.9082951062292475,2,1
LPLC1_BOTH,DNa05,L,1,18.9,0.7416198487095663,5,0
LPLC1_BOTH,DNge002,R,1,-0.7,0.9746794344808964,1,3
LPLC1_BOTH,DNg54,R,1,0.0,0.0,0,0
LPLC1_BOTH,DNpe030,L,1,0.3,1.1510864433221337,3,2
LPLC1_BOTH,DNpe049,R,1,0.1,0.4183300132670378,2,1
LPLC1_BOTH,DNge070,L,1,0.7,0.758287544405155,4,1
LPLC1_BOTH,DNg44,L,1,0.8,0.27386127875258304,5,0
LPLC1_BOTH,DNge098,L,1,-1.5,0.5,0,5
LPLC1_BOTH,DNde001,L,1,-0.1,0.6519202405202649,2,2
LPLC1_BOTH,DNpe020,M,2,0.85,0.2850438562747845,5,0
LPLC1_BOTH,DNg54,L,1,0.0,0.0,0,0
LPLC1_BOTH,DNge011,R,1,0.0,0.0,0,0
LPLC1_BOTH,DNge137,R,2,1.35,0.8944271909999159,5,0
LPLC1_BOTH,DNpe001,R,1,0.0,0.0,0,0
LPLC1_BOTH,DNg91,L,1,11.8,0.6708203932499369,5,0
LPLC1_BOTH,DNde003,R,2,-0.25,0.5303300858899106,2,3
LPLC1_BOTH,DNge076,L,1,-0.1,0.8215838362577492,2,1
LPLC1_BOTH,DNge140,L,1,-0.1,0.22360679774997896,0,1
LPLC1_BOTH,DNge139,R,1,0.5,0.3535533905932738,4,0
LPLC1_BOTH,DNge006,L,1,-0.3,0.6708203932499369,0,1
LPLC1_BOTH,DNg95,R,1,2.2,0.570087712549569,5,0
LPLC1_BOTH,DNge086,R,1,-0.1,0.22360679774997896,0,1
LPLC1_BOTH,DNge133,L,1,1.2,2.04939015319192,4,1
LPLC1_BOTH,DNge084,L,1,0.6,0.6519202405202649,4,1
LPLC1_BOTH,DNp60,R,1,-0.2,0.27386127875258304,0,2
LPLC1_BOTH,DNge018,R,1,0.1,0.22360679774997896,1,0
LPLC1_BOTH,DNpe030,R,1,0.5,1.0,2,1
LPLC1_BOTH,DNg105,R,1,0.3,0.4472135954999579,2,0
LPLC1_BOTH,DNge088,L,1,0.0,0.0,0,0
LPLC1_BOTH,DNge122,L,1,0.9,2.1621748310439655,3,2
LPLC1_BOTH,DNg85,R,1,0.3,0.4472135954999579,2,0
LPLC1_BOTH,DNge039,L,1,0.2,1.9235384061671346,1,3
LPLC1_BOTH,DNge028,L,1,0.0,0.0,0,0
LPLC1_BOTH,DNg81,R,1,1.8,4.577116996538323,3,2
LPLC1_BOTH,DNp53,L,1,0.0,0.0,0,0
LPLC1_BOTH,DNg95,L,1,2.0,0.0,5,0
LPLC1_BOTH,DNg41,R,1,-0.4,0.6519202405202649,1,3
LPLC1_BOTH,DNp46,R,1,0.2,0.4472135954999579,1,0
LPLC1_BOTH,DNpe034,L,1,0.2,0.27386127875258304,2,0
LPLC1_BOTH,"DNp51,DNpe019",L,2,0.3,0.2091650066335189,4,0
LPLC1_BOTH,DNp25,R,1,-0.1,0.22360679774997896,0,1
LPLC1_BOTH,"DNg52_a,DNg52_b",R,2,0.5,0.39528470752104744,4,0
LPLC1_BOTH,DNg86,R,1,-0.5,1.1726039399558574,1,4
LPLC1_BOTH,DNge076,R,1,-0.8,1.1510864433221337,0,2
LPLC1_BOTH,DNge033,L,1,-0.3,0.758287544405155,1,4
LPLC1_BOTH,DNg33,L,1,2.5,1.2747548783981961,5,0
LPLC1_BOTH,DNg20,R,1,1.7,3.7013511046643495,2,2
LPLC1_BOTH,DNge022,L,1,0.1,1.9170289512680814,1,4
LPLC1_BOTH,DNde001,R,1,-0.1,0.4183300132670378,1,2
LPLC1_BOTH,DNg86,L,1,-0.3,0.758287544405155,1,2
LPLC1_BOTH,DNp40,L,1,-0.1,0.4183300132670378,1,2
LPLC1_BOTH,DNa14,R,1,-0.1,0.7416198487095663,1,2
LPLC1_BOTH,DNg66,M,1,0.2,0.4472135954999579,3,1
LPLC1_BOTH,DNg33,R,1,2.7,1.036822067666386,5,0
LPLC1_BOTH,DNge096,L,1,-0.2,0.6708203932499369,2,3
LPLC1_BOTH,DNg51,L,2,-0.05,0.11180339887498948,0,1
LPLC1_BOTH,DNge046,L,2,0.7,0.54198708471697,4,0
LPLC1_BOTH,DNge019,L,7,-0.7714285714285714,1.186015452286025,2,3
LPLC1_BOTH,DNge106,R,1,0.1,0.8215838362577492,3,2
LPLC1_BOTH,DNg51,R,2,0.0,0.0,0,0
LPLC1_BOTH,DNg17,R,1,-0.9,0.4183300132670378,0,5
LPLC1_BOTH,DNa08,L,1,-0.1,0.22360679774997896,0,1
LPLC1_BOTH,DNae008,R,1,0.3,1.1510864433221337,3,1
LPLC1_BOTH,DNge096,R,1,-0.1,0.5477225575051661,1,1
LPLC1_BOTH,DNg41,L,1,-0.6,0.8944271909999159,0,2
LPLC1_BOTH,DNge063,L,1,-0.7,0.9082951062292475,1,3
LPLC1_BOTH,DNg34,R,1,0.4,0.9617692030835673,2,1
LPLC1_BOTH,DNpe049,L,1,0.0,0.5,2,2
LPLC1_BOTH,DNbe006,R,1,0.2,0.4472135954999579,3,1
LPLC1_BOTH,DNg73,L,1,0.2,2.138924963620744,3,2
LPLC1_BOTH,DNg62,L,1,-0.1,0.22360679774997896,0,1
LPLC1_BOTH,DNge082,R,1,-0.2,1.036822067666386,2,2
LPLC1_BOTH,DNg43,L,1,-0.1,0.6519202405202649,1,3
LPLC1_BOTH,DNge002,L,1,0.1,0.9617692030835673,2,2
LPLC1_BOTH,DNg79,R,2,-1.15,0.4183300132670378,0,5
LPLC1_BOTH,DNge038,R,1,0.7,0.6708203932499369,4,1
LPLC1_BOTH,DNge008,R,1,0.3,0.9746794344808964,1,1
LPLC1_BOTH,DNpe035,L,1,0.0,0.5,2,2
LPLC1_BOTH,DNge010,L,1,0.4,0.8944271909999159,3,2
LPLC1_BOTH,DNge100,R,1,-0.2,0.27386127875258304,0,2
LPLC1_BOTH,DNg61,L,1,-1.4,0.9617692030835673,0,4
LPLC1_BOTH,DNg97,L,1,1.5,0.5,5,0
LPLC1_BOTH,DNpe026,R,1,0.1,0.7416198487095663,2,1
LPLC1_BOTH,DNge137,L,1,1.0,0.5,5,0
LPLC1_BOTH,DNge069,R,1,-0.4,0.6519202405202649,0,2
LPLC1_BOTH,DNg89,L,1,0.2,0.758287544405155,3,1
LPLC1_BOTH,DNge139,L,1,0.5,0.7071067811865476,2,0
LPLC1_BOTH,DNa14,L,1,-0.5,0.6123724356957945,0,3
LPLC1_BOTH,DNge172,R,3,2.333333333333333,3.166666666666667,3,2
LPLC1_BOTH,DNg106,R,7,0.04285714285714286,0.06388765649999399,2,0
LPLC1_BOTH,DNg63,L,1,0.2,0.27386127875258304,2,0
LPLC1_BOTH,<untyped>,R,1,0.1,0.22360679774997896,1,0
LPLC1_BOTH,DNge131,L,1,-0.7,1.0954451150103321,0,2
LPLC1_BOTH,DNp65,R,1,-0.8,0.4472135954999579,0,5
LPLC1_BOTH,DNg42,L,1,9.6,0.4183300132670378,5,0
LPLC1_BOTH,"DNg52_a,DNg52_b",L,2,0.75,0.25,5,0
LPLC1_BOTH,DNpe003,L,2,0.15,0.33541019662496846,2,1
LPLC1_BOTH,DNge044,L,1,0.9,3.54259791678367,2,2
LPLC1_BOTH,DNg69,R,1,-0.8,0.570087712549569,0,4
LPLC1_BOTH,DNg42,R,1,10.6,0.7416198487095663,5,0
LPLC1_BOTH,DNp24,R,1,0.5,0.3535533905932738,4,0
LPLC1_BOTH,DNpe041,R,1,0.0,0.7071067811865476,2,3
LPLC1_BOTH,DNg76,R,1,0.1,0.22360679774997896,1,0
LPLC1_BOTH,DNge173,R,1,-0.3,0.570087712549569,1,3
LPLC1_BOTH,DNge060,L,1,-0.4,1.1937336386313322,2,3
LPLC1_BOTH,DNg106,L,9,-0.022222222222222227,0.1009216784699164,1,2
LPLC1_BOTH,DNg64,L,1,0.1,0.6519202405202649,2,2
LPLC1_BOTH,DNae004,L,1,23.1,0.5477225575051661,5,0
LPLC1_BOTH,DNge127,R,1,0.0,0.7905694150420949,2,2
LPLC1_BOTH,DNge077,L,1,0.1,0.4183300132670378,2,1
LPLC1_BOTH,DNge133,R,1,-0.1,0.8944271909999159,1,1
LPLC1_BOTH,DNae006,L,1,1.5,0.3535533905932738,5,0
LPLC1_BOTH,DNg73,R,1,0.7,2.4392621835300936,1,2
LPLC1_BOTH,DNg89,R,1,0.5,1.4142135623730951,1,1
LPLC1_BOTH,DNpe040,L,1,2.8,0.570087712549569,5,0
LPLC1_BOTH,DNae006,R,1,0.4,0.6519202405202649,2,0
LPLC1_BOTH,DNg05_a,R,1,0.7,0.570087712549569,4,0
LPLC1_BOTH,DNge151,M,1,1.2,0.8366600265340756,5,0
LPLC1_BOTH,DNpe028,R,1,-0.1,0.4183300132670378,1,2
LPLC1_BOTH,DNge131,R,1,-0.4,0.22360679774997896,0,4
LPLC1_BOTH,DNpe014,R,2,0.2,0.27386127875258304,4,1
LPLC1_BOTH,DNp28,R,1,0.1,0.4183300132670378,2,1
LPLC1_BOTH,DNge078,L,1,-0.8,0.9746794344808964,1,4
LPLC1_BOTH,DNg72,L,2,0.0,0.0,0,0
LPLC1_BOTH,DNg04,R,2,0.0,0.0,0,0
LPLC1_BOTH,DNg11,L,3,-0.36666666666666675,0.5821416398857661,2,3
LPLC1_BOTH,DNge121,R,1,0.7,2.018662923818635,3,1
LPLC1_BOTH,DNge111,L,3,0.4666666666666667,0.2738612787525831,4,0
LPLC1_BOTH,DNg63,R,1,-0.2,0.9082951062292475,1,2
LPLC1_BOTH,"DNp51,DNpe019",R,2,-0.35,0.5755432216610669,1,3
LPLC1_BOTH,DNge113,L,3,0.0,0.0,0,0
LPLC1_BOTH,DNp39,R,1,0.4,0.4183300132670378,3,0
LPLC1_BOTH,DNg72,R,2,0.0,0.0,0,0
LPLC1_BOTH,DNpe040,R,1,2.8,0.4472135954999579,5,0
LPLC1_BOTH,DNge072,R,1,-0.1,0.4183300132670378,1,2
LPLC1_BOTH,DNge052,R,1,0.3,0.4472135954999579,2,0
LPLC1_BOTH,DNg09,L,4,0.0,0.0,0,0
LPLC1_BOTH,DNge052,L,1,0.1,0.22360679774997896,1,0
LPLC1_BOTH,DNge127,L,1,-0.4,0.6519202405202649,1,3
LPLC1_BOTH,DNge121,L,1,1.3,3.053686296920494,3,1
LPLC1_BOTH,DNp40,R,1,0.5,0.3535533905932738,4,0
LPLC1_BOTH,DNp41,R,2,0.2,0.6471089552772392,3,1
LPLC1_BOTH,DNg50,L,1,2.3,1.4832396974191326,5,0
LPLC1_BOTH,DNg05_a,L,1,0.1,0.22360679774997896,1,0
LPLC1_BOTH,DNge016,R,1,0.2,0.27386127875258304,2,0
LPLC1_BOTH,DNpe004,L,2,-0.15,0.4873397172404482,1,1
LPLC1_BOTH,DNg55,M,1,0.7,0.4472135954999579,4,0
LPLC1_BOTH,DNg62,R,1,-0.7,1.2041594578792296,1,3
LPLC1_BOTH,DNge147,R,1,0.1,0.22360679774997896,1,0
LPLC1_BOTH,DNge057,R,1,0.3,0.8366600265340756,3,1
LPLC1_BOTH,DNg47,R,1,-0.6,0.5477225575051661,0,4
LPLC1_BOTH,DNg109,L,1,0.4,0.6519202405202649,2,0
LPLC1_BOTH,DNge082,L,1,-0.2,0.6708203932499369,2,3
LPLC1_BOTH,DNge147,L,1,0.0,0.0,0,0
LPLC1_BOTH,DNg46,L,1,-0.2,0.758287544405155,2,2
LPLC1_BOTH,DNge097,L,1,-0.2,0.27386127875258304,0,2
LPLC1_BOTH,DNge057,L,1,-1.0,0.6123724356957945,0,4
LPLC1_BOTH,DNg58,R,1,-0.1,1.3416407864998738,3,2
LPLC1_BOTH,DNpe004,R,2,-0.2,0.6708203932499369,2,3
LPLC1_BOTH,DNg06_a,R,1,0.3,0.570087712549569,3,1
LPLC1_BOTH,DNge145,L,2,0.0,0.0,0,0
LPLC1_BOTH,DNpe028,L,1,0.5,0.6123724356957945,3,0
LPLC1_BOTH,DNge091,R,9,0.1888888888888889,0.13944333775567924,4,1
LPLC1_BOTH,DNg11,R,3,-0.06666666666666665,0.34560735588879543,2,1
LPLC1_BOTH,DNge030,L,1,1.0,0.5,5,0
LPLC1_BOTH,DNge012,L,1,0.1,3.1701734968294715,2,3
LPLC1_BOTH,DNg20,L,1,2.7,5.484067833278505,3,2
LPLC1_BOTH,DNge081,L,1,0.1,0.6519202405202649,3,1
LPLC1_BOTH,DNge124,L,1,0.0,0.6123724356957945,2,1
LPLC1_BOTH,DNge072,L,1,-0.5,0.6123724356957945,0,3
LPLC1_BOTH,DNg45,R,1,0.7,0.4472135954999579,4,0
LPLC1_BOTH,DNge081,R,1,0.1,0.4183300132670378,2,1
LPLC1_BOTH,DNg21,R,1,-0.9,0.7416198487095663,0,4
LPLC1_BOTH,DNp52,R,1,-0.2,0.27386127875258304,0,2
LPLC1_BOTH,DNp25,L,1,0.1,0.22360679774997896,1,0
LPLC1_BOTH,DNg107,R,1,0.0,0.9354143466934853,2,3
LPLC1_BOTH,DNge058,R,1,0.0,0.0,0,0
LPLC1_BOTH,DNpe035,R,1,0.6,0.6519202405202649,4,1
LPLC1_BOTH,DNge064,R,1,-0.1,0.9617692030835673,1,3
LPLC1_BOTH,DNge013,L,1,0.4,0.7416198487095663,3,1
LPLC1_BOTH,DNge068,L,1,-0.4,1.2942179105544784,1,3
LPLC1_BOTH,DNge029,R,1,-0.1,0.8215838362577492,2,3
LPLC1_BOTH,DNge145,R,2,0.0,0.0,0,0
LPLC1_BOTH,DNpe014,L,2,0.1,0.4183300132670378,2,2
LPLC1_BOTH,DNge034,L,1,0.2,1.7175564037317668,2,3
LPLC1_BOTH,DNb03,L,2,-0.3,0.48088460154178364,1,3
LPLC1_BOTH,DNg21,L,1,-0.3,0.4472135954999579,1,4
LPLC1_BOTH,DNpe033,R,1,0.1,0.4183300132670378,2,1
LPLC1_BOTH,DNge001,R,2,-0.25,1.015504800579495,2,2
LPLC1_BOTH,DNg01,R,4,4.25,0.3423265984407288,5,0
LPLC1_BOTH,DNge075,L,1,0.6,0.6519202405202649,4,1
LPLC1_BOTH,DNge034,R,1,-0.6,0.7416198487095663,1,4
LPLC1_BOTH,DNpe012,R,4,0.0,0.29315098498896436,3,1
LPLC1_BOTH,DNpe033,L,1,-0.4,0.4183300132670378,0,3
LPLC1_BOTH,DNb03,R,2,-0.15,0.518411033833193,2,2
LPLC1_BOTH,DNg94,R,1,0.4,0.4183300132670378,3,0
LPLC1_BOTH,DNge019,R,7,-0.7,2.061181551381416,1,4
LPLC1_BOTH,DNge064,L,1,0.5,0.7905694150420949,3,1
LPLC1_BOTH,DNg23,L,1,-0.2,0.570087712549569,1,2
LPLC1_BOTH,DNge134,R,1,1.5,1.2747548783981961,4,1
LPLC1_BOTH,DNg59,L,1,0.4,3.9749213828703582,3,2
LPLC1_BOTH,DNge097,R,1,-0.5,0.6123724356957945,0,3
LPLC1_BOTH,DNge098,R,1,-1.0,0.7071067811865476,0,4
LPLC1_BOTH,DNg17,L,1,-0.7,0.758287544405155,0,4
LPLC1_BOTH,DNg45,L,1,1.0,0.5,5,0
LPLC1_BOTH,DNg82,R,2,0.95,0.32596012026013244,5,0
LPLC1_BOTH,DNa07,R,1,23.0,0.5,5,0
LPLC1_BOTH,DNge035,R,1,0.0,0.0,0,0
LPLC1_BOTH,DNg82,L,2,1.25,0.25,5,0
LPLC1_BOTH,DNpe036,L,1,0.4,0.6519202405202649,3,1
LPLC1_BOTH,DNge174,R,1,0.0,0.0,0,0
LPLC1_BOTH,DNg02_d,R,1,7.4,0.5477225575051661,5,0
LPLC1_BOTH,DNp65,L,1,0.1,1.08397416943394,2,3
LPLC1_BOTH,DNg58,L,1,0.4,1.02469507659596,2,2
LPLC1_BOTH,DNg12_d,R,2,0.25,2.2569337606584736,1,4
LPLC1_BOTH,DNg09,R,4,0.05,0.11180339887498948,1,0
LPLC1_BOTH,DNxl114,L,1,0.0,0.0,0,0
LPLC1_BOTH,DNge105,L,1,0.0,0.3535533905932738,1,1
LPLC1_BOTH,DNde006,L,1,0.1,2.8591956910991594,1,2
LPLC1_BOTH,DNp16,R,2,0.6,0.33541019662496846,5,0
LPLC1_BOTH,DNg77,L,1,-0.7,0.4472135954999579,0,4
LPLC1_BOTH,DNge174,L,1,0.0,0.0,0,0
LPLC1_BOTH,DNg02_f,R,1,6.9,0.4183300132670378,5,0
LPLC1_BOTH,DNge021,R,1,-0.3,0.4472135954999579,0,2
LPLC1_BOTH,DNg03,R,6,3.4166666666666665,0.3864007706456543,5,0
LPLC1_BOTH,DNpe037,R,1,4.3,0.6708203932499369,5,0
LPLC1_BOTH,DNg12_a,R,4,0.85,1.8569969036053884,3,2
LPLC1_BOTH,DNge091,L,9,0.13333333333333333,0.07453559924999302,5,0
LPLC1_BOTH,DNge029,L,1,-0.6,1.2449899597988732,1,4
LPLC1_BOTH,DNge144,R,1,0.0,0.0,0,0
LPLC1_BOTH,DNg12_a,L,4,1.05,1.1544749889018817,3,1
LPLC1_BOTH,DNg12_d,L,2,0.25,1.3228756555322954,2,2
LPLC1_BOTH,DNpe010,R,1,9.3,0.6708203932499369,5,0
LPLC1_BOTH,DNpe010,L,1,8.2,0.27386127875258304,5,0
LPLC1_BOTH,"DNg08_a,DNg08_b",L,12,0.05,0.36609804394148,3,2
LPLC1_BOTH,DNge110,R,2,1.1,0.4183300132670378,5,0
LPLC1_BOTH,DNg02_g,L,2,3.8,0.6471089552772392,5,0
LPLC1_BOTH,DNg110_a,L,3,0.8666666666666666,0.649786289653931,5,0
LPLC1_BOTH,DNa07,L,1,17.5,0.7071067811865476,5,0
LPLC1_BOTH,DNge110,L,2,1.6,0.6754628043053148,5,0
LPLC1_BOTH,DNge020,L,4,-0.45,0.6471089552772392,1,3
LPLC1_BOTH,DNg12_e,R,3,-0.9666666666666667,0.5055250296034367,0,5
LPLC1_BOTH,DNg36_a,R,2,-0.25,1.741048534648015,1,4
LPLC1_BOTH,DNg06_a,L,1,1.4,0.4183300132670378,5,0
LPLC1_BOTH,DNg02_g,R,2,3.55,0.27386127875258304,5,0
LPLC1_BOTH,DNg57,L,1,0.9,1.816590212458495,4,1
LPLC1_BOTH,DNge021,L,1,0.0,0.3535533905932738,1,1
LPLC1_BOTH,DNp16,L,2,0.45,0.6471089552772392,4,1
LPLC1_BOTH,DNpe053,R,1,1.3,0.27386127875258304,5,0
LPLC1_BOTH,DNg12_c,R,2,0.1,2.6551836094703507,1,4
LPLC1_BOTH,"DNg08_a,DNg08_b",R,11,0.18181818181818182,0.34166582678120255,3,2
LPLC1_BOTH,DNg57,R,1,0.5,1.224744871391589,2,1
LPLC1_BOTH,DNpe009,L,5,6.0200000000000005,0.5630275304103701,5,0
LPLC1_BOTH,DNg02_b,L,3,1.7666666666666666,0.7870479302078397,5,0
LPLC1_BOTH,DNge025,R,1,-0.1,0.22360679774997896,0,1
LPLC1_BOTH,"DNg06_b,DNg06_c",R,3,0.2666666666666666,0.190029237516523,4,0
LPLC1_BOTH,DNg02_f,L,1,7.3,0.4472135954999579,5,0
LPLC1_BOTH,DNp17,L,6,-0.15,0.10865337342004415,0,4
LPLC1_BOTH,DNp72,R,1,0.0,0.5,2,2
LPLC1_BOTH,DNg02_a,L,5,-0.33999999999999997,0.34351128074635334,0,4
LPLC1_BOTH,DNg107,L,1,0.6,1.4317821063276353,3,2
LPLC1_BOTH,DNge020,R,4,-0.475,1.0621322893124001,1,4
LPLC1_BOTH,DNge111,R,3,1.8666666666666667,0.6055300708194983,5,0
LPLC1_BOTH,DNxl114,R,1,0.1,0.22360679774997896,1,0
LPLC1_BOTH,DNg12_c,L,3,-0.7666666666666668,1.726428555010475,2,3
LPLC1_BOTH,DNg12_b,R,8,0.0,1.584223981954572,2,3
LPLC1_BOTH,DNg83,L,1,0.7,2.138924963620744,1,2
LPLC1_BOTH,DNg12_b,L,8,-0.425,1.0801837227990432,1,4
LPLC1_BOTH,DNg12_e,L,3,-0.4333333333333334,1.5572411502397436,1,4
LPLC1_BOTH,DNge008,L,1,0.2,1.036822067666386,1,2
LPLC1_BOTH,DNg02_a,R,5,-0.10000000000000005,0.724568837309472,3,2
LPLC1_BOTH,DNge095,R,2,1.25,0.6373774391990981,5,0
LPLC1_BOTH,DNge087,L,2,0.0,0.1767766952966369,1,1
LPLC1_BOTH,DNg67,R,1,0.1,0.9617692030835673,2,2
LPLC1_BOTH,"DNg06_b,DNg06_c",L,3,-0.23333333333333334,0.14907119849998596,0,4
LPLC1_BOTH,DNge087,R,2,0.0,0.0,0,0
LPLC1_BOTH,DNge093,L,2,-0.1,0.22360679774997896,1,3
LPLC1_BOTH,DNge015,R,3,0.1333333333333334,0.8928730157319248,2,3
LPLC1_BOTH,DNge120,L,1,-0.1,1.1937336386313322,2,2
LPLC1_BOTH,DNge095,L,1,0.6,0.5477225575051661,3,0
LPLC1_BOTH,DNge090,L,2,0.05,0.4472135954999579,2,2
LPLC1_BOTH,DNge014,L,1,0.5,0.5,3,0
LPLC1_BOTH,DNg36_a,L,2,-0.3,1.4075688260259247,2,3
LPLC1_BOTH,DNge109,R,1,1.1,0.7416198487095663,4,0
LPLC1_BOTH,DNge090,R,2,0.1,0.3791437722025775,3,1
LPLC1_BOTH,DNg53,L,1,10.1,0.8944271909999159,5,0
LPLC1_BOTH,DNge025,L,2,-0.35,0.5477225575051661,1,4
LPLC1_BOTH,DNge117,R,2,-0.1,0.22360679774997896,1,3
LPLC1_BOTH,DNp72,L,1,0.2,0.570087712549569,2,1
LPLC1_BOTH,DNpe012,L,4,-0.05,0.06846531968814576,0,2
LPLC1_BOTH,DNge115,R,4,-0.45,0.48894018039019865,0,4
LPLC1_BOTH,DNg92_b,L,2,0.0,0.6846531968814576,2,3
LPLC1_BOTH,DNge092,L,2,0.35,0.3791437722025775,4,1
LPLC1_BOTH,DNg02_d,L,1,6.8,0.570087712549569,5,0
LPLC1_BOTH,DNg07,R,8,0.8125,0.5659615711335886,4,1
LPLC1_BOTH,DNg07,L,8,0.4,0.46895828705760173,4,0
LPLC1_BOTH,DNge092,R,2,-0.05,0.9905806378079475,2,2
LPLC1_BOTH,DNp17,R,6,-0.09999999999999999,0.16029486718059455,1,4
LPLC1_BOTH,DNge058,L,1,-0.1,0.22360679774997896,0,1
LPLC1_BOTH,DNge038,L,1,0.6,0.5477225575051661,4,0
LPLC1_BOTH,"DNge108,DNge118",L,3,0.9666666666666667,0.4314059701848261,5,0
LPLC1_BOTH,DNge074,L,1,-0.2,0.27386127875258304,0,2
LPLC1_BOTH,DNg02_b,R,2,1.25,0.9682458365518543,5,0
LPLC1_BOTH,DNge115,L,4,-0.175,0.5199158585771355,1,3
LPLC1_BOTH,DNp58,L,1,0.1,0.22360679774997896,1,0
LPLC1_BOTH,DNge094,R,7,-0.08571428571428572,0.12777531299998798,1,4
LPLC1_BOTH,DNge094,L,6,1.1102230246251566e-17,0.27003086243366087,3,2
LPLC1_BOTH,DNge017,L,1,8.9,0.22360679774997896,5,0
LPLC1_BOTH,DNge015,L,2,-0.35,0.518411033833193,1,3
LPLC1_BOTH,DNge017,R,1,10.0,0.5,5,0
LPLC1_BOTH,DNge093,R,2,-0.05,0.2091650066335189,1,2
LPLC1_BOTH,DNge116,L,2,0.05,0.4472135954999579,2,2
LPLC1_BOTH,DNge153,R,1,-0.1,0.4183300132670378,1,2
LPLC1_BOTH,DNg01,L,5,3.6999999999999997,0.41231056256176607,5,0
LPLC1_BOTH,DNg94,L,1,-0.7,0.4472135954999579,0,4
LPLC1_BOTH,DNge116,R,2,0.25,0.5,2,1
LPLC1_BOTH,DNge023,L,1,-0.8,0.758287544405155,0,3
LPLC1_BOTH,DNge085,L,4,1.85,0.5108204185425638,5,0
LPLC1_BOTH,"DNge108,DNge118",R,2,1.8,0.6471089552772392,5,0
LPLC1_BOTH,DNge153,L,1,0.3,0.758287544405155,3,2
LPLC1_BOTH,DNg05_b,R,3,0.8333333333333333,0.3535533905932739,5,0
LPLC1_BOTH,DNpe015,R,5,0.2400000000000002,0.594138031100518,3,1
LPLC1_BOTH,DNg36_b,L,2,0.1,0.6519202405202649,3,2
LPLC1_BOTH,DNge134,L,1,0.7,1.753567791675018,3,1
LPLC1_BOTH,DNge117,L,2,-0.25,0.3535533905932738,1,4
LPLC1_BOTH,DNpe054,R,4,0.05,0.6823672031978091,3,2
LPLC1_BOTH,DNge024,R,3,-0.43333333333333335,0.3248931448269655,0,4
LPLC1_BOTH,DNge114,L,4,1.025,0.5955564624785797,5,0
LPLC1_BOTH,DNg18_b,L,3,0.39999999999999997,0.4503085362035432,4,1
LPLC1_BOTH,DNge009,L,2,-0.2,0.37080992435478316,1,3
LPLC1_BOTH,DNpe015,L,6,0.21666666666666679,0.5355423004353209,4,1
LPLC1_BOTH,DNpe008,R,9,-0.3666666666666667,0.21372648957412604,0,5
LPLC1_BOTH,DNg36_b,R,3,-0.5333333333333334,0.5451809077932042,0,3
LPLC1_BOTH,DNg05_b,L,3,0.7333333333333333,0.22360679774997896,5,0
LPLC1_BOTH,DNp69,L,1,6.0,0.5,5,0
LPLC1_BOTH,DNge089,L,3,0.2,0.46248123085038695,3,2
LPLC1_BOTH,DNpe024,L,1,0.0,0.0,0,0
LPLC1_BOTH,DNg83,R,1,0.8,1.2549900398011133,3,0
LPLC1_BOTH,DNge085,R,4,0.8,0.7634215742301235,4,1
LPLC1_BOTH,DNge114,R,2,0.6,0.5755432216610669,4,0
LPLC1_BOTH,DNge089,R,3,0.30000000000000004,0.4772607021092118,4,1
LPLC1_BOTH,DNge102,R,2,-0.5,0.770551750371122,1,3
LPLC1_BOTH,DNge071,L,8,0.5875,0.21009670392464513,5,0
LPLC1_BOTH,"DNge154,DNge156",R,1,0.0,0.7905694150420949,2,2
LPLC1_BOTH,DNpe054,L,4,-0.45,0.54914706591222,0,4
LPLC1_BOTH,DNg53,R,1,7.3,2.4899799195977463,5,0
LPLC1_BOTH,DNge009,R,2,0.0,0.30618621784789724,1,2
LPLC1_BOTH,DNpe008,L,9,-0.2,0.07453559924999299,0,5
LPLC1_BOTH,DNg110_b,R,3,1.0,0.35355339059327373,5,0
LPLC1_BOTH,DNg18_b,R,3,0.20000000000000007,0.21730674684008827,3,0
LPLC1_BOTH,DNge078,R,1,0.3,3.0124740662784135,1,3
LPLC1_BOTH,DNge071,R,8,0.2125,0.44546324203013654,4,1
LPLC1_BOTH,DNpe009,R,5,7.24,0.3049590136395382,5,0
LPLC1_BOTH,DNpe041,L,1,0.4,0.9617692030835673,2,1
LPLC1_BOTH,DNge024,L,4,-0.1,0.18540496217739158,1,3
LPLC1_BOTH,DNge109,L,1,1.6,0.8944271909999159,5,0
LPLC1_BOTH,DNpe029,R,2,0.3,1.823458252881047,2,2
LPLC1_BOTH,DNge126,L,1,0.2,0.570087712549569,2,1
LPLC1_BOTH,DNg03,L,6,4.116666666666667,0.240081004848132,5,0
LPLC1_BOTH,DNpe029,L,2,0.7,1.535008143300875,3,1
LPLC1_BOTH,DNge126,R,1,0.3,0.8366600265340756,3,2
LPLC1_BOTH,DNge119,L,1,0.0,0.0,0,0
LPLC1_BOTH,DNg110_a,R,3,1.5000000000000002,0.645497224367903,5,0
LPLC1_BOTH,DNg10,L,6,-0.13333333333333336,0.4065436972550156,2,3
LPLC1_BOTH,DNg10,R,6,-0.23333333333333328,0.22360679774997896,1,4
LPLC1_BOTH,DNg92_b,R,2,-0.25,0.25,0,3
LPLC1_BOTH,DNg18_a,L,2,-0.35,0.6274950199005567,1,2
LPLC1_BOTH,DNpe036,R,1,0.4,0.4183300132670378,3,0
LPLC1_BOTH,DNpe011,R,2,-0.05,0.27386127875258304,1,1
LPLC1_BOTH,DNg18_a,R,1,0.2,0.27386127875258304,2,0
LPLC1_BOTH,DNge045,L,1,0.5,0.5,3,0
LPLC1_BOTH,DNpe011,L,2,0.05,0.11180339887498948,1,0
LPLC1_BOTH,DNg39,L,1,0.1,0.4183300132670378,2,1
LPLC1_BOTH,DNd02,R,1,-0.3,0.6708203932499369,1,2
LPLC1_BOTH,DNg47,L,1,0.0,0.0,0,0
LPLC1_BOTH,DNge013,R,1,0.0,1.0,3,2
LPLC1_BOTH,DNpe018,L,2,3.25,0.39528470752104744,5,0
LPLC1_BOTH,DNg110_b,L,3,0.16666666666666666,0.2041241452319315,4,1
LPLC1_BOTH,DNge046,R,2,0.15,0.6754628043053148,3,2
LPLC1_BOTH,DNge083,L,1,-0.2,0.9082951062292475,1,2
LPLC1_BOTH,DNpe018,R,1,0.0,0.0,0,0
LPLC1_BOTH,DNg65,L,1,0.2,0.570087712549569,2,1
LPLC1_BOTH,DNge074,R,1,0.1,0.22360679774997896,1,0
LPLC1_BOTH,DNge102,L,2,-0.2,0.32596012026013244,1,3
LPLC1_BOTH,DNg02_e,L,1,6.1,0.22360679774997896,5,0
LPLC1_BOTH,DNge144,L,1,-0.1,0.4183300132670378,1,2
LPLC1_BOTH,DNg92_a,L,1,-1.6,0.9617692030835673,0,4
LPLC1_BOTH,DNg60,R,1,-0.4,0.7416198487095663,1,3
LPLC1_BOTH,DNg92_a,R,1,-1.6,0.6519202405202649,0,5
LPLC1_BOTH,DNge130,L,1,0.0,0.0,0,0
LPLC1_BOTH,"DNge061,DNge066",L,2,0.05,0.11180339887498948,1,0
LPLC1_BOTH,DNg02_c,R,2,2.55,0.32596012026013244,5,0
LPLC1_BOTH,"DNge061,DNge066",R,2,0.0,0.1767766952966369,1,1
LPLC1_BOTH,DNg97,R,1,1.7,0.6708203932499369,5,0
LPLC1_BOTH,DNg04,L,2,-0.15,0.13693063937629152,0,3
LPLC1_BOTH,DNge050,R,1,-0.2,0.4472135954999579,1,3
LPLC1_BOTH,DNge173,L,1,0.0,0.3535533905932738,1,1
LPLC1_BOTH,DNg02_c,L,2,0.65,0.6274950199005567,3,0
LPLC1_BOTH,DNpe048,R,1,0.1,0.5477225575051661,3,2
LPLC1_BOTH,DNp42,R,1,-0.3,0.4472135954999579,1,4
LPLC1_BOTH,DNg13,R,1,0.1,0.7416198487095663,2,1
LPLC1_BOTH,DNae001,L,1,0.3,0.6708203932499369,2,1
LPLC1_BOTH,DNc01,R,1,0.4,0.22360679774997896,4,0
LPLC1_BOTH,DNge055,L,1,0.0,0.0,0,0
LPLC1_BOTH,DNge016,L,1,0.0,0.0,0,0
LPLC1_BOTH,DNge105,R,1,0.3,1.2041594578792296,2,2
LPLC1_BOTH,DNd05,R,1,1.4,0.9617692030835673,4,0
LPLC1_BOTH,DNg15,R,1,1.2,2.8416544476765644,3,1
LPLC1_BOTH,DNge086,L,1,-0.1,0.22360679774997896,0,1
LPLC1_BOTH,DNp44,R,1,0.0,0.0,0,0
LPLC1_BOTH,DNpe039,R,1,1.3,0.4472135954999579,5,0
LPLC1_BOTH,DNa09,L,1,5.0,0.5,5,0
LPLC1_BOTH,DNge003,R,1,0.0,0.0,0,0
LPLC1_BOTH,DNge032,R,1,0.2,0.758287544405155,1,1
LPLC1_BOTH,DNg61,R,1,-1.0,0.6123724356957945,0,4
LPLC1_BOTH,DNg49,R,1,0.2,0.758287544405155,3,1
LPLC1_BOTH,DNpe027,L,1,0.4,0.4183300132670378,3,0
LPLC1_BOTH,DNp26,R,1,0.7,0.570087712549569,4,0
LPLC1_BOTH,DNg76,L,1,0.2,0.27386127875258304,2,0
LPLC1_BOTH,DNg67,L,1,-0.4,0.9617692030835673,1,3
LPLC1_BOTH,DNg02_e,R,1,7.7,0.6708203932499369,5,0
LPLC1_BOTH,DNg64,R,1,0.8,1.036822067666386,3,1
LPLC1_BOTH,DNde007,L,1,0.5,0.3535533905932738,4,0
LPLC1_BOTH,DNg81,L,1,1.3,1.8907670401189036,4,1
LPLC1_BOTH,DNg23,R,1,-0.4,0.8215838362577492,2,3
LPLC1_BOTH,DNge030,R,1,0.1,0.4183300132670378,2,1
LPLC1_BOTH,DNg77,R,1,-0.2,0.570087712549569,1,2
LPLC1_BOTH,DNp08,L,1,0.8,0.4472135954999579,5,0
LPLC1_BOTH,DNpe007,R,1,0.2,0.27386127875258304,2,0
LPLC1_BOTH,DNg85,L,1,0.0,0.0,0,0
LPLC1_BOTH,DNae005,L,1,0.2,0.758287544405155,1,1
LPLC1_BOTH,DNp28,L,1,1.0,0.0,5,0
LPLC1_BOTH,DNge120,R,1,0.7,0.570087712549569,4,0
LPLC1_BOTH,DNp34,R,1,0.0,0.3535533905932738,1,1
LPLC1_BOTH,DNa16,L,1,-0.1,0.4183300132670378,1,2
LPLC1_BOTH,DNg24,R,1,-0.2,0.570087712549569,1,2
LPLC1_BOTH,DNa03,L,1,0.4,0.4183300132670378,3,0
LPLC1_BOTH,DNp71,L,1,0.1,0.5477225575051661,1,1
LPLC1_BOTH,DNge119,R,1,2.6,0.22360679774997896,5,0
LPLC1_BOTH,DNge062,L,1,-0.1,0.22360679774997896,0,1
LPLC1_BOTH,DNa06,L,1,-0.2,0.27386127875258304,0,2
LPLC1_BOTH,DNge148,L,1,1.0,0.3535533905932738,5,0
LPLC1_BOTH,DNg75,R,1,0.0,0.0,0,0
LPLC1_BOTH,DNpe016,R,1,0.7,0.758287544405155,4,1
LPLC1_BOTH,DNp46,L,1,-0.2,0.27386127875258304,0,2
LPLC1_BOTH,DNb04,L,1,0.4,0.6519202405202649,3,1
LPLC1_BOTH,DNae007,L,1,0.1,0.6519202405202649,2,2
LPLC1_BOTH,DNp56,R,1,-0.2,0.27386127875258304,0,2
LPLC1_BOTH,DNae002,R,1,4.5,0.5,5,0
LPLC1_BOTH,DNge130,R,1,0.0,0.0,0,0
LPLC1_BOTH,DNp104,R,1,2.7,0.758287544405155,5,0
LPLC1_BOTH,DNpe024,R,1,0.3,0.4472135954999579,2,0
LPLC1_BOTH,DNge063,R,1,-0.7,0.758287544405155,1,4
LPLC1_BOTH,DNpe023,R,1,0.0,0.0,0,0
LPLC1_BOTH,DNpe048,L,1,0.0,0.3535533905932738,1,1
LPLC1_BOTH,DNpe037,L,1,5.3,0.4472135954999579,5,0
LPLC1_BOTH,DNp56,L,1,-0.8,0.758287544405155,0,4
LPLC1_BOTH,DNp47,L,1,-0.5,0.6123724356957945,1,4
LPLC1_BOTH,DNp53,R,1,0.0,0.0,0,0
LPLC1_BOTH,DNge055,R,1,-0.1,0.22360679774997896,0,1
LPLC1_BOTH,DNa10,L,1,-0.3,0.570087712549569,1,3
LPLC1_BOTH,DNae008,L,1,-0.1,0.6519202405202649,2,2
LPLC1_BOTH,DNge051,L,1,-0.5,0.6123724356957945,0,3
LPLC1_BOTH,DNa02,L,1,0.1,0.6519202405202649,2,2
LPLC1_BOTH,pIP10,L,1,-0.4,0.22360679774997896,0,4
LPLC1_BOTH,DNp05,L,1,0.5,0.7071067811865476,4,1
LPLC1_BOTH,DNge012,R,1,-0.7,1.4404860290887933,2,3
LPLC1_BOTH,DNg14,L,1,0.2,0.4472135954999579,3,1
LPLC1_BOTH,DNa06,R,1,0.1,0.22360679774997896,1,0
LPLC1_BOTH,DNg65,R,1,0.4,0.22360679774997896,4,0
LPLC1_BOTH,DNbe001,R,1,0.2,1.036822067666386,3,1
LPLC1_BOTH,DNp32,R,1,0.4,0.22360679774997896,4,0
LPLC1_BOTH,DNge128,L,1,0.0,0.0,0,0
LPLC1_BOTH,DNg74_b,R,1,0.5,0.7071067811865476,4,1
LPLC1_BOTH,DNa13,L,2,0.0,0.1767766952966369,1,1
LPLC1_BOTH,DNp39,L,1,0.2,0.4472135954999579,3,1
LPLC1_BOTH,DNge073,L,1,1.0,0.5,5,0
LPLC1_BOTH,DNpe022,L,1,0.0,0.7905694150420949,2,2
LPLC1_BOTH,DNp04,L,1,0.2,0.4472135954999579,3,1
LPLC1_BOTH,DNp23,R,1,1.9,0.6519202405202649,5,0
LPLC1_BOTH,DNge014,R,1,2.9,0.6519202405202649,5,0
LPLC1_BOTH,DNp27,L,1,0.8,1.1510864433221337,4,1
LPLC1_BOTH,DNge004,L,1,0.0,0.0,0,0
LPLC1_BOTH,"DNge154,DNge156",L,1,-0.4,0.4183300132670378,0,3
LPLC1_BOTH,DNg69,L,1,-0.2,0.27386127875258304,0,2
LPLC1_BOTH,DNge146,L,1,0.1,0.4183300132670378,2,1
LPLC1_BOTH,DNge079,R,1,0.2,0.570087712549569,2,1
LPLC1_BOTH,DNae009,L,1,-0.4,0.5477225575051661,1,4
LPLC1_BOTH,DNg29,R,1,0.0,0.0,0,0
LPLC1_BOTH,DNge172,L,1,3.2,3.2326459750489227,3,1
LPLC1_BOTH,DNge077,R,1,-0.3,0.9746794344808964,2,3
LPLC1_BOTH,DNpe017,R,1,-0.3,1.036822067666386,1,4
LPLC1_BOTH,DNp32,L,1,-0.1,0.6519202405202649,1,3
LPLC1_BOTH,DNge104,L,1,0.0,0.5,2,2
LPLC1_BOTH,DNge045,R,1,0.8,1.6046806535881213,2,1
LPLC1_BOTH,DNp19,R,1,-0.3,0.6708203932499369,1,2
LPLC1_BOTH,DNge070,R,1,1.2,0.9082951062292475,4,0
LPLC1_BOTH,DNpe021,R,1,3.3,0.570087712549569,5,0
LPLC1_BOTH,DNg71,L,1,0.2,1.036822067666386,3,1
LPLC1_BOTH,DNge079,L,1,0.2,0.27386127875258304,2,0
LPLC1_BOTH,DNp12,R,1,-0.1,0.8944271909999159,3,2
LPLC1_BOTH,DNpe002,R,1,-0.1,0.22360679774997896,0,1
LPLC1_BOTH,DNge088,R,1,-0.3,0.570087712549569,1,3
LPLC1_BOTH,DNpe032,R,1,0.2,0.570087712549569,2,1
LPLC1_BOTH,DNpe016,L,1,1.4,0.9617692030835673,4,0
LPLC1_BOTH,DNp57,R,1,0.1,1.2449899597988732,3,2
LPLC1_BOTH,DNg46,R,1,-0.9,0.4183300132670378,0,5
LPLC1_BOTH,DNpe005,R,1,-0.4,0.6519202405202649,0,2
LPLC1_BOTH,DNp64,L,1,4.6,0.8215838362577492,5,0
LPLC1_BOTH,DNge106,L,1,0.1,0.4183300132670378,2,1
LPLC1_BOTH,DNpe039,L,1,0.8,0.570087712549569,4,0
LPLC2_BOTH,DNp01,R,1,22.6,0.4183300132670378,5,0
LPLC2_BOTH,DNp01,L,1,19.0,0.5,5,0
LPLC2_BOTH,DNp18,R,1,-0.2,0.4472135954999579,1,3
LPLC2_BOTH,pIP1,L,1,0.0,0.0,0,0
LPLC2_BOTH,DNg56,R,1,-0.9,0.4183300132670378,0,5
LPLC2_BOTH,pIP1,R,1,0.0,0.0,0,0
LPLC2_BOTH,DNg100,L,1,-0.1,0.22360679774997896,0,1
LPLC2_BOTH,DNp18,L,1,0.1,0.5477225575051661,3,2
LPLC2_BOTH,DNpe013,R,1,-0.1,0.6519202405202649,2,2
LPLC2_BOTH,DNg100,R,1,0.0,0.0,0,0
LPLC2_BOTH,DNp20,R,1,0.0,0.3535533905932738,1,1
LPLC2_BOTH,DNp27,R,1,1.8,0.6708203932499369,5,0
LPLC2_BOTH,DNb05,R,1,0.0,0.0,0,0
LPLC2_BOTH,DNp30,R,1,1.6,0.4183300132670378,5,0
LPLC2_BOTH,aSP22,L,1,0.6,0.4183300132670378,4,0
LPLC2_BOTH,DNpe042,L,1,5.3,0.570087712549569,5,0
LPLC2_BOTH,aSP22,R,1,-0.3,0.27386127875258304,0,3
LPLC2_BOTH,DNp11,R,1,0.2,0.27386127875258304,2,0
LPLC2_BOTH,DNp02,R,1,3.9,0.4183300132670378,5,0
LPLC2_BOTH,DNb05,L,1,1.6,0.9617692030835673,4,0
LPLC2_BOTH,DNg30,L,1,-0.8,0.4472135954999579,0,4
LPLC2_BOTH,DNg105,L,1,0.3,0.4472135954999579,2,0
LPLC2_BOTH,DNg74_a,R,1,0.6,0.4183300132670378,4,0
LPLC2_BOTH,DNge031,L,1,-0.1,1.140175425099138,2,2
LPLC2_BOTH,DNg15,L,1,-0.5,1.6583123951777,1,3
LPLC2_BOTH,DNp30,L,1,2.1,0.4183300132670378,5,0
LPLC2_BOTH,DNge103,R,1,0.6,0.5477225575051661,4,0
LPLC2_BOTH,DNg90,L,1,-0.3,0.570087712549569,1,3
LPLC2_BOTH,DNp20,L,1,0.0,0.6123724356957945,1,2
LPLC2_BOTH,DNge036,L,1,0.0,0.0,0,0
LPLC2_BOTH,DNg16,L,1,-0.4,0.6519202405202649,0,2
LPLC2_BOTH,DNg75,L,1,-0.1,0.22360679774997896,0,1
LPLC2_BOTH,DNp29,R,1,1.2,0.758287544405155,4,0
LPLC2_BOTH,DNp02,L,1,0.7,0.27386127875258304,5,0
LPLC2_BOTH,DNge083,R,1,-0.3,0.9082951062292475,1,3
LPLC2_BOTH,DNge037,R,1,0.0,0.7905694150420949,2,2
LPLC2_BOTH,DNg35,R,1,0.0,1.4142135623730951,3,2
LPLC2_BOTH,DNge037,L,1,0.1,0.8215838362577492,3,2
LPLC2_BOTH,DNpe056,L,1,17.2,1.0954451150103321,5,0
LPLC2_BOTH,DNp06,L,1,9.8,0.570087712549569,5,0
LPLC2_BOTH,DNp35,L,1,4.6,0.5477225575051661,5,0
LPLC2_BOTH,DNg99,R,1,-0.1,0.4183300132670378,1,2
LPLC2_BOTH,DNg30,R,1,-1.3,0.4472135954999579,0,5
LPLC2_BOTH,DNp55,L,1,2.9,0.5477225575051661,5,0
LPLC2_BOTH,DNp36,R,1,-0.2,0.4472135954999579,1,3
LPLC2_BOTH,DNg74_a,L,1,1.0,0.7071067811865476,4,0
LPLC2_BOTH,DNp31,L,1,0.7,0.27386127875258304,5,0
LPLC2_BOTH,DNp11,L,1,0.3,0.570087712549569,3,1
LPLC2_BOTH,DNp31,R,1,0.3,0.4472135954999579,2,0
LPLC2_BOTH,DNg108,L,1,0.4,0.5477225575051661,4,1
LPLC2_BOTH,DNp47,R,1,-1.4,0.5477225575051661,0,5
LPLC2_BOTH,DNg108,R,1,0.6,0.8215838362577492,2,0
LPLC2_BOTH,DNp103,R,1,15.8,0.6708203932499369,5,0
LPLC2_BOTH,DNpe053,L,1,1.1,0.6519202405202649,4,0
LPLC2_BOTH,DNg34,L,1,0.1,0.6519202405202649,2,2
LPLC2_BOTH,DNge054,R,1,0.8,1.4832396974191326,3,2
LPLC2_BOTH,DNge050,L,1,-0.3,0.9082951062292475,2,2
LPLC2_BOTH,DNge041,R,1,-0.1,0.4183300132670378,1,2
LPLC2_BOTH,DNge031,R,1,-0.5,0.7071067811865476,1,3
LPLC2_BOTH,DNg22,R,1,-0.8,0.758287544405155,0,4
LPLC2_BOTH,DNp19,L,1,0.4,0.4183300132670378,3,0
LPLC2_BOTH,DNc02,R,1,0.0,0.0,0,0
LPLC2_BOTH,DNp73,R,1,0.1,0.22360679774997896,1,0
LPLC2_BOTH,DNa02,R,1,0.0,0.0,0,0
LPLC2_BOTH,DNg40,L,1,20.1,0.4183300132670378,5,0
LPLC2_BOTH,DNp59,R,1,-1.7,0.4472135954999579,0,5
LPLC2_BOTH,DNge054,L,1,2.0,3.409545424246464,3,0
LPLC2_BOTH,DNa10,R,1,-0.7,0.4472135954999579,0,4
LPLC2_BOTH,DNp63,R,1,0.0,0.3535533905932738,1,1
LPLC2_BOTH,DNp13,R,1,-0.2,0.8366600265340756,1,2
LPLC2_BOTH,DNg98,L,1,1.7,0.9082951062292475,5,0
LPLC2_BOTH,DNb09,R,1,0.8,0.758287544405155,3,0
LPLC2_BOTH,DNde002,L,1,0.0,0.0,0,0
LPLC2_BOTH,DNp103,L,1,15.5,0.5,5,0
LPLC2_BOTH,DNp10,L,1,-0.4,0.8944271909999159,2,3
LPLC2_BOTH,DNp10,R,1,0.2,0.570087712549569,2,1
LPLC2_BOTH,DNg16,R,1,-0.2,0.27386127875258304,0,2
LPLC2_BOTH,DNa01,L,1,0.5,0.6123724356957945,4,1
LPLC2_BOTH,DNge035,L,1,0.2,0.758287544405155,3,1
LPLC2_BOTH,DNp73,L,1,-0.1,0.22360679774997896,0,1
LPLC2_BOTH,DNge138,M,2,0.35,0.2850438562747845,4,0
LPLC2_BOTH,DNpe025,L,1,11.1,0.4183300132670378,5,0
LPLC2_BOTH,DNp13,L,1,-0.2,0.570087712549569,1,2
LPLC2_BOTH,DNa09,R,1,0.2,0.570087712549569,2,1
LPLC2_BOTH,DNp08,R,1,0.7,0.4472135954999579,4,0
LPLC2_BOTH,DNbe001,L,1,0.1,0.7416198487095663,2,1
LPLC2_BOTH,DNg35,L,1,1.9,4.364630568559039,3,2
LPLC2_BOTH,DNge039,R,1,-0.6,0.8944271909999159,1,3
LPLC2_BOTH,DNp62,R,1,1.1,0.4183300132670378,5,0
LPLC2_BOTH,DNg37,R,1,0.0,0.0,0,0
LPLC2_BOTH,DNg74_b,L,1,0.1,0.5477225575051661,3,2
LPLC2_BOTH,DNpe017,L,1,-0.4,0.8215838362577492,1,2
LPLC2_BOTH,DNg37,L,1,0.0,0.0,0,0
LPLC2_BOTH,DNg29,L,1,0.0,0.0,0,0
LPLC2_BOTH,DNa16,R,1,-0.1,0.7416198487095663,1,2
LPLC2_BOTH,DNg88,R,1,0.1,0.22360679774997896,1,0
LPLC2_BOTH,DNg80,R,1,-0.4,0.6519202405202649,1,3
LPLC2_BOTH,DNp29,L,1,0.6,0.4183300132670378,4,0
LPLC2_BOTH,DNp35,R,1,4.9,0.6519202405202649,5,0
LPLC2_BOTH,DNp26,L,1,1.3,0.27386127875258304,5,0
LPLC2_BOTH,DNde002,R,1,0.0,0.0,0,0
LPLC2_BOTH,DNg96,R,1,0.1,0.22360679774997896,1,0
LPLC2_BOTH,DNpe034,R,1,-0.2,0.27386127875258304,0,2
LPLC2_BOTH,DNp70,L,1,3.8,0.27386127875258304,5,0
LPLC2_BOTH,DNge040,L,1,0.0,0.6123724356957945,2,1
LPLC2_BOTH,DNp06,R,1,10.0,0.7071067811865476,5,0
LPLC2_BOTH,DNge011,L,1,0.8,2.4647515087732477,2,1
LPLC2_BOTH,DNp43,L,1,-0.5,0.7905694150420949,1,3
LPLC2_BOTH,DNpe052,L,1,3.7,0.27386127875258304,5,0
LPLC2_BOTH,DNpe025,R,1,12.4,0.4183300132670378,5,0
LPLC2_BOTH,DNge059,R,1,0.0,0.0,0,0
LPLC2_BOTH,DNp38,L,1,0.6,0.4183300132670378,4,0
LPLC2_BOTH,DNb01,L,1,1.6,0.7416198487095663,5,0
LPLC2_BOTH,DNge003,L,1,0.0,0.0,0,0
LPLC2_BOTH,DNp33,R,1,0.5,0.9354143466934853,3,2
LPLC2_BOTH,DNge006,R,1,0.0,0.5,2,2
LPLC2_BOTH,DNae009,R,1,0.4,0.8944271909999159,3,2
LPLC2_BOTH,DNp59,L,1,-0.6,1.02469507659596,1,4
LPLC2_BOTH,DNg49,L,1,0.9,0.8215838362577492,4,0
LPLC2_BOTH,DNp48,L,1,-0.1,0.22360679774997896,0,1
LPLC2_BOTH,DNge132,L,1,2.5,7.097534783289195,3,2
LPLC2_BOTH,DNpe001,L,1,-0.1,0.4183300132670378,1,2
LPLC2_BOTH,DNge036,R,1,0.0,0.0,0,0
LPLC2_BOTH,DNc02,L,1,0.0,0.5,2,2
LPLC2_BOTH,"DNg102_a,DNg102_b",R,2,0.4,0.4183300132670378,4,1
LPLC2_BOTH,DNb07,L,1,0.2,0.27386127875258304,2,0
LPLC2_BOTH,DNp36,L,1,0.3,0.570087712549569,3,1
LPLC2_BOTH,DNp42,L,1,-0.2,0.27386127875258304,0,2
LPLC2_BOTH,DNg93,R,1,0.1,0.22360679774997896,1,0
LPLC2_BOTH,DNp62,L,1,1.3,0.4472135954999579,5,0
LPLC2_BOTH,DNpe002,L,1,0.0,0.6123724356957945,1,2
LPLC2_BOTH,DNpe056,R,1,15.8,1.1510864433221337,5,0
LPLC2_BOTH,DNg93,L,1,0.0,0.0,0,0
LPLC2_BOTH,DNg24,L,1,-0.1,0.7416198487095663,1,2
LPLC2_BOTH,DNge143,L,1,-0.4,1.7818529681205462,1,3
LPLC2_BOTH,DNp03,L,1,1.2,0.758287544405155,5,0
LPLC2_BOTH,DNb01,R,1,1.5,0.3535533905932738,5,0
LPLC2_BOTH,DNa01,R,1,0.7,0.570087712549569,4,0
LPLC2_BOTH,MDN,R,2,0.35,0.2850438562747845,4,0
LPLC2_BOTH,pMP2,R,1,0.0,0.0,0,0
LPLC2_BOTH,DNp23,L,1,0.1,0.4183300132670378,2,1
LPLC2_BOTH,DNp09,L,1,0.2,0.4472135954999579,1,0
LPLC2_BOTH,DNbe007,L,1,-0.4,0.22360679774997896,0,4
LPLC2_BOTH,DNb02,R,2,0.35,0.45414755311462374,4,1
LPLC2_BOTH,DNp66,L,1,1.9,0.6519202405202649,5,0
LPLC2_BOTH,DNp43,R,1,0.5,0.7905694150420949,3,1
LPLC2_BOTH,DNge047,R,1,0.8,0.4472135954999579,5,0
LPLC2_BOTH,DNp48,R,1,-0.1,0.22360679774997896,0,1
LPLC2_BOTH,DNge062,R,1,-0.4,0.8215838362577492,1,4
LPLC2_BOTH,DNpe013,L,1,0.4,0.7416198487095663,3,1
LPLC2_BOTH,DNa15,R,1,0.4,0.9617692030835673,3,1
LPLC2_BOTH,DNde005,R,1,0.1,0.6519202405202649,2,2
LPLC2_BOTH,CB0429,L,1,-0.1,0.22360679774997896,0,1
LPLC2_BOTH,DNge053,L,1,0.5,0.7905694150420949,3,1
LPLC2_BOTH,DNge107,R,1,0.0,0.5,2,2
LPLC2_BOTH,DNge049,L,1,1.8,0.6708203932499369,5,0
LPLC2_BOTH,DNge129,R,1,0.2,0.570087712549569,2,1
LPLC2_BOTH,DNg39,R,1,0.0,0.7905694150420949,2,2
LPLC2_BOTH,DNa15,L,1,0.6,0.6519202405202649,3,0
LPLC2_BOTH,DNg88,L,1,0.1,0.22360679774997896,1,0
LPLC2_BOTH,DNb06,L,1,-0.2,0.4472135954999579,1,3
LPLC2_BOTH,DNg90,R,1,0.2,0.27386127875258304,2,0
LPLC2_BOTH,DNg40,R,1,24.8,0.27386127875258304,5,0
LPLC2_BOTH,DNa04,R,1,1.2,0.570087712549569,5,0
LPLC2_BOTH,pMP2,L,1,0.0,0.0,0,0
LPLC2_BOTH,DNpe045,L,1,6.6,0.22360679774997896,5,0
LPLC2_BOTH,DNge107,L,1,-0.2,1.036822067666386,2,2
LPLC2_BOTH,DNp69,R,1,2.4,0.5477225575051661,5,0
LPLC2_BOTH,DNg98,R,1,1.8,0.570087712549569,5,0
LPLC2_BOTH,DNg70,R,1,0.7,0.758287544405155,4,0
LPLC2_BOTH,DNp34,L,1,6.3,0.4472135954999579,5,0
LPLC2_BOTH,DNa11,L,1,0.2,0.570087712549569,2,1
LPLC2_BOTH,DNa03,R,1,0.0,0.0,0,0
LPLC2_BOTH,DNge146,R,1,0.7,0.570087712549569,4,0
LPLC2_BOTH,DNge103,L,1,0.2,0.4472135954999579,3,1
LPLC2_BOTH,DNbe004,R,1,0.4,0.5477225575051661,4,1
LPLC2_BOTH,DNp03,R,1,1.5,0.9354143466934853,5,0
LPLC2_BOTH,DNae002,L,1,0.7,0.9082951062292475,4,1
LPLC2_BOTH,DNge129,L,1,0.3,0.758287544405155,2,1
LPLC2_BOTH,DNp05,R,1,2.6,0.4183300132670378,5,0
LPLC2_BOTH,DNb09,L,1,1.4,1.08397416943394,4,0
LPLC2_BOTH,DNg80,L,1,-0.6,0.9617692030835673,1,3
LPLC2_BOTH,DNge068,R,1,-0.2,1.2549900398011133,1,4
LPLC2_BOTH,DNbe004,L,1,0.8,0.758287544405155,4,1
LPLC2_BOTH,DNge032,L,1,0.0,0.0,0,0
LPLC2_BOTH,DNp14,R,1,0.0,0.0,0,0
LPLC2_BOTH,DNa13,R,2,0.05,0.11180339887498948,1,0
LPLC2_BOTH,DNb06,R,1,0.0,0.3535533905932738,1,1
LPLC2_BOTH,DNp12,L,1,0.0,0.5,2,2
LPLC2_BOTH,DNg13,L,1,-0.5,0.7905694150420949,1,3
LPLC2_BOTH,DNg99,L,1,-0.4,0.4183300132670378,0,3
LPLC2_BOTH,DNg96,L,1,0.1,0.22360679774997896,1,0
LPLC2_BOTH,DNp55,R,1,2.2,0.570087712549569,5,0
LPLC2_BOTH,DNge067,L,1,-0.5,0.3535533905932738,0,4
LPLC2_BOTH,DNg78,L,1,-0.1,0.8944271909999159,1,1
LPLC2_BOTH,DNge141,R,1,0.3,0.27386127875258304,3,0
LPLC2_BOTH,DNbe003,L,1,-0.1,0.4183300132670378,1,2
LPLC2_BOTH,pIP10,R,1,-0.4,0.4183300132670378,0,3
LPLC2_BOTH,DNp52,L,1,0.0,0.3535533905932738,1,1
LPLC2_BOTH,DNge059,L,1,0.0,0.0,0,0
LPLC2_BOTH,DNg70,L,1,0.6,0.4183300132670378,4,0
LPLC2_BOTH,DNp70,R,1,4.1,0.4183300132670378,5,0
LPLC2_BOTH,DNp04,R,1,24.2,0.4472135954999579,5,0
LPLC2_BOTH,DNge026,R,1,0.1,0.22360679774997896,1,0
LPLC2_BOTH,DNp71,R,1,11.2,0.758287544405155,5,0
LPLC2_BOTH,DNd02,L,1,-0.1,0.22360679774997896,0,1
LPLC2_BOTH,DNg32,R,1,0.3,0.758287544405155,2,1
LPLC2_BOTH,DNg103,R,1,-0.1,0.22360679774997896,0,1
LPLC2_BOTH,DNp09,R,1,0.4,0.4183300132670378,3,0
LPLC2_BOTH,DNge051,R,1,-0.4,0.22360679774997896,0,4
LPLC2_BOTH,DNp101,R,1,-0.2,0.27386127875258304,0,2
LPLC2_BOTH,DNg19,R,1,-0.3,0.758287544405155,2,3
LPLC2_BOTH,DNpe007,L,1,0.0,0.7071067811865476,1,1
LPLC2_BOTH,DNp49,L,1,0.0,0.0,0,0
LPLC2_BOTH,DNp15,R,1,-0.1,0.5477225575051661,2,3
LPLC2_BOTH,DNg111,L,1,0.3,1.1510864433221337,3,1
LPLC2_BOTH,DNg79,L,2,0.0,0.39528470752104744,2,2
LPLC2_BOTH,DNde003,L,2,-0.15,0.4183300132670378,2,3
LPLC2_BOTH,DNa11,R,1,0.1,0.4183300132670378,2,1
LPLC2_BOTH,DNge143,R,1,-0.5,1.118033988749895,1,4
LPLC2_BOTH,DNbe006,L,1,0.2,0.758287544405155,1,1
LPLC2_BOTH,DNpe043,L,1,0.3,0.4472135954999579,4,1
LPLC2_BOTH,DNge040,R,1,-0.2,0.9082951062292475,1,2
LPLC2_BOTH,DNp45,R,1,0.6,0.8215838362577492,3,1
LPLC2_BOTH,DNd05,L,1,2.7,0.570087712549569,5,0
LPLC2_BOTH,DNp68,R,1,0.7,0.758287544405155,3,0
LPLC2_BOTH,DNp54,L,1,-0.3,0.6708203932499369,1,2
LPLC2_BOTH,MDN,L,2,-0.05,0.27386127875258304,1,1
LPLC2_BOTH,DNp66,R,1,3.1,0.4183300132670378,5,0
LPLC2_BOTH,DNbe003,R,1,0.1,0.22360679774997896,1,0
LPLC2_BOTH,DNp49,R,1,0.0,0.0,0,0
LPLC2_BOTH,DNg104,R,1,-0.2,0.758287544405155,1,3
LPLC2_BOTH,DNge042,L,1,0.0,0.0,0,0
LPLC2_BOTH,DNge048,R,1,1.1,0.5477225575051661,5,0
LPLC2_BOTH,DNae003,R,1,1.0,0.6123724356957945,4,0
LPLC2_BOTH,DNpe045,R,1,8.2,0.8366600265340756,5,0
LPLC2_BOTH,DNge027,L,1,-1.3,0.6708203932499369,0,5
LPLC2_BOTH,DNbe007,R,1,-0.1,0.6519202405202649,1,3
LPLC2_BOTH,DNc01,L,1,0.0,0.0,0,0
LPLC2_BOTH,DNp102,R,1,1.8,0.570087712549569,5,0
LPLC2_BOTH,DNg60,L,1,-0.2,0.27386127875258304,0,2
LPLC2_BOTH,DNp14,L,1,-0.1,0.22360679774997896,0,1
LPLC2_BOTH,DNa08,R,1,-0.2,0.570087712549569,1,2
LPLC2_BOTH,DNpe023,L,1,0.0,0.0,0,0
LPLC2_BOTH,DNg31,R,1,-0.2,0.9746794344808964,1,4
LPLC2_BOTH,DNge141,L,1,-0.2,0.758287544405155,1,3
LPLC2_BOTH,DNge048,L,1,1.2,0.9746794344808964,4,0
LPLC2_BOTH,DNge026,L,1,0.1,0.22360679774997896,1,0
LPLC2_BOTH,CB0429,R,1,0.2,0.27386127875258304,2,0
LPLC2_BOTH,DNge101,R,1,-1.3,0.4472135954999579,0,5
LPLC2_BOTH,DNp33,L,1,-0.3,0.4472135954999579,0,2
LPLC2_BOTH,DNge043,L,1,0.7,0.570087712549569,4,0
LPLC2_BOTH,DNpe006,L,1,0.0,0.7071067811865476,2,3
LPLC2_BOTH,DNge149,M,1,1.0,0.7905694150420949,4,0
LPLC2_BOTH,DNg27,L,1,-0.4,0.22360679774997896,0,4
LPLC2_BOTH,DNb04,R,1,-0.1,0.6519202405202649,2,2
LPLC2_BOTH,DNge065,R,1,0.1,0.4183300132670378,2,1
LPLC2_BOTH,DNd03,L,1,1.5,0.7071067811865476,5,0
LPLC2_BOTH,DNde005,L,1,0.7,0.8366600265340756,4,1
LPLC2_BOTH,DNge043,R,1,-0.1,0.6519202405202649,2,2
LPLC2_BOTH,DNge132,R,1,0.4,1.3874436925511608,3,2
LPLC2_BOTH,DNp54,R,1,-0.6,0.4183300132670378,0,4
LPLC2_BOTH,DNp07,R,1,0.3,0.570087712549569,3,1
LPLC2_BOTH,DNg101,L,1,0.1,0.6519202405202649,2,2
LPLC2_BOTH,DNge152,M,1,0.3,0.570087712549569,3,1
LPLC2_BOTH,DNp63,L,1,0.2,0.27386127875258304,2,0
LPLC2_BOTH,DNae001,R,1,1.0,1.0606601717798212,4,1
LPLC2_BOTH,DNpe021,L,1,1.2,1.036822067666386,4,0
LPLC2_BOTH,DNge049,R,1,0.9,0.4183300132670378,5,0
LPLC2_BOTH,DNpe022,R,1,0.9,0.5477225575051661,4,0
LPLC2_BOTH,DNg31,L,1,0.6,0.6519202405202649,3,0
LPLC2_BOTH,DNge084,R,1,0.2,0.6708203932499369,3,2
LPLC2_BOTH,DNae007,R,1,-0.2,1.036822067666386,1,3
LPLC2_BOTH,DNp45,L,1,0.7,0.27386127875258304,5,0
LPLC2_BOTH,DNpe032,L,1,0.5,0.7905694150420949,3,1
LPLC2_BOTH,DNae005,R,1,-1.0,1.2747548783981961,1,3
LPLC2_BOTH,DNpe052,R,1,0.1,0.22360679774997896,1,0
LPLC2_BOTH,DNpe006,R,1,0.7,1.396424004376894,2,1
LPLC2_BOTH,DNg27,R,1,-0.8,0.570087712549569,0,4
LPLC2_BOTH,DNpe005,L,1,-0.3,0.9082951062292475,1,3
LPLC2_BOTH,DNp24,L,1,0.0,0.0,0,0
LPLC2_BOTH,DNp68,L,1,0.0,0.3535533905932738,1,1
LPLC2_BOTH,DNg26,L,2,0.15,0.9617692030835673,2,2
LPLC2_BOTH,DNpe031,R,2,2.8,0.4472135954999579,5,0
LPLC2_BOTH,DNd03,R,1,0.3,0.27386127875258304,3,0
LPLC2_BOTH,DNp07,L,1,0.8,0.570087712549569,4,0
LPLC2_BOTH,DNg111,R,1,-0.5,0.7071067811865476,0,2
LPLC2_BOTH,DNg101,R,1,0.0,0.0,0,0
LPLC2_BOTH,DNp64,R,1,2.5,0.6123724356957945,5,0
LPLC2_BOTH,DNge073,R,1,1.5,1.0606601717798212,5,0
LPLC2_BOTH,DNde007,R,1,0.8,0.570087712549569,4,0
LPLC2_BOTH,DNp104,L,1,1.0,0.3535533905932738,5,0
LPLC2_BOTH,DNge142,R,1,1.3,0.6708203932499369,5,0
LPLC2_BOTH,DNae010,R,1,0.5,0.7071067811865476,3,1
LPLC2_BOTH,DNge041,L,1,0.2,0.4472135954999579,1,0
LPLC2_BOTH,DNa04,L,1,1.2,0.758287544405155,4,0
LPLC2_BOTH,DNge123,L,1,-0.2,0.4472135954999579,1,3
LPLC2_BOTH,DNge075,R,1,-0.4,0.5477225575051661,0,2
LPLC2_BOTH,DNa05,R,1,2.9,0.6519202405202649,5,0
LPLC2_BOTH,DNp102,L,1,1.3,0.27386127875258304,5,0
LPLC2_BOTH,<untyped>,L,3,-0.1666666666666668,0.408248290463863,1,2
LPLC2_BOTH,DNpe050,L,1,1.3,0.8366600265340756,5,0
LPLC2_BOTH,DNp22,R,1,0.1,0.22360679774997896,1,0
LPLC2_BOTH,DNae003,L,1,0.1,1.02469507659596,3,2
LPLC2_BOTH,DNge023,R,1,-1.0,0.3535533905932738,0,5
LPLC2_BOTH,DNge065,L,1,0.3,0.4472135954999579,2,0
LPLC2_BOTH,DNbe005,R,1,1.2,1.036822067666386,4,0
LPLC2_BOTH,DNd04,R,1,0.2,0.4472135954999579,3,1
LPLC2_BOTH,DNpe026,L,1,0.1,0.4183300132670378,2,1
LPLC2_BOTH,DNge142,L,1,1.6,1.1937336386313322,5,0
LPLC2_BOTH,DNg38,R,1,-0.1,0.22360679774997896,0,1
LPLC2_BOTH,DNae010,L,1,0.5,0.6123724356957945,4,1
LPLC2_BOTH,DNp57,L,1,2.9,0.4183300132670378,5,0
LPLC2_BOTH,DNge053,R,1,0.4,0.22360679774997896,4,0
LPLC2_BOTH,DNge042,R,1,0.0,0.0,0,0
LPLC2_BOTH,DNge018,L,1,0.2,0.27386127875258304,2,0
LPLC2_BOTH,DNge099,L,1,3.2,0.8366600265340756,5,0
LPLC2_BOTH,DNp101,L,1,-0.1,0.22360679774997896,0,1
LPLC2_BOTH,DNg91,R,1,1.1,0.9617692030835673,4,1
LPLC2_BOTH,DNg38,L,1,-0.2,0.27386127875258304,0,2
LPLC2_BOTH,DNge135,R,1,0.1,0.6519202405202649,2,2
LPLC2_BOTH,DNb08,R,2,0.15,0.6274950199005567,3,1
LPLC2_BOTH,DNp15,L,1,0.3,0.6708203932499369,2,1
LPLC2_BOTH,DNge136,L,2,1.35,0.22360679774997896,5,0
LPLC2_BOTH,DNde006,R,1,0.1,0.7416198487095663,2,1
LPLC2_BOTH,DNge027,R,1,-1.3,1.036822067666386,0,4
LPLC2_BOTH,DNp38,R,1,0.4,0.8215838362577492,4,1
LPLC2_BOTH,DNbe005,L,1,0.4,0.5477225575051661,4,1
LPLC2_BOTH,DNp58,R,1,-0.1,0.6519202405202649,2,2
LPLC2_BOTH,"DNg102_a,DNg102_b",L,2,0.6,0.6754628043053148,4,1
LPLC2_BOTH,DNg87,L,1,1.5,4.373213921133975,2,2
LPLC2_BOTH,DNge044,R,1,-0.7,1.9557607215607946,3,2
LPLC2_BOTH,DNge099,R,1,4.4,0.8215838362577492,5,0
LPLC2_BOTH,DNpe050,R,1,0.9,0.7416198487095663,4,0
LPLC2_BOTH,DNg84,R,1,-0.4,2.701851217221259,2,2
LPLC2_BOTH,DNb08,L,2,-0.1,0.518411033833193,1,3
LPLC2_BOTH,DNg68,R,1,-0.5,0.7905694150420949,1,3
LPLC2_BOTH,DNg109,R,1,1.0,0.5,5,0
LPLC2_BOTH,DNpe031,L,2,2.6,0.6519202405202649,5,0
LPLC2_BOTH,DNg48,L,1,-0.6,0.7416198487095663,1,4
LPLC2_BOTH,DNpe027,R,1,0.0,0.3535533905932738,1,1
LPLC2_BOTH,DNg14,R,1,-0.4,0.8215838362577492,1,4
LPLC2_BOTH,DNg32,L,1,0.5,0.7071067811865476,2,0
LPLC2_BOTH,DNbe002,R,2,-0.4,0.518411033833193,1,3
LPLC2_BOTH,DNg104,L,1,-0.7,0.4472135954999579,0,4
LPLC2_BOTH,DNge056,R,1,0.1,0.22360679774997896,1,0
LPLC2_BOTH,DNg43,R,1,0.3,0.570087712549569,3,1
LPLC2_BOTH,DNg68,L,1,-0.6,0.4183300132670378,0,4
LPLC2_BOTH,DNp22,L,1,0.1,0.5477225575051661,1,1
LPLC2_BOTH,DNg59,R,1,-0.4,3.342902930089356,2,2
LPLC2_BOTH,DNp67,L,1,-1.0,1.118033988749895,1,4
LPLC2_BOTH,DNpe055,R,1,0.3,0.758287544405155,4,1
LPLC2_BOTH,DNge080,R,1,-0.1,0.22360679774997896,0,1
LPLC2_BOTH,DNge140,R,1,0.0,0.0,0,0
LPLC2_BOTH,DNge007,R,1,0.0,0.0,0,0
LPLC2_BOTH,DNg84,L,1,3.5,6.991065727054782,4,0
LPLC2_BOTH,DNp60,L,1,-0.5,0.7071067811865476,1,4
LPLC2_BOTH,DNge001,L,1,-0.2,1.1510864433221337,2,2
LPLC2_BOTH,DNge148,R,1,0.8,0.6708203932499369,5,0
LPLC2_BOTH,DNge150,M,1,0.7,0.9082951062292475,4,1
LPLC2_BOTH,DNge136,R,2,1.35,0.6754628043053148,5,0
LPLC2_BOTH,DNpe055,L,1,0.2,1.1510864433221337,2,1
LPLC2_BOTH,DNge100,L,1,0.0,0.0,0,0
LPLC2_BOTH,DNp67,R,1,-0.1,0.5477225575051661,1,1
LPLC2_BOTH,DNbe002,L,2,-0.4,0.33541019662496846,0,4
LPLC2_BOTH,DNge124,R,1,1.6,0.6519202405202649,5,0
LPLC2_BOTH,DNge128,R,1,-0.1,0.22360679774997896,0,1
LPLC2_BOTH,DNg50,R,1,-0.1,0.6519202405202649,1,3
LPLC2_BOTH,DNg48,R,1,0.0,0.6123724356957945,1,2
LPLC2_BOTH,DNge056,L,1,0.0,0.7071067811865476,1,1
LPLC2_BOTH,DNg26,R,2,0.1,0.8215838362577492,3,2
LPLC2_BOTH,DNge067,R,1,-0.9,0.6519202405202649,0,4
LPLC2_BOTH,DNge125,R,1,-0.4,0.7416198487095663,1,3
LPLC2_BOTH,DNd04,L,1,-0.1,0.22360679774997896,0,1
LPLC2_BOTH,DNg78,R,1,0.5,0.6123724356957945,3,0
LPLC2_BOTH,DNge060,R,1,0.1,1.3874436925511608,1,3
LPLC2_BOTH,DNge010,R,1,3.4,0.22360679774997896,5,0
LPLC2_BOTH,DNge047,L,1,1.3,0.570087712549569,5,0
LPLC2_BOTH,DNge028,R,1,0.0,0.0,0,0
LPLC2_BOTH,DNge069,L,1,0.4,0.6519202405202649,3,1
LPLC2_BOTH,DNg87,R,1,-0.2,2.252776065213762,2,2
LPLC2_BOTH,DNge004,R,1,0.6,0.4183300132670378,4,0
LPLC2_BOTH,DNg22,L,1,-1.3,1.4404860290887933,1,4
LPLC2_BOTH,DNge122,R,1,0.9,2.7248853186877424,2,2
LPLC2_BOTH,DNge007,L,1,0.2,0.27386127875258304,2,0
LPLC2_BOTH,DNp44,L,1,0.0,0.0,0,0
LPLC2_BOTH,DNg56,L,1,-0.4,0.4183300132670378,0,3
LPLC2_BOTH,DNge022,R,1,-1.0,1.8708286933869707,1,4
LPLC2_BOTH,DNpe042,R,1,5.3,0.6708203932499369,5,0
LPLC2_BOTH,DNg19,L,1,0.3,0.570087712549569,3,1
LPLC2_BOTH,DNge125,L,1,-0.1,0.4183300132670378,1,2
LPLC2_BOTH,DNg71,R,1,0.4,1.08397416943394,3,1
LPLC2_BOTH,DNg103,L,1,0.0,0.3535533905932738,1,1
LPLC2_BOTH,DNge113,R,3,0.0,0.0,0,0
LPLC2_BOTH,DNge123,R,1,0.0,0.9354143466934853,3,2
LPLC2_BOTH,DNpe043,R,1,0.6,0.5477225575051661,3,0
LPLC2_BOTH,DNb07,R,1,0.7,0.4472135954999579,4,0
LPLC2_BOTH,DNge101,L,1,0.1,0.22360679774997896,1,0
LPLC2_BOTH,DNge080,L,1,0.0,0.0,0,0
LPLC2_BOTH,DNpe003,R,2,0.9,0.5755432216610669,5,0
LPLC2_BOTH,DNp41,L,2,0.3,0.758287544405155,3,2
LPLC2_BOTH,DNb02,L,2,-0.2,0.27386127875258304,0,2
LPLC2_BOTH,DNge135,L,1,0.0,0.3535533905932738,1,1
LPLC2_BOTH,DNge104,R,1,1.0,1.695582495781317,3,0
LPLC2_BOTH,DNge033,R,1,-0.6,1.02469507659596,2,3
LPLC2_BOTH,DNae004,R,1,6.6,0.4183300132670378,5,0
LPLC2_BOTH,DNg44,R,1,1.8,0.758287544405155,5,0
LPLC2_BOTH,DNa05,L,1,3.3,0.4472135954999579,5,0
LPLC2_BOTH,DNge002,R,1,-0.1,0.7416198487095663,1,2
LPLC2_BOTH,DNg54,R,1,0.0,0.0,0,0
LPLC2_BOTH,DNpe030,L,1,0.3,0.9746794344808964,1,1
LPLC2_BOTH,DNpe049,R,1,0.3,0.4472135954999579,2,0
LPLC2_BOTH,DNge070,L,1,0.0,0.7905694150420949,2,2
LPLC2_BOTH,DNg44,L,1,4.1,0.6519202405202649,5,0
LPLC2_BOTH,DNge098,L,1,-1.3,0.6708203932499369,0,5
LPLC2_BOTH,DNde001,L,1,0.4,0.4183300132670378,3,0
LPLC2_BOTH,DNpe020,M,2,1.55,0.6224949798994366,5,0
LPLC2_BOTH,DNg54,L,1,0.0,0.0,0,0
LPLC2_BOTH,DNge011,R,1,0.0,0.0,0,0
LPLC2_BOTH,DNge137,R,2,0.6,1.1537980759214326,4,1
LPLC2_BOTH,DNpe001,R,1,-0.1,0.22360679774997896,0,1
LPLC2_BOTH,DNg91,L,1,1.8,0.4472135954999579,5,0
LPLC2_BOTH,DNde003,R,2,-0.15,0.6754628043053148,2,3
LPLC2_BOTH,DNge076,L,1,-0.5,0.7905694150420949,1,3
LPLC2_BOTH,DNge140,L,1,-0.1,0.22360679774997896,0,1
LPLC2_BOTH,DNge139,R,1,-0.1,0.8215838362577492,2,1
LPLC2_BOTH,DNge006,L,1,-0.3,0.6708203932499369,0,1
LPLC2_BOTH,DNg95,R,1,0.9,0.5477225575051661,5,0
LPLC2_BOTH,DNge086,R,1,0.0,0.0,0,0
LPLC2_BOTH,DNge133,L,1,1.3,2.138924963620744,4,1
LPLC2_BOTH,DNge084,L,1,0.1,0.4183300132670378,2,1
LPLC2_BOTH,DNp60,R,1,-0.4,0.22360679774997896,0,4
LPLC2_BOTH,DNge018,R,1,0.1,0.22360679774997896,1,0
LPLC2_BOTH,DNpe030,R,1,0.3,0.9082951062292475,2,2
LPLC2_BOTH,DNg105,R,1,0.3,0.4472135954999579,2,0
LPLC2_BOTH,DNge088,L,1,0.0,0.0,0,0
LPLC2_BOTH,DNge122,L,1,0.7,2.413503677229434,3,2
LPLC2_BOTH,DNg85,R,1,0.2,0.27386127875258304,2,0
LPLC2_BOTH,DNge039,L,1,-0.7,2.252776065213762,1,4
LPLC2_BOTH,DNge028,L,1,0.0,0.0,0,0
LPLC2_BOTH,DNg81,R,1,1.7,4.54972526643093,3,2
LPLC2_BOTH,DNp53,L,1,0.0,0.0,0,0
LPLC2_BOTH,DNg95,L,1,0.2,0.4472135954999579,3,1
LPLC2_BOTH,DNg41,R,1,0.1,0.5477225575051661,1,1
LPLC2_BOTH,DNp46,R,1,1.3,0.27386127875258304,5,0
LPLC2_BOTH,DNpe034,L,1,0.0,0.0,0,0
LPLC2_BOTH,"DNp51,DNpe019",L,2,0.6,0.2850438562747845,5,0
LPLC2_BOTH,DNp25,R,1,-0.1,0.22360679774997896,0,1
LPLC2_BOTH,"DNg52_a,DNg52_b",R,2,0.8,0.48088460154178364,5,0
LPLC2_BOTH,DNg86,R,1,1.2,1.1510864433221337,4,0
LPLC2_BOTH,DNge076,R,1,-1.0,1.0,0,4
LPLC2_BOTH,DNge033,L,1,-0.5,0.6123724356957945,1,4
LPLC2_BOTH,DNg33,L,1,0.9,1.1937336386313322,3,1
LPLC2_BOTH,DNg20,R,1,1.5,3.48209706929603,3,2
LPLC2_BOTH,DNge022,L,1,-0.6,2.274862633215465,1,3
LPLC2_BOTH,DNde001,R,1,-0.2,0.570087712549569,1,2
LPLC2_BOTH,DNg86,L,1,1.5,0.0,5,0
LPLC2_BOTH,DNp40,L,1,0.3,0.27386127875258304,3,0
LPLC2_BOTH,DNa14,R,1,-0.2,0.570087712549569,1,2
LPLC2_BOTH,DNg66,M,1,0.2,0.6708203932499369,3,2
LPLC2_BOTH,DNg33,R,1,1.0,0.6123724356957945,5,0
LPLC2_BOTH,DNge096,L,1,-0.1,0.6519202405202649,2,2
LPLC2_BOTH,DNg51,L,2,-0.05,0.11180339887498948,0,1
LPLC2_BOTH,DNge046,L,2,0.25,0.6373774391990981,3,1
LPLC2_BOTH,DNge019,L,7,-1.2714285714285714,1.531472547343016,1,4
LPLC2_BOTH,DNge106,R,1,-0.2,0.6708203932499369,2,3
LPLC2_BOTH,DNg51,R,2,0.0,0.0,0,0
LPLC2_BOTH,DNg17,R,1,-2.0,0.6123724356957945,0,5
LPLC2_BOTH,DNa08,L,1,0.1,0.22360679774997896,1,0
LPLC2_BOTH,DNae008,R,1,-0.6,0.8215838362577492,1,3
LPLC2_BOTH,DNge096,R,1,0.0,0.9354143466934853,1,2
LPLC2_BOTH,DNg41,L,1,-0.2,1.2549900398011133,1,2
LPLC2_BOTH,DNge063,L,1,-0.6,0.8215838362577492,1,3
LPLC2_BOTH,DNg34,R,1,0.0,0.7905694150420949,2,2
LPLC2_BOTH,DNpe049,L,1,-0.1,0.4183300132670378,1,2
LPLC2_BOTH,DNbe006,R,1,0.3,0.4472135954999579,2,0
LPLC2_BOTH,DNg73,L,1,-1.2,2.588435821108957,2,3
LPLC2_BOTH,DNg62,L,1,-0.1,0.22360679774997896,0,1
LPLC2_BOTH,DNge082,R,1,-0.2,0.758287544405155,1,3
LPLC2_BOTH,DNg43,L,1,0.5,1.0,2,1
LPLC2_BOTH,DNge002,L,1,0.3,1.036822067666386,2,2
LPLC2_BOTH,DNg79,R,2,0.35,0.4183300132670378,3,0
LPLC2_BOTH,DNge038,R,1,1.3,0.4472135954999579,5,0
LPLC2_BOTH,DNge008,R,1,0.3,1.036822067666386,3,2
LPLC2_BOTH,DNpe035,L,1,0.0,0.3535533905932738,1,1
LPLC2_BOTH,DNge010,L,1,2.8,0.9082951062292475,5,0
LPLC2_BOTH,DNge100,R,1,-0.2,0.27386127875258304,0,2
LPLC2_BOTH,DNg61,L,1,-1.4,1.08397416943394,0,4
LPLC2_BOTH,DNg97,L,1,0.4,0.4183300132670378,3,0
LPLC2_BOTH,DNpe026,R,1,0.1,0.7416198487095663,2,1
LPLC2_BOTH,DNge137,L,1,0.4,0.6519202405202649,3,1
LPLC2_BOTH,DNge069,R,1,0.6,0.22360679774997896,5,0
LPLC2_BOTH,DNg89,L,1,-0.6,1.08397416943394,1,2
LPLC2_BOTH,DNge139,L,1,-0.2,0.570087712549569,1,2
LPLC2_BOTH,DNa14,L,1,-0.7,0.4472135954999579,0,5
LPLC2_BOTH,DNge172,R,3,1.7000000000000004,2.271196454147754,3,2
LPLC2_BOTH,DNg106,R,7,0.09999999999999999,0.09583148474999098,3,0
LPLC2_BOTH,DNg63,L,1,0.2,0.9082951062292475,3,2
LPLC2_BOTH,<untyped>,R,1,0.2,0.27386127875258304,2,0
LPLC2_BOTH,DNge131,L,1,2.3,1.3509256086106296,4,0
LPLC2_BOTH,DNp65,R,1,-0.5,0.5,0,3
LPLC2_BOTH,DNg42,L,1,1.8,1.036822067666386,5,0
LPLC2_BOTH,"DNg52_a,DNg52_b",L,2,0.75,0.8100925873009825,4,1
LPLC2_BOTH,DNpe003,L,2,0.3,0.32596012026013244,3,0
LPLC2_BOTH,DNge044,L,1,0.2,3.4022051672408,1,3
LPLC2_BOTH,DNg69,R,1,-0.7,0.4472135954999579,0,4
LPLC2_BOTH,DNg42,R,1,1.8,1.036822067666386,5,0
LPLC2_BOTH,DNp24,R,1,0.0,0.6123724356957945,1,2
LPLC2_BOTH,DNpe041,R,1,-0.5,0.7905694150420949,1,3
LPLC2_BOTH,DNg76,R,1,0.2,0.27386127875258304,2,0
LPLC2_BOTH,DNge173,R,1,-0.2,0.9746794344808964,2,3
LPLC2_BOTH,DNge060,L,1,-0.8,1.5247950681976907,2,3
LPLC2_BOTH,DNg106,L,9,0.0111111111111111,0.07243558228002943,2,2
LPLC2_BOTH,DNg64,L,1,0.0,0.7905694150420949,2,2
LPLC2_BOTH,DNae004,L,1,6.3,0.4472135954999579,5,0
LPLC2_BOTH,DNge127,R,1,-0.3,0.4472135954999579,0,2
LPLC2_BOTH,DNge077,L,1,0.5,0.5,3,0
LPLC2_BOTH,DNge133,R,1,0.1,1.08397416943394,2,1
LPLC2_BOTH,DNae006,L,1,0.8,0.570087712549569,4,0
LPLC2_BOTH,DNg73,R,1,0.0,3.48209706929603,1,4
LPLC2_BOTH,DNg89,R,1,-0.4,1.140175425099138,1,4
LPLC2_BOTH,DNpe040,L,1,1.9,0.7416198487095663,5,0
LPLC2_BOTH,DNae006,R,1,0.2,0.758287544405155,3,1
LPLC2_BOTH,DNg05_a,R,1,0.3,0.27386127875258304,3,0
LPLC2_BOTH,DNge151,M,1,0.2,0.758287544405155,3,1
LPLC2_BOTH,DNpe028,R,1,0.0,0.5,2,2
LPLC2_BOTH,DNge131,R,1,2.7,0.4472135954999579,5,0
LPLC2_BOTH,DNpe014,R,2,0.35,0.6519202405202649,3,2
LPLC2_BOTH,DNp28,R,1,0.1,0.5477225575051661,1,1
LPLC2_BOTH,DNge078,L,1,-1.1,1.7818529681205462,2,3
LPLC2_BOTH,DNg72,L,2,0.0,0.0,0,0
LPLC2_BOTH,DNg04,R,2,0.05,0.11180339887498948,1,0
LPLC2_BOTH,DNg11,L,3,-0.30000000000000016,0.5451809077932042,1,4
LPLC2_BOTH,DNge121,R,1,0.4,1.6355427233796127,3,2
LPLC2_BOTH,DNge111,L,3,0.26666666666666666,0.3027650354097492,3,0
LPLC2_BOTH,DNg63,R,1,-0.4,1.02469507659596,2,3
LPLC2_BOTH,"DNp51,DNpe019",R,2,0.35,0.6020797289396148,3,1
LPLC2_BOTH,DNge113,L,3,0.0,0.0,0,0
LPLC2_BOTH,DNp39,R,1,0.5,0.3535533905932738,4,0
LPLC2_BOTH,DNg72,R,2,-0.05,0.11180339887498948,0,1
LPLC2_BOTH,DNpe040,R,1,2.5,0.3535533905932738,5,0
LPLC2_BOTH,DNge072,R,1,-0.1,0.4183300132670378,1,2
LPLC2_BOTH,DNge052,R,1,0.1,0.22360679774997896,1,0
LPLC2_BOTH,DNg09,L,4,0.0,0.0,0,0
LPLC2_BOTH,DNge052,L,1,0.2,0.27386127875258304,2,0
LPLC2_BOTH,DNge127,L,1,0.5,0.9354143466934853,3,1
LPLC2_BOTH,DNge121,L,1,1.4,3.0903074280724887,3,2
LPLC2_BOTH,DNp40,R,1,0.2,0.4472135954999579,3,1
LPLC2_BOTH,DNp41,R,2,0.6,0.8023403267940606,4,1
LPLC2_BOTH,DNg50,L,1,0.9,1.02469507659596,3,0
LPLC2_BOTH,DNg05_a,L,1,0.3,0.4472135954999579,4,1
LPLC2_BOTH,DNge016,R,1,0.0,0.3535533905932738,1,1
LPLC2_BOTH,DNpe004,L,2,0.0,0.75,3,1
LPLC2_BOTH,DNg55,M,1,1.2,0.27386127875258304,5,0
LPLC2_BOTH,DNg62,R,1,-1.1,1.5968719422671311,1,3
LPLC2_BOTH,DNge147,R,1,0.1,0.22360679774997896,1,0
LPLC2_BOTH,DNge057,R,1,0.1,0.8944271909999159,2,2
LPLC2_BOTH,DNg47,R,1,-0.3,0.758287544405155,1,2
LPLC2_BOTH,DNg109,L,1,0.9,0.6519202405202649,4,0
LPLC2_BOTH,DNge082,L,1,-0.2,0.758287544405155,1,3
LPLC2_BOTH,DNge147,L,1,0.0,0.0,0,0
LPLC2_BOTH,DNg46,L,1,-0.2,0.6708203932499369,2,3
LPLC2_BOTH,DNge097,L,1,0.2,0.570087712549569,2,1
LPLC2_BOTH,DNge057,L,1,-1.0,0.0,0,5
LPLC2_BOTH,DNg58,R,1,-0.2,1.1510864433221337,2,3
LPLC2_BOTH,DNpe004,R,2,0.0,0.39528470752104744,2,2
LPLC2_BOTH,DNg06_a,R,1,-0.2,0.570087712549569,1,2
LPLC2_BOTH,DNge145,L,2,0.0,0.0,0,0
LPLC2_BOTH,DNpe028,L,1,0.5,0.5,3,0
LPLC2_BOTH,DNge091,R,9,0.3666666666666667,0.14487116456005886,5,0
LPLC2_BOTH,DNg11,R,3,-4.4408920985006264e-17,0.6236095644623235,2,3
LPLC2_BOTH,DNge030,L,1,-0.1,0.4183300132670378,1,2
LPLC2_BOTH,DNge012,L,1,-0.2,3.29013677527242,2,3
LPLC2_BOTH,DNg20,L,1,2.5,5.0990195135927845,3,2
LPLC2_BOTH,DNge081,L,1,0.6,0.4183300132670378,4,0
LPLC2_BOTH,DNge124,L,1,3.5,0.6123724356957945,5,0
LPLC2_BOTH,DNge072,L,1,-0.3,0.6708203932499369,0,1
LPLC2_BOTH,DNg45,R,1,3.5,0.3535533905932738,5,0
LPLC2_BOTH,DNge081,R,1,0.4,0.6519202405202649,2,0
LPLC2_BOTH,DNg21,R,1,-1.2,0.9746794344808964,0,4
LPLC2_BOTH,DNp52,R,1,-0.2,0.27386127875258304,0,2
LPLC2_BOTH,DNp25,L,1,0.0,0.0,0,0
LPLC2_BOTH,DNg107,R,1,-0.5,0.6123724356957945,1,4
LPLC2_BOTH,DNge058,R,1,0.0,0.0,0,0
LPLC2_BOTH,DNpe035,R,1,0.0,0.5,2,2
LPLC2_BOTH,DNge064,R,1,-0.6,1.1937336386313322,1,3
LPLC2_BOTH,DNge013,L,1,0.4,0.4183300132670378,3,0
LPLC2_BOTH,DNge068,L,1,0.3,1.0954451150103321,2,1
LPLC2_BOTH,DNge029,R,1,-0.6,1.1937336386313322,1,4
LPLC2_BOTH,DNge145,R,2,0.0,0.0,0,0
LPLC2_BOTH,DNpe014,L,2,0.15,0.33541019662496846,2,1
LPLC2_BOTH,DNge034,L,1,0.1,0.9617692030835673,2,2
LPLC2_BOTH,DNb03,L,2,-0.3,0.48088460154178364,1,3
LPLC2_BOTH,DNg21,L,1,-0.3,0.4472135954999579,1,4
LPLC2_BOTH,DNpe033,R,1,0.3,0.27386127875258304,3,0
LPLC2_BOTH,DNge001,R,2,-0.6,0.5755432216610669,0,4
LPLC2_BOTH,DNg01,R,4,0.475,0.5332682251925386,3,0
LPLC2_BOTH,DNge075,L,1,0.4,0.7416198487095663,3,1
LPLC2_BOTH,DNge034,R,1,-0.8,0.570087712549569,0,4
LPLC2_BOTH,DNpe012,R,4,0.225,0.29843340965783305,4,1
LPLC2_BOTH,DNpe033,L,1,-0.2,0.27386127875258304,0,2
LPLC2_BOTH,DNb03,R,2,0.3,0.7984359711335656,4,1
LPLC2_BOTH,DNg94,R,1,0.1,0.6519202405202649,2,2
LPLC2_BOTH,DNge019,R,7,-1.0714285714285714,2.4254181209070924,1,4
LPLC2_BOTH,DNge064,L,1,0.1,1.4747881203752626,3,2
LPLC2_BOTH,DNg23,L,1,-0.4,0.6519202405202649,1,3
LPLC2_BOTH,DNge134,R,1,1.2,0.758287544405155,4,0
LPLC2_BOTH,DNg59,L,1,0.2,3.978064856183217,3,2
LPLC2_BOTH,DNge097,R,1,-0.5,0.6123724356957945,0,3
LPLC2_BOTH,DNge098,R,1,-0.9,0.7416198487095663,0,4
LPLC2_BOTH,DNg17,L,1,-1.6,0.5477225575051661,0,5
LPLC2_BOTH,DNg45,L,1,4.7,0.4472135954999579,5,0
LPLC2_BOTH,DNg82,R,2,0.95,0.37080992435478316,5,0
LPLC2_BOTH,DNa07,R,1,3.7,0.4472135954999579,5,0
LPLC2_BOTH,DNge035,R,1,0.0,0.0,0,0
LPLC2_BOTH,DNg82,L,2,0.65,0.5755432216610669,4,0
LPLC2_BOTH,DNpe036,L,1,0.3,0.8366600265340756,3,1
LPLC2_BOTH,DNge174,R,1,0.0,0.0,0,0
LPLC2_BOTH,DNg02_d,R,1,0.0,0.3535533905932738,1,1
LPLC2_BOTH,DNp65,L,1,0.4,1.140175425099138,2,1
LPLC2_BOTH,DNg58,L,1,0.4,1.5968719422671311,2,2
LPLC2_BOTH,DNg12_d,R,2,0.3,2.367752098510315,1,4
LPLC2_BOTH,DNg09,R,4,0.1,0.16298006013006622,2,0
LPLC2_BOTH,DNxl114,L,1,0.0,0.0,0,0
LPLC2_BOTH,DNge105,L,1,0.0,0.3535533905932738,1,1
LPLC2_BOTH,DNde006,L,1,0.1,2.8809720581775866,2,3
LPLC2_BOTH,DNp16,R,2,0.25,0.3535533905932738,4,1
LPLC2_BOTH,DNg77,L,1,-0.6,0.6519202405202649,0,3
LPLC2_BOTH,DNge174,L,1,0.0,0.0,0,0
LPLC2_BOTH,DNg02_f,R,1,0.2,0.570087712549569,2,1
LPLC2_BOTH,DNge021,R,1,-0.2,0.27386127875258304,0,2
LPLC2_BOTH,DNg03,R,6,0.8333333333333334,0.2568505834570406,5,0
LPLC2_BOTH,DNpe037,R,1,-0.2,0.4472135954999579,1,3
LPLC2_BOTH,DNg12_a,R,4,0.725,2.17837382007772,2,3
LPLC2_BOTH,DNge091,L,9,0.3333333333333333,0.22566773346211005,5,0
LPLC2_BOTH,DNge029,L,1,-0.6,0.9617692030835673,1,3
LPLC2_BOTH,DNge144,R,1,0.1,0.22360679774997896,1,0
LPLC2_BOTH,DNg12_a,L,4,1.075,1.1544749889018817,4,1
LPLC2_BOTH,DNg12_d,L,2,0.15,1.6163229875244614,3,2
LPLC2_BOTH,DNpe010,R,1,0.3,0.6708203932499369,1,0
LPLC2_BOTH,DNpe010,L,1,0.2,0.4472135954999579,3,1
LPLC2_BOTH,"DNg08_a,DNg08_b",L,12,0.0,0.14731391274719732,2,2
LPLC2_BOTH,DNge110,R,2,0.2,0.6937218462755804,2,2
LPLC2_BOTH,DNg02_g,L,2,0.5,0.6846531968814576,3,1
LPLC2_BOTH,DNg110_a,L,3,0.3666666666666666,0.49159604012508756,4,1
LPLC2_BOTH,DNa07,L,1,3.0,0.5,5,0
LPLC2_BOTH,DNge110,L,2,-0.2,1.1096170510586074,2,2
LPLC2_BOTH,DNge020,L,4,-0.95,0.9295496221289103,0,4
LPLC2_BOTH,DNg12_e,R,3,-1.4333333333333333,0.693221144769514,0,5
LPLC2_BOTH,DNg36_a,R,2,0.1,1.3874436925511608,2,3
LPLC2_BOTH,DNg06_a,L,1,0.6,0.6519202405202649,3,0
LPLC2_BOTH,DNg02_g,R,2,0.2,0.54198708471697,3,1
LPLC2_BOTH,DNg57,L,1,1.3,1.753567791675018,4,1
LPLC2_BOTH,DNge021,L,1,0.0,0.3535533905932738,1,1
LPLC2_BOTH,DNp16,L,2,0.55,0.570087712549569,4,1
LPLC2_BOTH,DNpe053,R,1,0.6,0.22360679774997896,5,0
LPLC2_BOTH,DNg12_c,R,2,-0.25,2.7838821814150108,1,3
LPLC2_BOTH,"DNg08_a,DNg08_b",R,11,0.21818181818181814,0.36983355648741806,3,1
LPLC2_BOTH,DNg57,R,1,0.6,1.2942179105544784,3,2
LPLC2_BOTH,DNpe009,L,5,0.8999999999999999,0.41231056256176607,5,0
LPLC2_BOTH,DNg02_b,L,3,0.1333333333333333,0.5451809077932042,3,1
LPLC2_BOTH,DNge025,R,1,-0.1,0.22360679774997896,0,1
LPLC2_BOTH,"DNg06_b,DNg06_c",R,3,0.19999999999999996,0.34156502553198653,3,2
LPLC2_BOTH,DNg02_f,L,1,0.5,0.5,3,0
LPLC2_BOTH,DNp17,L,6,-0.08333333333333334,0.13176156917368248,1,3
LPLC2_BOTH,DNp72,R,1,-0.3,0.758287544405155,2,3
LPLC2_BOTH,DNg02_a,L,5,0.05999999999999992,0.3714835124201343,2,3
LPLC2_BOTH,DNg107,L,1,0.4,1.4747881203752626,1,2
LPLC2_BOTH,DNge020,R,4,-0.825,1.0023410098364727,1,4
LPLC2_BOTH,DNge111,R,3,0.8333333333333333,0.8079466429027213,4,1
LPLC2_BOTH,DNxl114,R,1,0.0,0.0,0,0
LPLC2_BOTH,DNg12_c,L,3,-1.3666666666666667,2.015219866692245,2,3
LPLC2_BOTH,DNg12_b,R,8,-0.35,1.666302043448306,2,3
LPLC2_BOTH,DNg83,L,1,0.4,2.103568396796263,1,2
LPLC2_BOTH,DNg12_b,L,8,-0.625,1.4456291882775472,1,4
LPLC2_BOTH,DNg12_e,L,3,-0.6666666666666667,1.670828137980285,1,4
LPLC2_BOTH,DNge008,L,1,0.6,0.8215838362577492,3,0
LPLC2_BOTH,DNg02_a,R,5,0.44000000000000006,0.5683308895353129,4,1
LPLC2_BOTH,DNge095,R,2,0.0,0.39528470752104744,2,2
LPLC2_BOTH,DNge087,L,2,0.2,0.2091650066335189,3,0
LPLC2_BOTH,DNg67,R,1,0.2,1.5247950681976907,2,3
LPLC2_BOTH,"DNg06_b,DNg06_c",L,3,-0.13333333333333328,0.36132472314464664,2,2
LPLC2_BOTH,DNge087,R,2,0.0,0.0,0,0
LPLC2_BOTH,DNge093,L,2,0.1,0.2850438562747845,2,1
LPLC2_BOTH,DNge015,R,3,0.4333333333333333,0.9902300518341964,2,3
LPLC2_BOTH,DNge120,L,1,2.7,1.036822067666386,5,0
LPLC2_BOTH,DNge095,L,1,-0.4,0.4183300132670378,0,3
LPLC2_BOTH,DNge090,L,2,0.15,0.22360679774997896,2,0
LPLC2_BOTH,DNge014,L,1,0.0,0.3535533905932738,1,1
LPLC2_BOTH,DNg36_a,L,2,0.15,2.05851888502389,3,1
LPLC2_BOTH,DNge109,R,1,0.3,0.758287544405155,3,2
LPLC2_BOTH,DNge090,R,2,0.05,0.48088460154178364,2,2
LPLC2_BOTH,DNg53,L,1,0.9,1.1937336386313322,3,1
LPLC2_BOTH,DNge025,L,2,-0.5,1.0307764064044151,2,3
LPLC2_BOTH,DNge117,R,2,-0.35,0.22360679774997896,0,4
LPLC2_BOTH,DNp72,L,1,0.3,0.570087712549569,3,1
LPLC2_BOTH,DNpe012,L,4,0.2,0.27386127875258304,4,1
LPLC2_BOTH,DNge115,R,4,0.05,0.7786205751198718,3,2
LPLC2_BOTH,DNg92_b,L,2,0.1,0.518411033833193,2,2
LPLC2_BOTH,DNge092,L,2,0.05,0.48088460154178364,3,1
LPLC2_BOTH,DNg02_d,L,1,0.2,0.27386127875258304,2,0
LPLC2_BOTH,DNg07,R,8,0.525,0.4772152292205269,4,1
LPLC2_BOTH,DNg07,L,8,0.2375,0.4493919503061887,3,2
LPLC2_BOTH,DNge092,R,2,0.25,0.5303300858899106,3,2
LPLC2_BOTH,DNp17,R,6,-2.7755575615628915e-18,0.1954339899926429,1,3
LPLC2_BOTH,DNge058,L,1,-0.1,0.22360679774997896,0,1
LPLC2_BOTH,DNge038,L,1,1.1,0.4183300132670378,5,0
LPLC2_BOTH,"DNge108,DNge118",L,3,0.03333333333333334,0.27386127875258304,3,2
LPLC2_BOTH,DNge074,L,1,-0.2,0.27386127875258304,0,2
LPLC2_BOTH,DNg02_b,R,2,0.35,0.5755432216610669,3,2
LPLC2_BOTH,DNge115,L,4,0.05,0.51234753829798,2,2
LPLC2_BOTH,DNp58,L,1,0.0,0.0,0,0
LPLC2_BOTH,DNge094,R,7,-0.09999999999999999,0.11952286093343936,0,3
LPLC2_BOTH,DNge094,L,6,-0.06666666666666667,0.3505947327993772,2,3
LPLC2_BOTH,DNge017,L,1,0.5,0.3535533905932738,4,0
LPLC2_BOTH,DNge015,L,2,0.35,0.45414755311462374,3,1
LPLC2_BOTH,DNge017,R,1,0.2,0.570087712549569,2,1
LPLC2_BOTH,DNge093,R,2,0.2,0.2091650066335189,3,0
LPLC2_BOTH,DNge116,L,2,-0.05,0.27386127875258304,2,3
LPLC2_BOTH,DNge153,R,1,0.1,0.4183300132670378,2,1
LPLC2_BOTH,DNg01,L,5,0.9,0.3605551275463988,5,0
LPLC2_BOTH,DNg94,L,1,-0.5,0.7905694150420949,1,3
LPLC2_BOTH,DNge116,R,2,-0.5,0.7071067811865476,1,4
LPLC2_BOTH,DNge023,L,1,-0.8,0.9746794344808964,1,3
LPLC2_BOTH,DNge085,L,4,-0.075,0.54198708471697,1,2
LPLC2_BOTH,"DNge108,DNge118",R,2,0.1,0.3791437722025775,3,1
LPLC2_BOTH,DNge153,L,1,0.6,0.4183300132670378,4,0
LPLC2_BOTH,DNg05_b,R,3,0.8666666666666666,0.2981423969999719,5,0
LPLC2_BOTH,DNpe015,R,5,-0.13999999999999996,0.5941380311005182,2,2
LPLC2_BOTH,DNg36_b,L,2,0.4,0.7416198487095663,3,1
LPLC2_BOTH,DNge134,L,1,0.5,1.0606601717798212,3,1
LPLC2_BOTH,DNge117,L,2,-0.2,0.48088460154178364,1,3
LPLC2_BOTH,DNpe054,R,4,0.15,0.5108204185425638,3,2
LPLC2_BOTH,DNge024,R,3,-0.8666666666666667,0.8449194570424383,1,4
LPLC2_BOTH,DNge114,L,4,0.575,0.42019340784929027,5,0
LPLC2_BOTH,DNg18_b,L,3,0.6,0.7416198487095663,4,1
LPLC2_BOTH,DNge009,L,2,-0.5,0.25,0,5
LPLC2_BOTH,DNpe015,L,6,-0.08333333333333322,0.36324157862838974,1,2
LPLC2_BOTH,DNpe008,R,9,0.0,0.20030840419244386,2,2
LPLC2_BOTH,DNg36_b,R,3,-0.8,0.29814239699997197,0,5
LPLC2_BOTH,DNg05_b,L,3,0.49999999999999994,0.67700320038633,4,1
LPLC2_BOTH,DNp69,L,1,0.8,0.4472135954999579,5,0
LPLC2_BOTH,DNge089,L,3,0.5666666666666667,0.43461349368017654,4,0
LPLC2_BOTH,DNpe024,L,1,0.5,0.5,3,0
LPLC2_BOTH,DNg83,R,1,0.2,0.9082951062292475,2,1
LPLC2_BOTH,DNge085,R,4,0.1,0.4626688880830437,2,2
LPLC2_BOTH,DNge114,R,2,0.4,0.5477225575051661,4,1
LPLC2_BOTH,DNge089,R,3,0.6333333333333334,0.21730674684008833,5,0
LPLC2_BOTH,DNge102,R,2,-1.7,1.0665364503850772,0,5
LPLC2_BOTH,DNge071,L,8,-0.0125,0.5365544007833688,3,2
LPLC2_BOTH,"DNge154,DNge156",R,1,-0.1,0.5477225575051661,2,3
LPLC2_BOTH,DNpe054,L,4,-0.025,0.5822907349426057,2,2
LPLC2_BOTH,DNg53,R,1,0.7,2.4899799195977463,2,2
LPLC2_BOTH,DNge009,R,2,-0.3,0.48088460154178364,1,3
LPLC2_BOTH,DNpe008,L,9,0.055555555555555566,0.20786985482077455,2,1
LPLC2_BOTH,DNg110_b,R,3,0.6666666666666667,0.4714045207910317,4,0
LPLC2_BOTH,DNg18_b,R,3,0.7,0.3800584750330459,5,0
LPLC2_BOTH,DNge078,R,1,0.0,3.0618621784789726,1,2
LPLC2_BOTH,DNge071,R,8,-0.0125,0.3837520358252188,2,3
LPLC2_BOTH,DNpe009,R,5,0.45999999999999996,0.2966479394838265,5,0
LPLC2_BOTH,DNpe041,L,1,0.3,0.9082951062292475,3,1
LPLC2_BOTH,DNge024,L,4,-0.4,0.2053959590644373,0,5
LPLC2_BOTH,DNge109,L,1,0.3,1.036822067666386,3,2
LPLC2_BOTH,DNpe029,R,2,0.0,1.741048534648015,1,3
LPLC2_BOTH,DNge126,L,1,0.2,0.570087712549569,2,1
LPLC2_BOTH,DNg03,L,6,0.75,0.3486083443891982,5,0
LPLC2_BOTH,DNpe029,L,2,0.8,1.6336309252704542,3,1
LPLC2_BOTH,DNge126,R,1,1.0,0.3535533905932738,5,0
LPLC2_BOTH,DNge119,L,1,0.8,0.758287544405155,4,0
LPLC2_BOTH,DNg110_a,R,3,0.7666666666666667,0.5348935511960405,5,0
LPLC2_BOTH,DNg10,L,6,0.0,0.3818813079129867,2,2
LPLC2_BOTH,DNg10,R,6,-0.03333333333333337,0.2674467755980202,1,3
LPLC2_BOTH,DNg92_b,R,2,0.25,0.5863019699779287,3,2
LPLC2_BOTH,DNg18_a,L,2,-0.2,0.6471089552772392,1,3
LPLC2_BOTH,DNpe036,R,1,0.3,0.8366600265340756,3,1
LPLC2_BOTH,DNpe011,R,2,-0.2,0.2091650066335189,0,3
LPLC2_BOTH,DNg18_a,R,1,0.6,0.4183300132670378,4,0
LPLC2_BOTH,DNge045,L,1,0.8,0.8366600265340756,4,1
LPLC2_BOTH,DNpe011,L,2,0.0,0.1767766952966369,1,1
LPLC2_BOTH,DNg39,L,1,0.4,0.4183300132670378,3,0
LPLC2_BOTH,DNd02,R,1,-0.2,0.758287544405155,2,2
LPLC2_BOTH,DNg47,L,1,0.0,0.0,0,0
LPLC2_BOTH,DNge013,R,1,-0.6,0.4183300132670378,0,4
LPLC2_BOTH,DNpe018,L,2,-0.1,0.4183300132670378,1,2
LPLC2_BOTH,DNg110_b,L,3,0.26666666666666666,0.383695481107378,4,1
LPLC2_BOTH,DNge046,R,2,-0.1,0.9453835200594518,3,2
LPLC2_BOTH,DNge083,L,1,-0.1,0.7416198487095663,1,2
LPLC2_BOTH,DNpe018,R,1,0.0,0.0,0,0
LPLC2_BOTH,DNg65,L,1,0.5,0.7905694150420949,3,1
LPLC2_BOTH,DNge074,R,1,0.0,0.3535533905932738,1,1
LPLC2_BOTH,DNge102,L,2,-1.45,0.32596012026013244,0,5
LPLC2_BOTH,DNg02_e,L,1,0.3,0.4472135954999579,2,0
LPLC2_BOTH,DNge144,L,1,0.0,0.6123724356957945,1,2
LPLC2_BOTH,DNg92_a,L,1,0.0,0.7905694150420949,2,2
LPLC2_BOTH,DNg60,R,1,-0.2,0.9746794344808964,2,3
LPLC2_BOTH,DNg92_a,R,1,-0.3,0.570087712549569,1,3
LPLC2_BOTH,DNge130,L,1,0.0,0.0,0,0
LPLC2_BOTH,"DNge061,DNge066",L,2,-0.05,0.11180339887498948,0,1
LPLC2_BOTH,DNg02_c,R,2,0.2,0.2091650066335189,3,0
LPLC2_BOTH,"DNge061,DNge066",R,2,-0.05,0.27386127875258304,1,1
LPLC2_BOTH,DNg97,R,1,1.0,0.6123724356957945,4,0
LPLC2_BOTH,DNg04,L,2,-0.15,0.13693063937629152,0,3
LPLC2_BOTH,DNge050,R,1,-0.1,0.7416198487095663,1,2
LPLC2_BOTH,DNge173,L,1,-0.1,0.22360679774997896,0,1
LPLC2_BOTH,DNg02_c,L,2,-0.25,0.5863019699779287,2,3
LPLC2_BOTH,DNpe048,R,1,0.6,0.4183300132670378,4,0
LPLC2_BOTH,DNp42,R,1,0.2,0.4472135954999579,1,0
LPLC2_BOTH,DNg13,R,1,-0.3,0.758287544405155,1,2
LPLC2_BOTH,DNae001,L,1,0.6,0.7416198487095663,4,1
LPLC2_BOTH,DNc01,R,1,0.8,0.570087712549569,4,0
LPLC2_BOTH,DNge055,L,1,0.0,0.0,0,0
LPLC2_BOTH,DNge016,L,1,0.3,0.4472135954999579,2,0
LPLC2_BOTH,DNge105,R,1,-0.1,1.140175425099138,2,2
LPLC2_BOTH,DNd05,R,1,3.0,0.6123724356957945,5,0
LPLC2_BOTH,DNg15,R,1,0.8,3.154362059117501,2,3
LPLC2_BOTH,DNge086,L,1,0.1,0.22360679774997896,1,0
LPLC2_BOTH,DNp44,R,1,0.0,0.0,0,0
LPLC2_BOTH,DNpe039,R,1,-0.1,0.22360679774997896,0,1
LPLC2_BOTH,DNa09,L,1,0.5,0.7071067811865476,2,0
LPLC2_BOTH,DNge003,R,1,0.0,0.0,0,0
LPLC2_BOTH,DNge032,R,1,0.4,0.9617692030835673,2,1
LPLC2_BOTH,DNg61,R,1,-1.1,0.6519202405202649,0,4
LPLC2_BOTH,DNg49,R,1,-0.1,0.4183300132670378,1,2
LPLC2_BOTH,DNpe027,L,1,0.1,0.6519202405202649,2,2
LPLC2_BOTH,DNp26,R,1,0.8,0.570087712549569,4,0
LPLC2_BOTH,DNg76,L,1,0.2,0.27386127875258304,2,0
LPLC2_BOTH,DNg67,L,1,-0.2,0.758287544405155,1,3
LPLC2_BOTH,DNg02_e,R,1,0.7,0.758287544405155,3,0
LPLC2_BOTH,DNg64,R,1,0.2,1.1510864433221337,3,2
LPLC2_BOTH,DNde007,L,1,0.3,0.27386127875258304,3,0
LPLC2_BOTH,DNg81,L,1,0.6,1.9170289512680814,3,2
LPLC2_BOTH,DNg23,R,1,-0.9,0.7416198487095663,0,4
LPLC2_BOTH,DNge030,R,1,0.1,0.4183300132670378,2,1
LPLC2_BOTH,DNg77,R,1,-0.3,0.758287544405155,1,4
LPLC2_BOTH,DNp08,L,1,0.8,0.570087712549569,4,0
LPLC2_BOTH,DNpe007,R,1,0.2,0.27386127875258304,2,0
LPLC2_BOTH,DNg85,L,1,0.0,0.0,0,0
LPLC2_BOTH,DNae005,L,1,-0.1,0.9617692030835673,1,3
LPLC2_BOTH,DNp28,L,1,0.0,0.3535533905932738,1,1
LPLC2_BOTH,DNge120,R,1,4.4,0.6519202405202649,5,0
LPLC2_BOTH,DNp34,R,1,5.7,0.570087712549569,5,0
LPLC2_BOTH,DNa16,L,1,-0.1,0.4183300132670378,1,2
LPLC2_BOTH,DNg24,R,1,0.3,0.8366600265340756,3,1
LPLC2_BOTH,DNa03,L,1,0.0,0.3535533905932738,1,1
LPLC2_BOTH,DNp71,L,1,18.8,0.4472135954999579,5,0
LPLC2_BOTH,DNge119,R,1,5.6,0.4183300132670378,5,0
LPLC2_BOTH,DNge062,L,1,-0.1,0.4183300132670378,1,2
LPLC2_BOTH,DNa06,L,1,-0.1,0.4183300132670378,1,2
LPLC2_BOTH,DNge148,L,1,1.4,0.5477225575051661,5,0
LPLC2_BOTH,DNg75,R,1,0.0,0.0,0,0
LPLC2_BOTH,DNpe016,R,1,2.7,0.758287544405155,5,0
LPLC2_BOTH,DNp46,L,1,0.9,0.8215838362577492,4,0
LPLC2_BOTH,DNb04,L,1,-0.1,0.6519202405202649,2,2
LPLC2_BOTH,DNae007,L,1,0.0,0.6123724356957945,2,1
LPLC2_BOTH,DNp56,R,1,-0.5,0.5,0,3
LPLC2_BOTH,DNae002,R,1,1.8,0.8366600265340756,5,0
LPLC2_BOTH,DNge130,R,1,0.0,0.0,0,0
LPLC2_BOTH,DNp104,R,1,1.1,0.6519202405202649,5,0
LPLC2_BOTH,DNpe024,R,1,0.5,0.5,3,0
LPLC2_BOTH,DNge063,R,1,-1.2,0.758287544405155,0,4
LPLC2_BOTH,DNpe023,R,1,0.0,0.0,0,0
LPLC2_BOTH,DNpe048,L,1,0.1,0.6519202405202649,2,2
LPLC2_BOTH,DNpe037,L,1,-0.2,0.27386127875258304,0,2
LPLC2_BOTH,DNp56,L,1,-0.6,0.4183300132670378,0,4
LPLC2_BOTH,DNp47,L,1,-1.8,0.27386127875258304,0,5
LPLC2_BOTH,DNp53,R,1,0.0,0.0,0,0
LPLC2_BOTH,DNge055,R,1,-0.1,0.22360679774997896,0,1
LPLC2_BOTH,DNa10,L,1,-0.2,0.758287544405155,2,2
LPLC2_BOTH,DNae008,L,1,-0.4,0.5477225575051661,1,4
LPLC2_BOTH,DNge051,L,1,-0.3,0.570087712549569,1,3
LPLC2_BOTH,DNa02,L,1,-0.2,0.570087712549569,1,2
LPLC2_BOTH,pIP10,L,1,-0.4,0.22360679774997896,0,4
LPLC2_BOTH,DNp05,L,1,2.2,0.570087712549569,5,0
LPLC2_BOTH,DNge012,R,1,-0.7,1.5247950681976907,2,2
LPLC2_BOTH,DNg14,L,1,-0.1,0.6519202405202649,2,2
LPLC2_BOTH,DNa06,R,1,0.1,0.22360679774997896,1,0
LPLC2_BOTH,DNg65,R,1,0.2,0.27386127875258304,2,0
LPLC2_BOTH,DNbe001,R,1,0.7,1.2549900398011133,4,1
LPLC2_BOTH,DNp32,R,1,0.6,0.4183300132670378,4,0
LPLC2_BOTH,DNge128,L,1,0.0,0.0,0,0
LPLC2_BOTH,DNg74_b,R,1,0.6,0.7416198487095663,4,1
LPLC2_BOTH,DNa13,L,2,0.05,0.2091650066335189,2,1
LPLC2_BOTH,DNp39,L,1,0.4,0.5477225575051661,4,1
LPLC2_BOTH,DNge073,L,1,1.5,0.6123724356957945,5,0
LPLC2_BOTH,DNpe022,L,1,0.5,0.9354143466934853,2,1
LPLC2_BOTH,DNp04,L,1,24.6,0.6519202405202649,5,0
LPLC2_BOTH,DNp23,R,1,2.2,0.6708203932499369,5,0
LPLC2_BOTH,DNge014,R,1,0.2,0.4472135954999579,3,1
LPLC2_BOTH,DNp27,L,1,0.7,0.9082951062292475,3,1
LPLC2_BOTH,DNge004,L,1,0.0,0.0,0,0
LPLC2_BOTH,"DNge154,DNge156",L,1,-0.3,0.570087712549569,1,3
LPLC2_BOTH,DNg69,L,1,-0.3,0.27386127875258304,0,3
LPLC2_BOTH,DNge146,L,1,0.3,0.27386127875258304,3,0
LPLC2_BOTH,DNge079,R,1,0.2,0.27386127875258304,2,0
LPLC2_BOTH,DNae009,L,1,-0.3,0.9082951062292475,2,2
LPLC2_BOTH,DNg29,R,1,0.0,0.0,0,0
LPLC2_BOTH,DNge172,L,1,2.9,2.3021728866442674,4,0
LPLC2_BOTH,DNge077,R,1,-0.6,0.9617692030835673,1,3
LPLC2_BOTH,DNpe017,R,1,0.4,1.1937336386313322,3,2
LPLC2_BOTH,DNp32,L,1,0.0,0.3535533905932738,1,1
LPLC2_BOTH,DNge104,L,1,1.0,0.5,5,0
LPLC2_BOTH,DNge045,R,1,0.6,1.4317821063276353,3,2
LPLC2_BOTH,DNp19,R,1,0.6,0.5477225575051661,4,0
LPLC2_BOTH,DNge070,R,1,-0.1,0.6519202405202649,2,2
LPLC2_BOTH,DNpe021,R,1,3.9,0.4183300132670378,5,0
LPLC2_BOTH,DNg71,L,1,0.2,1.2549900398011133,4,1
LPLC2_BOTH,DNge079,L,1,0.3,0.27386127875258304,3,0
LPLC2_BOTH,DNp12,R,1,0.1,0.9617692030835673,3,1
LPLC2_BOTH,DNpe002,R,1,-0.1,0.22360679774997896,0,1
LPLC2_BOTH,DNge088,R,1,-0.1,0.6519202405202649,2,2
LPLC2_BOTH,DNpe032,R,1,-0.1,0.4183300132670378,1,2
LPLC2_BOTH,DNpe016,L,1,3.2,0.758287544405155,5,0
LPLC2_BOTH,DNp57,R,1,2.2,0.6708203932499369,5,0
LPLC2_BOTH,DNg46,R,1,-0.6,0.6519202405202649,0,3
LPLC2_BOTH,DNpe005,R,1,-0.4,0.6519202405202649,0,2
LPLC2_BOTH,DNp64,L,1,2.2,0.570087712549569,5,0
LPLC2_BOTH,DNge106,L,1,0.2,0.758287544405155,2,2
LPLC2_BOTH,DNpe039,L,1,-0.1,0.6519202405202649,2,2
LC4_BOTH,DNp01,R,1,21.9,0.4183300132670378,5,0
LC4_BOTH,DNp01,L,1,25.0,0.0,5,0
LC4_BOTH,DNp18,R,1,0.5,0.6123724356957945,4,1
LC4_BOTH,pIP1,L,1,0.0,0.0,0,0
LC4_BOTH,DNg56,R,1,-1.5,0.5,0,5
LC4_BOTH,pIP1,R,1,0.1,0.22360679774997896,1,0
LC4_BOTH,DNg100,L,1,-0.1,0.22360679774997896,0,1
LC4_BOTH,DNp18,L,1,0.5,0.7905694150420949,3,1
LC4_BOTH,DNpe013,R,1,0.0,0.6123724356957945,2,1
LC4_BOTH,DNg100,R,1,0.0,0.0,0,0
LC4_BOTH,DNp20,R,1,0.3,0.4472135954999579,2,0
LC4_BOTH,DNp27,R,1,1.8,0.9082951062292475,5,0
LC4_BOTH,DNb05,R,1,0.0,0.0,0,0
LC4_BOTH,DNp30,R,1,-0.6,0.4183300132670378,0,4
LC4_BOTH,aSP22,L,1,-0.3,0.8366600265340756,2,3
LC4_BOTH,DNpe042,L,1,0.6,0.8944271909999159,2,0
LC4_BOTH,aSP22,R,1,-0.4,0.22360679774997896,0,4
LC4_BOTH,DNp11,R,1,20.2,0.570087712549569,5,0
LC4_BOTH,DNp02,R,1,25.5,0.5,5,0
LC4_BOTH,DNb05,L,1,-0.3,0.4472135954999579,0,2
LC4_BOTH,DNg30,L,1,1.2,0.758287544405155,4,0
LC4_BOTH,DNg105,L,1,0.0,0.0,0,0
LC4_BOTH,DNg74_a,R,1,0.2,0.27386127875258304,2,0
LC4_BOTH,DNge031,L,1,0.3,1.396424004376894,2,2
LC4_BOTH,DNg15,L,1,1.1,0.8944271909999159,4,0
LC4_BOTH,DNp30,L,1,0.2,0.27386127875258304,2,0
LC4_BOTH,DNge103,R,1,-0.4,0.9617692030835673,1,3
LC4_BOTH,DNg90,L,1,-0.6,0.4183300132670378,0,4
LC4_BOTH,DNp20,L,1,-0.5,0.8660254037844386,1,4
LC4_BOTH,DNge036,L,1,0.0,0.0,0,0
LC4_BOTH,DNg16,L,1,-0.4,0.6519202405202649,0,2
LC4_BOTH,DNg75,L,1,-0.1,0.22360679774997896,0,1
LC4_BOTH,DNp29,R,1,0.4,0.8944271909999159,4,1
LC4_BOTH,DNp02,L,1,39.1,1.4317821063276353,5,0
LC4_BOTH,DNge083,R,1,0.5,0.7905694150420949,3,1
LC4_BOTH,DNge037,R,1,-0.2,0.758287544405155,1,1
LC4_BOTH,DNg35,R,1,1.3,0.9082951062292475,5,0
LC4_BOTH,DNge037,L,1,0.0,0.6123724356957945,2,1
LC4_BOTH,DNpe056,L,1,-0.2,1.0954451150103321,1,1
LC4_BOTH,DNp06,L,1,9.4,0.7416198487095663,5,0
LC4_BOTH,DNp35,L,1,3.4,0.22360679774997896,5,0
LC4_BOTH,DNg99,R,1,-0.1,0.5477225575051661,1,1
LC4_BOTH,DNg30,R,1,0.2,0.570087712549569,2,1
LC4_BOTH,DNp55,L,1,-0.5,0.3535533905932738,0,4
LC4_BOTH,DNp36,R,1,-0.2,0.758287544405155,1,3
LC4_BOTH,DNg74_a,L,1,0.1,0.22360679774997896,1,0
LC4_BOTH,DNp31,L,1,0.3,0.27386127875258304,3,0
LC4_BOTH,DNp11,L,1,24.7,0.27386127875258304,5,0
LC4_BOTH,DNp31,R,1,-0.1,0.4183300132670378,1,2
LC4_BOTH,DNg108,L,1,3.4,0.5477225575051661,5,0
LC4_BOTH,DNp47,R,1,-0.7,0.4472135954999579,0,4
LC4_BOTH,DNg108,R,1,4.5,0.5,5,0
LC4_BOTH,DNp103,R,1,3.7,0.4472135954999579,5,0
LC4_BOTH,DNpe053,L,1,1.3,0.758287544405155,4,0
LC4_BOTH,DNg34,L,1,-0.1,0.4183300132670378,1,2
LC4_BOTH,DNge054,R,1,1.7,0.758287544405155,5,0
LC4_BOTH,DNge050,L,1,-0.3,0.758287544405155,1,2
LC4_BOTH,DNge041,R,1,0.3,0.27386127875258304,3,0
LC4_BOTH,DNge031,R,1,-0.6,0.5477225575051661,0,3
LC4_BOTH,DNg22,R,1,-0.9,0.4183300132670378,0,5
LC4_BOTH,DNp19,L,1,0.3,0.4472135954999579,4,1
LC4_BOTH,DNc02,R,1,0.0,0.0,0,0
LC4_BOTH,DNp73,R,1,0.0,0.0,0,0
LC4_BOTH,DNa02,R,1,0.1,0.5477225575051661,1,1
LC4_BOTH,DNg40,L,1,12.4,0.22360679774997896,5,0
LC4_BOTH,DNp59,R,1,-2.1,0.7416198487095663,0,5
LC4_BOTH,DNge054,L,1,2.6,3.07001628660175,5,0
LC4_BOTH,DNa10,R,1,-1.2,0.4472135954999579,0,5
LC4_BOTH,DNp63,R,1,0.0,0.3535533905932738,1,1
LC4_BOTH,DNp13,R,1,-0.4,0.9617692030835673,1,3
LC4_BOTH,DNg98,L,1,0.7,0.570087712549569,4,0
LC4_BOTH,DNb09,R,1,3.3,0.8366600265340756,5,0
LC4_BOTH,DNde002,L,1,0.0,0.0,0,0
LC4_BOTH,DNp103,L,1,3.8,0.4472135954999579,5,0
LC4_BOTH,DNp10,L,1,-0.1,0.6519202405202649,2,2
LC4_BOTH,DNp10,R,1,0.5,0.5,3,0
LC4_BOTH,DNg16,R,1,-0.2,0.27386127875258304,0,2
LC4_BOTH,DNa01,L,1,0.5,0.7071067811865476,4,1
LC4_BOTH,DNge035,L,1,-0.2,0.4472135954999579,0,1
LC4_BOTH,DNp73,L,1,-0.1,0.22360679774997896,0,1
LC4_BOTH,DNge138,M,2,0.35,0.5477225575051661,2,0
LC4_BOTH,DNpe025,L,1,1.6,0.5477225575051661,5,0
LC4_BOTH,DNp13,L,1,-0.4,0.6519202405202649,1,3
LC4_BOTH,DNa09,R,1,0.4,0.9617692030835673,3,1
LC4_BOTH,DNp08,R,1,0.4,0.4183300132670378,3,0
LC4_BOTH,DNbe001,L,1,0.1,0.6519202405202649,2,2
LC4_BOTH,DNg35,L,1,2.6,3.8794329482541645,5,0
LC4_BOTH,DNge039,R,1,0.4,1.4317821063276353,3,2
LC4_BOTH,DNp62,R,1,-0.3,0.570087712549569,1,3
LC4_BOTH,DNg37,R,1,0.0,0.0,0,0
LC4_BOTH,DNg74_b,L,1,0.0,0.3535533905932738,1,1
LC4_BOTH,DNpe017,L,1,-0.7,0.6708203932499369,0,3
LC4_BOTH,DNg37,L,1,0.0,0.0,0,0
LC4_BOTH,DNg29,L,1,0.0,0.0,0,0
LC4_BOTH,DNa16,R,1,0.2,0.570087712549569,2,1
LC4_BOTH,DNg88,R,1,-0.1,0.22360679774997896,0,1
LC4_BOTH,DNg80,R,1,-0.3,0.4472135954999579,1,4
LC4_BOTH,DNp29,L,1,0.2,0.27386127875258304,2,0
LC4_BOTH,DNp35,R,1,1.1,0.4183300132670378,5,0
LC4_BOTH,DNp26,L,1,0.4,0.4183300132670378,3,0
LC4_BOTH,DNde002,R,1,0.0,0.0,0,0
LC4_BOTH,DNg96,R,1,0.0,0.0,0,0
LC4_BOTH,DNpe034,R,1,0.1,0.4183300132670378,2,1
LC4_BOTH,DNp70,L,1,0.9,0.4183300132670378,5,0
LC4_BOTH,DNge040,L,1,-0.3,0.4472135954999579,0,2
LC4_BOTH,DNp06,R,1,6.7,0.570087712549569,5,0
LC4_BOTH,DNge011,L,1,1.3,2.19658826364888,3,1
LC4_BOTH,DNp43,L,1,-0.6,0.8215838362577492,1,3
LC4_BOTH,DNpe052,L,1,-0.3,0.27386127875258304,0,3
LC4_BOTH,DNpe025,R,1,0.7,0.570087712549569,4,0
LC4_BOTH,DNge059,R,1,0.0,0.0,0,0
LC4_BOTH,DNp38,L,1,0.2,0.4472135954999579,3,1
LC4_BOTH,DNb01,L,1,1.3,0.9082951062292475,4,0
LC4_BOTH,DNge003,L,1,0.0,0.0,0,0
LC4_BOTH,DNp33,R,1,0.5,0.7071067811865476,4,1
LC4_BOTH,DNge006,R,1,-0.2,0.27386127875258304,0,2
LC4_BOTH,DNae009,R,1,0.2,0.758287544405155,3,1
LC4_BOTH,DNp59,L,1,-0.6,0.8944271909999159,1,3
LC4_BOTH,DNg49,L,1,1.1,0.4183300132670378,5,0
LC4_BOTH,DNp48,L,1,-0.1,0.22360679774997896,0,1
LC4_BOTH,DNge132,L,1,3.7,6.620045317065435,4,0
LC4_BOTH,DNpe001,L,1,0.0,0.5,2,2
LC4_BOTH,DNge036,R,1,0.0,0.0,0,0
LC4_BOTH,DNc02,L,1,0.1,0.4183300132670378,2,1
LC4_BOTH,"DNg102_a,DNg102_b",R,2,-0.4,0.22360679774997896,0,5
LC4_BOTH,DNb07,L,1,0.3,0.4472135954999579,2,0
LC4_BOTH,DNp36,L,1,-0.2,0.570087712549569,1,2
LC4_BOTH,DNp42,L,1,0.1,0.4183300132670378,2,1
LC4_BOTH,DNg93,R,1,0.1,0.22360679774997896,1,0
LC4_BOTH,DNp62,L,1,0.4,0.7416198487095663,3,1
LC4_BOTH,DNpe002,L,1,-0.1,0.6519202405202649,1,3
LC4_BOTH,DNpe056,R,1,-0.8,0.9746794344808964,1,4
LC4_BOTH,DNg93,L,1,0.0,0.0,0,0
LC4_BOTH,DNg24,L,1,-0.4,0.8215838362577492,1,4
LC4_BOTH,DNge143,L,1,0.5,1.4577379737113252,2,2
LC4_BOTH,DNp03,L,1,23.5,0.6123724356957945,5,0
LC4_BOTH,DNb01,R,1,2.7,0.27386127875258304,5,0
LC4_BOTH,DNa01,R,1,1.0,0.6123724356957945,5,0
LC4_BOTH,MDN,R,2,0.2,0.2091650066335189,3,0
LC4_BOTH,pMP2,R,1,0.0,0.0,0,0
LC4_BOTH,DNp23,L,1,0.9,0.6519202405202649,4,0
LC4_BOTH,DNp09,L,1,0.0,0.0,0,0
LC4_BOTH,DNbe007,L,1,-0.8,0.758287544405155,0,3
LC4_BOTH,DNb02,R,2,0.15,0.6519202405202649,1,1
LC4_BOTH,DNp66,L,1,1.2,0.758287544405155,5,0
LC4_BOTH,DNp43,R,1,-0.3,0.6708203932499369,1,2
LC4_BOTH,DNge047,R,1,0.4,0.7416198487095663,3,1
LC4_BOTH,DNp48,R,1,-0.1,0.22360679774997896,0,1
LC4_BOTH,DNge062,R,1,-0.6,0.9617692030835673,1,4
LC4_BOTH,DNpe013,L,1,0.3,0.758287544405155,2,1
LC4_BOTH,DNa15,R,1,0.9,0.9617692030835673,4,1
LC4_BOTH,DNde005,R,1,0.2,0.570087712549569,2,1
LC4_BOTH,CB0429,L,1,-0.1,0.22360679774997896,0,1
LC4_BOTH,DNge053,L,1,0.0,0.5,2,2
LC4_BOTH,DNge107,R,1,-0.1,0.6519202405202649,1,3
LC4_BOTH,DNge049,L,1,1.1,0.7416198487095663,4,0
LC4_BOTH,DNge129,R,1,0.2,0.6708203932499369,4,1
LC4_BOTH,DNg39,R,1,0.0,0.6123724356957945,1,2
LC4_BOTH,DNa15,L,1,0.6,0.6519202405202649,3,0
LC4_BOTH,DNg88,L,1,0.3,0.27386127875258304,3,0
LC4_BOTH,DNb06,L,1,-0.4,0.4183300132670378,0,3
LC4_BOTH,DNg90,R,1,0.3,0.4472135954999579,2,0
LC4_BOTH,DNg40,R,1,10.0,0.3535533905932738,5,0
LC4_BOTH,DNa04,R,1,2.9,0.22360679774997896,5,0
LC4_BOTH,pMP2,L,1,0.0,0.0,0,0
LC4_BOTH,DNpe045,L,1,3.5,0.5,5,0
LC4_BOTH,DNge107,L,1,0.0,0.7905694150420949,2,2
LC4_BOTH,DNp69,R,1,2.2,0.570087712549569,5,0
LC4_BOTH,DNg98,R,1,0.7,0.570087712549569,4,0
LC4_BOTH,DNg70,R,1,0.9,0.4183300132670378,5,0
LC4_BOTH,DNp34,L,1,-0.3,0.27386127875258304,0,3
LC4_BOTH,DNa11,L,1,0.1,0.5477225575051661,3,2
LC4_BOTH,DNa03,R,1,0.0,0.0,0,0
LC4_BOTH,DNge146,R,1,0.4,0.4183300132670378,3,0
LC4_BOTH,DNge103,L,1,-0.9,0.4183300132670378,0,5
LC4_BOTH,DNbe004,R,1,0.5,0.6123724356957945,4,1
LC4_BOTH,DNp03,R,1,11.5,0.5,5,0
LC4_BOTH,DNae002,L,1,1.0,0.5,5,0
LC4_BOTH,DNge129,L,1,0.2,1.036822067666386,3,1
LC4_BOTH,DNp05,R,1,11.9,0.4183300132670378,5,0
LC4_BOTH,DNb09,L,1,3.3,0.570087712549569,5,0
LC4_BOTH,DNg80,L,1,-0.5,0.7071067811865476,0,2
LC4_BOTH,DNge068,R,1,-0.7,1.3038404810405297,1,4
LC4_BOTH,DNbe004,L,1,0.7,0.758287544405155,4,1
LC4_BOTH,DNge032,L,1,0.0,0.0,0,0
LC4_BOTH,DNp14,R,1,0.0,0.0,0,0
LC4_BOTH,DNa13,R,2,0.05,0.11180339887498948,1,0
LC4_BOTH,DNb06,R,1,-0.2,0.27386127875258304,0,2
LC4_BOTH,DNp12,L,1,0.3,0.4472135954999579,2,0
LC4_BOTH,DNg13,L,1,-0.7,0.758287544405155,1,4
LC4_BOTH,DNg99,L,1,-0.2,0.4472135954999579,0,1
LC4_BOTH,DNg96,L,1,0.1,0.22360679774997896,1,0
LC4_BOTH,DNp55,R,1,-0.3,0.27386127875258304,0,3
LC4_BOTH,DNge067,L,1,-0.4,0.4183300132670378,0,3
LC4_BOTH,DNg78,L,1,-0.4,0.6519202405202649,0,2
LC4_BOTH,DNge141,R,1,0.0,0.3535533905932738,1,1
LC4_BOTH,DNbe003,L,1,-0.1,0.4183300132670378,1,2
LC4_BOTH,pIP10,R,1,0.0,0.7905694150420949,2,2
LC4_BOTH,DNp52,L,1,0.2,0.758287544405155,3,1
LC4_BOTH,DNge059,L,1,0.0,0.0,0,0
LC4_BOTH,DNg70,L,1,0.4,0.8215838362577492,2,1
LC4_BOTH,DNp70,R,1,0.2,0.570087712549569,2,1
LC4_BOTH,DNp04,R,1,47.0,1.0,5,0
LC4_BOTH,DNge026,R,1,0.0,0.0,0,0
LC4_BOTH,DNp71,R,1,-0.3,0.570087712549569,1,3
LC4_BOTH,DNd02,L,1,-0.2,0.4472135954999579,0,1
LC4_BOTH,DNg32,R,1,0.1,0.6519202405202649,2,2
LC4_BOTH,DNg103,R,1,-0.2,0.27386127875258304,0,2
LC4_BOTH,DNp09,R,1,0.0,0.0,0,0
LC4_BOTH,DNge051,R,1,-0.2,0.4472135954999579,1,3
LC4_BOTH,DNp101,R,1,-0.1,0.4183300132670378,1,2
LC4_BOTH,DNg19,R,1,-1.3,0.570087712549569,0,5
LC4_BOTH,DNpe007,L,1,0.0,0.7071067811865476,1,1
LC4_BOTH,DNp49,L,1,0.0,0.0,0,0
LC4_BOTH,DNp15,R,1,-0.5,0.5,0,3
LC4_BOTH,DNg111,L,1,0.2,0.9746794344808964,4,1
LC4_BOTH,DNg79,L,2,-0.15,0.4873397172404482,1,2
LC4_BOTH,DNde003,L,2,-0.3,0.4472135954999579,1,4
LC4_BOTH,DNa11,R,1,-0.1,0.4183300132670378,1,2
LC4_BOTH,DNge143,R,1,0.5,1.1726039399558574,2,1
LC4_BOTH,DNbe006,L,1,-0.6,0.6519202405202649,0,3
LC4_BOTH,DNpe043,L,1,0.8,0.4472135954999579,4,0
LC4_BOTH,DNge040,R,1,-0.5,0.7071067811865476,1,4
LC4_BOTH,DNp45,R,1,-0.1,0.8944271909999159,1,1
LC4_BOTH,DNd05,L,1,0.2,0.4472135954999579,3,1
LC4_BOTH,DNp68,R,1,0.2,0.570087712549569,2,1
LC4_BOTH,DNp54,L,1,0.0,0.5,2,2
LC4_BOTH,MDN,L,2,-0.15,0.22360679774997896,0,2
LC4_BOTH,DNp66,R,1,1.0,0.5,5,0
LC4_BOTH,DNbe003,R,1,-0.1,0.22360679774997896,0,1
LC4_BOTH,DNp49,R,1,0.1,0.22360679774997896,1,0
LC4_BOTH,DNg104,R,1,0.1,0.5477225575051661,1,1
LC4_BOTH,DNge042,L,1,0.0,0.0,0,0
LC4_BOTH,DNge048,R,1,3.1,0.5477225575051661,5,0
LC4_BOTH,DNae003,R,1,1.8,0.570087712549569,5,0
LC4_BOTH,DNpe045,R,1,3.2,0.758287544405155,5,0
LC4_BOTH,DNge027,L,1,-0.7,0.4472135954999579,0,4
LC4_BOTH,DNbe007,R,1,-1.0,0.7071067811865476,0,4
LC4_BOTH,DNc01,L,1,0.0,0.0,0,0
LC4_BOTH,DNp102,R,1,1.3,0.570087712549569,5,0
LC4_BOTH,DNg60,L,1,-0.2,0.27386127875258304,0,2
LC4_BOTH,DNp14,L,1,-0.1,0.22360679774997896,0,1
LC4_BOTH,DNa08,R,1,-0.2,0.570087712549569,1,2
LC4_BOTH,DNpe023,L,1,0.0,0.0,0,0
LC4_BOTH,DNg31,R,1,-0.7,0.758287544405155,1,4
LC4_BOTH,DNge141,L,1,-0.1,0.7416198487095663,1,2
LC4_BOTH,DNge048,L,1,3.0,0.6123724356957945,5,0
LC4_BOTH,DNge026,L,1,0.1,0.22360679774997896,1,0
LC4_BOTH,CB0429,R,1,-0.1,0.22360679774997896,0,1
LC4_BOTH,DNge101,R,1,-1.1,0.5477225575051661,0,5
LC4_BOTH,DNp33,L,1,-0.1,0.5477225575051661,1,1
LC4_BOTH,DNge043,L,1,0.2,0.4472135954999579,1,0
LC4_BOTH,DNpe006,L,1,0.3,0.9746794344808964,2,1
LC4_BOTH,DNge149,M,1,0.8,0.758287544405155,3,0
LC4_BOTH,DNg27,L,1,-0.3,0.27386127875258304,0,3
LC4_BOTH,DNb04,R,1,0.0,0.5,2,2
LC4_BOTH,DNge065,R,1,0.0,0.3535533905932738,1,1
LC4_BOTH,DNd03,L,1,0.9,0.6519202405202649,4,0
LC4_BOTH,DNde005,L,1,0.8,0.8366600265340756,4,1
LC4_BOTH,DNge043,R,1,0.1,0.5477225575051661,3,2
LC4_BOTH,DNge132,R,1,2.0,1.0,5,0
LC4_BOTH,DNp54,R,1,-0.3,0.570087712549569,1,3
LC4_BOTH,DNp07,R,1,0.0,0.6123724356957945,1,2
LC4_BOTH,DNg101,L,1,-0.3,0.6708203932499369,1,2
LC4_BOTH,DNge152,M,1,0.5,0.3535533905932738,4,0
LC4_BOTH,DNp63,L,1,0.2,0.27386127875258304,2,0
LC4_BOTH,DNae001,R,1,-0.5,0.9354143466934853,1,2
LC4_BOTH,DNpe021,L,1,7.2,0.758287544405155,5,0
LC4_BOTH,DNge049,R,1,0.6,0.4183300132670378,4,0
LC4_BOTH,DNpe022,R,1,0.2,0.570087712549569,2,1
LC4_BOTH,DNg31,L,1,0.1,0.6519202405202649,2,2
LC4_BOTH,DNge084,R,1,0.4,0.5477225575051661,2,0
LC4_BOTH,DNae007,R,1,0.9,1.1937336386313322,3,1
LC4_BOTH,DNp45,L,1,0.5,0.6123724356957945,3,0
LC4_BOTH,DNpe032,L,1,0.9,0.4183300132670378,5,0
LC4_BOTH,DNae005,R,1,-0.5,0.9354143466934853,2,3
LC4_BOTH,DNpe052,R,1,0.0,0.0,0,0
LC4_BOTH,DNpe006,R,1,0.8,1.3509256086106296,3,1
LC4_BOTH,DNg27,R,1,-0.5,0.7071067811865476,0,2
LC4_BOTH,DNpe005,L,1,0.0,0.6123724356957945,1,2
LC4_BOTH,DNp24,L,1,0.0,0.0,0,0
LC4_BOTH,DNp68,L,1,0.1,0.5477225575051661,1,1
LC4_BOTH,DNg26,L,2,0.25,1.1726039399558574,3,2
LC4_BOTH,DNpe031,R,2,0.75,0.6123724356957945,5,0
LC4_BOTH,DNd03,R,1,0.0,0.0,0,0
LC4_BOTH,DNp07,L,1,0.3,0.27386127875258304,3,0
LC4_BOTH,DNg111,R,1,-0.7,0.8366600265340756,0,3
LC4_BOTH,DNg101,R,1,0.0,0.0,0,0
LC4_BOTH,DNp64,R,1,2.2,0.758287544405155,5,0
LC4_BOTH,DNge073,R,1,0.4,1.3874436925511608,2,2
LC4_BOTH,DNde007,R,1,0.1,0.6519202405202649,2,2
LC4_BOTH,DNp104,L,1,1.2,0.27386127875258304,5,0
LC4_BOTH,DNge142,R,1,0.5,0.8660254037844386,2,0
LC4_BOTH,DNae010,R,1,0.3,0.4472135954999579,2,0
LC4_BOTH,DNge041,L,1,-0.1,0.4183300132670378,1,2
LC4_BOTH,DNa04,L,1,1.2,0.6708203932499369,5,0
LC4_BOTH,DNge123,L,1,-0.1,0.4183300132670378,1,2
LC4_BOTH,DNge075,R,1,-0.3,0.570087712549569,1,3
LC4_BOTH,DNa05,R,1,6.7,0.4472135954999579,5,0
LC4_BOTH,DNp102,L,1,0.8,0.27386127875258304,5,0
LC4_BOTH,<untyped>,L,3,0.833333333333333,0.31180478223116176,5,0
LC4_BOTH,DNpe050,L,1,-0.6,1.1937336386313322,1,2
LC4_BOTH,DNp22,R,1,0.1,0.22360679774997896,1,0
LC4_BOTH,DNae003,L,1,0.2,1.1510864433221337,3,2
LC4_BOTH,DNge023,R,1,-1.0,0.3535533905932738,0,5
LC4_BOTH,DNge065,L,1,0.3,0.27386127875258304,3,0
LC4_BOTH,DNbe005,R,1,0.6,1.3874436925511608,2,1
LC4_BOTH,DNd04,R,1,0.2,0.758287544405155,2,2
LC4_BOTH,DNpe026,L,1,0.4,0.22360679774997896,4,0
LC4_BOTH,DNge142,L,1,1.1,1.1937336386313322,4,0
LC4_BOTH,DNg38,R,1,0.0,0.3535533905932738,1,1
LC4_BOTH,DNae010,L,1,0.5,0.7905694150420949,3,1
LC4_BOTH,DNp57,L,1,1.2,0.27386127875258304,5,0
LC4_BOTH,DNge053,R,1,0.0,0.0,0,0
LC4_BOTH,DNge042,R,1,0.0,0.0,0,0
LC4_BOTH,DNge018,L,1,0.1,0.22360679774997896,1,0
LC4_BOTH,DNge099,L,1,2.0,0.7905694150420949,5,0
LC4_BOTH,DNp101,L,1,0.1,0.22360679774997896,1,0
LC4_BOTH,DNg91,R,1,3.1,0.5477225575051661,5,0
LC4_BOTH,DNg38,L,1,-0.2,0.27386127875258304,0,2
LC4_BOTH,DNge135,R,1,0.1,0.6519202405202649,2,2
LC4_BOTH,DNb08,R,2,-0.05,0.32596012026013244,2,2
LC4_BOTH,DNp15,L,1,0.1,0.4183300132670378,2,1
LC4_BOTH,DNge136,L,2,1.5,0.5,5,0
LC4_BOTH,DNde006,R,1,0.4,0.4183300132670378,3,0
LC4_BOTH,DNge027,R,1,0.0,1.1726039399558574,2,3
LC4_BOTH,DNp38,R,1,0.5,0.3535533905932738,4,0
LC4_BOTH,DNbe005,L,1,0.2,0.570087712549569,2,1
LC4_BOTH,DNp58,R,1,-0.3,0.4472135954999579,1,4
LC4_BOTH,"DNg102_a,DNg102_b",L,2,-0.05,0.758287544405155,2,2
LC4_BOTH,DNg87,L,1,2.2,4.381780460041329,2,0
LC4_BOTH,DNge044,R,1,1.2,1.3509256086106296,4,1
LC4_BOTH,DNge099,R,1,3.3,0.758287544405155,5,0
LC4_BOTH,DNpe050,R,1,-1.3,0.9746794344808964,0,5
LC4_BOTH,DNg84,R,1,2.7,1.4404860290887933,5,0
LC4_BOTH,DNb08,L,2,-0.2,0.4107919181288746,1,4
LC4_BOTH,DNg68,R,1,-0.3,0.8366600265340756,2,3
LC4_BOTH,DNg109,R,1,-0.3,0.570087712549569,1,3
LC4_BOTH,DNpe031,L,2,1.2,0.4472135954999579,5,0
LC4_BOTH,DNg48,L,1,-0.8,0.758287544405155,1,4
LC4_BOTH,DNpe027,R,1,0.5,0.6123724356957945,4,1
LC4_BOTH,DNg14,R,1,-0.4,0.7416198487095663,1,3
LC4_BOTH,DNg32,L,1,0.1,1.08397416943394,2,3
LC4_BOTH,DNbe002,R,2,0.0,0.30618621784789724,1,2
LC4_BOTH,DNg104,L,1,-0.2,0.27386127875258304,0,2
LC4_BOTH,DNge056,R,1,0.0,0.0,0,0
LC4_BOTH,DNg43,R,1,0.0,0.3535533905932738,1,1
LC4_BOTH,DNg68,L,1,-0.5,0.3535533905932738,0,4
LC4_BOTH,DNp22,L,1,0.2,0.570087712549569,2,1
LC4_BOTH,DNg59,R,1,1.7,2.6362852652928135,4,1
LC4_BOTH,DNp67,L,1,-1.0,1.0606601717798212,0,3
LC4_BOTH,DNpe055,R,1,0.4,0.7416198487095663,3,1
LC4_BOTH,DNge080,R,1,-0.1,0.22360679774997896,0,1
LC4_BOTH,DNge140,R,1,0.0,0.0,0,0
LC4_BOTH,DNge007,R,1,0.0,0.0,0,0
LC4_BOTH,DNg84,L,1,4.3,7.129165449055029,5,0
LC4_BOTH,DNp60,L,1,-0.2,0.570087712549569,1,2
LC4_BOTH,DNge001,L,1,0.0,1.118033988749895,2,2
LC4_BOTH,DNge148,R,1,1.1,0.8215838362577492,4,0
LC4_BOTH,DNge150,M,1,1.0,0.9354143466934853,4,0
LC4_BOTH,DNge136,R,2,1.3,0.570087712549569,5,0
LC4_BOTH,DNpe055,L,1,0.2,1.2041594578792296,3,2
LC4_BOTH,DNge100,L,1,0.0,0.0,0,0
LC4_BOTH,DNp67,R,1,0.0,0.7071067811865476,1,1
LC4_BOTH,DNbe002,L,2,-0.15,0.518411033833193,2,2
LC4_BOTH,DNge124,R,1,0.9,0.4183300132670378,5,0
LC4_BOTH,DNge128,R,1,0.0,0.0,0,0
LC4_BOTH,DNg50,R,1,0.3,0.758287544405155,2,1
LC4_BOTH,DNg48,R,1,-0.1,0.7416198487095663,1,2
LC4_BOTH,DNge056,L,1,-0.1,0.5477225575051661,1,1
LC4_BOTH,DNg26,R,2,0.5,1.14564392373896,4,1
LC4_BOTH,DNge067,R,1,-1.1,0.4183300132670378,0,5
LC4_BOTH,DNge125,R,1,-0.6,0.8215838362577492,0,2
LC4_BOTH,DNd04,L,1,0.6,0.22360679774997896,5,0
LC4_BOTH,DNg78,R,1,-0.3,0.4472135954999579,0,2
LC4_BOTH,DNge060,R,1,0.7,1.3038404810405297,2,0
LC4_BOTH,DNge010,R,1,0.1,0.5477225575051661,1,1
LC4_BOTH,DNge047,L,1,0.7,0.6708203932499369,3,0
LC4_BOTH,DNge028,R,1,0.0,0.0,0,0
LC4_BOTH,DNge069,L,1,0.2,0.9746794344808964,3,2
LC4_BOTH,DNg87,R,1,1.0,1.541103500742244,2,0
LC4_BOTH,DNge004,R,1,0.0,0.0,0,0
LC4_BOTH,DNg22,L,1,-1.1,0.8215838362577492,0,5
LC4_BOTH,DNge122,R,1,1.1,2.534758371127315,3,1
LC4_BOTH,DNge007,L,1,0.0,0.0,0,0
LC4_BOTH,DNp44,L,1,0.0,0.0,0,0
LC4_BOTH,DNg56,L,1,-1.4,0.4183300132670378,0,5
LC4_BOTH,DNge022,R,1,0.3,1.036822067666386,2,2
LC4_BOTH,DNpe042,R,1,0.6,0.4183300132670378,4,0
LC4_BOTH,DNg19,L,1,-0.6,0.4183300132670378,0,4
LC4_BOTH,DNge125,L,1,-0.1,0.4183300132670378,1,2
LC4_BOTH,DNg71,R,1,1.4,0.9617692030835673,5,0
LC4_BOTH,DNg103,L,1,0.0,0.3535533905932738,1,1
LC4_BOTH,DNge113,R,3,0.0,0.0,0,0
LC4_BOTH,DNge123,R,1,-0.1,1.2449899597988732,1,3
LC4_BOTH,DNpe043,R,1,0.4,0.22360679774997896,4,0
LC4_BOTH,DNb07,R,1,1.0,0.6123724356957945,5,0
LC4_BOTH,DNge101,L,1,0.2,0.27386127875258304,2,0
LC4_BOTH,DNge080,L,1,0.0,0.0,0,0
LC4_BOTH,DNpe003,R,2,-0.1,0.6274950199005567,1,4
LC4_BOTH,DNp41,L,2,0.45,0.54198708471697,3,1
LC4_BOTH,DNb02,L,2,-0.3,0.37080992435478316,1,4
LC4_BOTH,DNge135,L,1,0.0,0.3535533905932738,1,1
LC4_BOTH,DNge104,R,1,0.5,1.695582495781317,1,2
LC4_BOTH,DNge033,R,1,0.3,1.2041594578792296,2,2
LC4_BOTH,DNae004,R,1,11.0,0.3535533905932738,5,0
LC4_BOTH,DNg44,R,1,0.3,0.570087712549569,3,1
LC4_BOTH,DNa05,L,1,5.7,0.758287544405155,5,0
LC4_BOTH,DNge002,R,1,-0.8,0.758287544405155,0,4
LC4_BOTH,DNg54,R,1,0.0,0.0,0,0
LC4_BOTH,DNpe030,L,1,0.3,0.9746794344808964,1,1
LC4_BOTH,DNpe049,R,1,0.1,0.5477225575051661,3,2
LC4_BOTH,DNge070,L,1,-0.2,0.570087712549569,1,2
LC4_BOTH,DNg44,L,1,1.4,0.5477225575051661,5,0
LC4_BOTH,DNge098,L,1,-1.4,0.4183300132670378,0,5
LC4_BOTH,DNde001,L,1,0.4,0.6519202405202649,3,1
LC4_BOTH,DNpe020,M,2,0.65,0.3791437722025775,5,0
LC4_BOTH,DNg54,L,1,0.0,0.0,0,0
LC4_BOTH,DNge011,R,1,0.0,0.0,0,0
LC4_BOTH,DNge137,R,2,0.9,0.698212002188447,4,1
LC4_BOTH,DNpe001,R,1,0.1,0.22360679774997896,1,0
LC4_BOTH,DNg91,L,1,2.2,0.6708203932499369,5,0
LC4_BOTH,DNde003,R,2,-0.3,0.51234753829798,2,3
LC4_BOTH,DNge076,L,1,-0.2,0.8366600265340756,2,2
LC4_BOTH,DNge140,L,1,-0.1,0.22360679774997896,0,1
LC4_BOTH,DNge139,R,1,0.0,0.9354143466934853,2,1
LC4_BOTH,DNge006,L,1,-0.2,0.4472135954999579,0,1
LC4_BOTH,DNg95,R,1,1.0,0.6123724356957945,4,0
LC4_BOTH,DNge086,R,1,-0.1,0.22360679774997896,0,1
LC4_BOTH,DNge133,L,1,1.6,2.219234102117215,4,0
LC4_BOTH,DNge084,L,1,0.4,0.22360679774997896,4,0
LC4_BOTH,DNp60,R,1,-0.1,0.5477225575051661,2,3
LC4_BOTH,DNge018,R,1,0.0,0.0,0,0
LC4_BOTH,DNpe030,R,1,0.3,0.9746794344808964,1,1
LC4_BOTH,DNg105,R,1,0.1,0.22360679774997896,1,0
LC4_BOTH,DNge088,L,1,0.0,0.0,0,0
LC4_BOTH,DNge122,L,1,1.0,2.345207879911715,2,1
LC4_BOTH,DNg85,R,1,0.1,0.22360679774997896,1,0
LC4_BOTH,DNge039,L,1,0.6,2.274862633215465,2,2
LC4_BOTH,DNge028,L,1,0.0,0.0,0,0
LC4_BOTH,DNg81,R,1,2.9,4.574385204593072,5,0
LC4_BOTH,DNp53,L,1,0.0,0.0,0,0
LC4_BOTH,DNg95,L,1,0.2,0.4472135954999579,3,1
LC4_BOTH,DNg41,R,1,0.2,0.8366600265340756,2,2
LC4_BOTH,DNp46,R,1,-0.1,0.4183300132670378,1,2
LC4_BOTH,DNpe034,L,1,0.1,0.22360679774997896,1,0
LC4_BOTH,"DNp51,DNpe019",L,2,0.35,0.2850438562747845,4,0
LC4_BOTH,DNp25,R,1,-0.1,0.22360679774997896,0,1
LC4_BOTH,"DNg52_a,DNg52_b",R,2,0.95,0.4472135954999579,5,0
LC4_BOTH,DNg86,R,1,-1.1,1.08397416943394,1,4
LC4_BOTH,DNge076,R,1,-1.2,1.036822067666386,0,4
LC4_BOTH,DNge033,L,1,-0.3,1.036822067666386,1,4
LC4_BOTH,DNg33,L,1,2.1,1.140175425099138,5,0
LC4_BOTH,DNg20,R,1,3.3,3.492849839314596,4,0
LC4_BOTH,DNge022,L,1,0.7,1.9874606914351791,2,2
LC4_BOTH,DNde001,R,1,-0.1,0.5477225575051661,2,3
LC4_BOTH,DNg86,L,1,-0.5,0.6123724356957945,1,4
LC4_BOTH,DNp40,L,1,0.0,0.6123724356957945,2,1
LC4_BOTH,DNa14,R,1,-0.1,0.5477225575051661,1,1
LC4_BOTH,DNg66,M,1,-0.1,0.6519202405202649,2,2
LC4_BOTH,DNg33,R,1,2.1,0.8944271909999159,5,0
LC4_BOTH,DNge096,L,1,-0.1,0.6519202405202649,2,2
LC4_BOTH,DNg51,L,2,-0.05,0.11180339887498948,0,1
LC4_BOTH,DNge046,L,2,-0.2,0.7158910531638176,2,3
LC4_BOTH,DNge019,L,7,0.30000000000000004,0.9040724189883852,4,1
LC4_BOTH,DNge106,R,1,0.2,0.6708203932499369,3,2
LC4_BOTH,DNg51,R,2,0.0,0.0,0,0
LC4_BOTH,DNg17,R,1,-1.1,0.4183300132670378,0,5
LC4_BOTH,DNa08,L,1,0.0,0.3535533905932738,1,1
LC4_BOTH,DNae008,R,1,0.3,0.9746794344808964,2,1
LC4_BOTH,DNge096,R,1,-0.2,0.570087712549569,1,2
LC4_BOTH,DNg41,L,1,-0.3,1.0954451150103321,1,2
LC4_BOTH,DNge063,L,1,-0.8,0.9746794344808964,1,4
LC4_BOTH,DNg34,R,1,-0.1,0.7416198487095663,1,2
LC4_BOTH,DNpe049,L,1,-0.1,0.4183300132670378,1,2
LC4_BOTH,DNbe006,R,1,-0.4,0.4183300132670378,0,3
LC4_BOTH,DNg73,L,1,1.3,1.3509256086106296,4,1
LC4_BOTH,DNg62,L,1,-0.1,0.22360679774997896,0,1
LC4_BOTH,DNge082,R,1,0.1,0.7416198487095663,2,1
LC4_BOTH,DNg43,L,1,0.0,0.7071067811865476,2,3
LC4_BOTH,DNge002,L,1,-0.2,0.8366600265340756,2,2
LC4_BOTH,DNg79,R,2,0.05,0.48088460154178364,3,1
LC4_BOTH,DNge038,R,1,2.4,0.4183300132670378,5,0
LC4_BOTH,DNge008,R,1,0.7,0.9082951062292475,4,1
LC4_BOTH,DNpe035,L,1,0.2,0.27386127875258304,2,0
LC4_BOTH,DNge010,L,1,0.1,1.02469507659596,3,2
LC4_BOTH,DNge100,R,1,-0.2,0.27386127875258304,0,2
LC4_BOTH,DNg61,L,1,-1.3,1.3038404810405297,1,4
LC4_BOTH,DNg97,L,1,0.7,0.4472135954999579,5,0
LC4_BOTH,DNpe026,R,1,0.1,0.7416198487095663,2,1
LC4_BOTH,DNge137,L,1,0.6,0.5477225575051661,3,0
LC4_BOTH,DNge069,R,1,-0.7,0.4472135954999579,0,4
LC4_BOTH,DNg89,L,1,0.3,0.570087712549569,3,1
LC4_BOTH,DNge139,L,1,-0.4,0.4183300132670378,0,3
LC4_BOTH,DNa14,L,1,-0.5,0.3535533905932738,0,4
LC4_BOTH,DNge172,R,3,2.8666666666666667,3.794001112868109,3,2
LC4_BOTH,DNg106,R,7,0.17142857142857143,0.06388765649999399,5,0
LC4_BOTH,DNg63,L,1,0.1,0.4183300132670378,2,1
LC4_BOTH,<untyped>,R,1,-0.1,0.22360679774997896,0,1
LC4_BOTH,DNge131,L,1,-0.7,0.8366600265340756,0,3
LC4_BOTH,DNp65,R,1,-0.6,0.4183300132670378,0,4
LC4_BOTH,DNg42,L,1,1.9,0.7416198487095663,5,0
LC4_BOTH,"DNg52_a,DNg52_b",L,2,0.45,0.54198708471697,4,1
LC4_BOTH,DNpe003,L,2,0.0,0.46770717334674267,2,3
LC4_BOTH,DNge044,L,1,1.7,3.03315017762062,3,1
LC4_BOTH,DNg69,R,1,-0.7,0.4472135954999579,0,4
LC4_BOTH,DNg42,R,1,4.2,0.9082951062292475,5,0
LC4_BOTH,DNp24,R,1,0.6,0.4183300132670378,4,0
LC4_BOTH,DNpe041,R,1,0.2,0.570087712549569,2,1
LC4_BOTH,DNg76,R,1,0.1,0.22360679774997896,1,0
LC4_BOTH,DNge173,R,1,0.0,0.9354143466934853,2,3
LC4_BOTH,DNge060,L,1,0.3,0.570087712549569,3,1
LC4_BOTH,DNg106,L,9,0.1111111111111111,0.06804138174397717,5,0
LC4_BOTH,DNg64,L,1,-0.4,0.7416198487095663,1,3
LC4_BOTH,DNae004,L,1,9.3,0.6708203932499369,5,0
LC4_BOTH,DNge127,R,1,-0.3,0.570087712549569,1,3
LC4_BOTH,DNge077,L,1,0.0,0.6123724356957945,2,1
LC4_BOTH,DNge133,R,1,0.7,0.570087712549569,4,0
LC4_BOTH,DNae006,L,1,1.0,0.6123724356957945,4,0
LC4_BOTH,DNg73,R,1,1.4,2.8591956910991594,2,0
LC4_BOTH,DNg89,R,1,0.2,1.036822067666386,1,2
LC4_BOTH,DNpe040,L,1,0.8,0.9082951062292475,3,0
LC4_BOTH,DNae006,R,1,0.1,0.7416198487095663,2,1
LC4_BOTH,DNg05_a,R,1,0.5,0.0,5,0
LC4_BOTH,DNge151,M,1,0.6,0.4183300132670378,4,0
LC4_BOTH,DNpe028,R,1,-0.1,0.4183300132670378,1,2
LC4_BOTH,DNge131,R,1,-0.2,0.27386127875258304,0,2
LC4_BOTH,DNpe014,R,2,0.45,0.48088460154178364,4,1
LC4_BOTH,DNp28,R,1,-0.1,0.22360679774997896,0,1
LC4_BOTH,DNge078,L,1,0.1,1.140175425099138,2,2
LC4_BOTH,DNg72,L,2,0.1,0.22360679774997896,1,0
LC4_BOTH,DNg04,R,2,0.0,0.0,0,0
LC4_BOTH,DNg11,L,3,-0.43333333333333346,0.4503085362035432,1,4
LC4_BOTH,DNge121,R,1,0.9,1.5572411502397436,3,1
LC4_BOTH,DNge111,L,3,-0.033333333333333305,0.18257418583505536,1,1
LC4_BOTH,DNg63,R,1,-0.2,0.9082951062292475,1,2
LC4_BOTH,"DNp51,DNpe019",R,2,0.25,0.82915619758885,2,2
LC4_BOTH,DNge113,L,3,0.0,0.0,0,0
LC4_BOTH,DNp39,R,1,0.3,0.6708203932499369,2,1
LC4_BOTH,DNg72,R,2,0.0,0.0,0,0
LC4_BOTH,DNpe040,R,1,1.2,0.27386127875258304,5,0
LC4_BOTH,DNge072,R,1,0.0,0.3535533905932738,1,1
LC4_BOTH,DNge052,R,1,0.0,0.0,0,0
LC4_BOTH,DNg09,L,4,0.0,0.0,0,0
LC4_BOTH,DNge052,L,1,0.0,0.0,0,0
LC4_BOTH,DNge127,L,1,0.4,0.8944271909999159,3,1
LC4_BOTH,DNge121,L,1,1.7,2.752271788904577,3,0
LC4_BOTH,DNp40,R,1,0.4,0.6519202405202649,3,1
LC4_BOTH,DNp41,R,2,1.2,0.4107919181288746,5,0
LC4_BOTH,DNg50,L,1,1.4,1.3874436925511608,4,1
LC4_BOTH,DNg05_a,L,1,0.3,0.27386127875258304,3,0
LC4_BOTH,DNge016,R,1,0.2,0.27386127875258304,2,0
LC4_BOTH,DNpe004,L,2,-0.15,0.7826237921249264,2,1
LC4_BOTH,DNg55,M,1,1.0,0.6123724356957945,4,0
LC4_BOTH,DNg62,R,1,-0.6,1.08397416943394,1,3
LC4_BOTH,DNge147,R,1,0.0,0.0,0,0
LC4_BOTH,DNge057,R,1,0.1,0.8944271909999159,2,2
LC4_BOTH,DNg47,R,1,-0.5,0.6123724356957945,0,3
LC4_BOTH,DNg109,L,1,-0.2,0.27386127875258304,0,2
LC4_BOTH,DNge082,L,1,0.0,0.7905694150420949,2,2
LC4_BOTH,DNge147,L,1,0.0,0.0,0,0
LC4_BOTH,DNg46,L,1,-0.3,0.6708203932499369,1,2
LC4_BOTH,DNge097,L,1,0.0,0.6123724356957945,1,2
LC4_BOTH,DNge057,L,1,-1.1,0.7416198487095663,0,4
LC4_BOTH,DNg58,R,1,-0.3,1.036822067666386,2,3
LC4_BOTH,DNpe004,R,2,-0.3,0.54198708471697,0,2
LC4_BOTH,DNg06_a,R,1,0.2,0.27386127875258304,2,0
LC4_BOTH,DNge145,L,2,0.0,0.0,0,0
LC4_BOTH,DNpe028,L,1,1.7,0.4472135954999579,5,0
LC4_BOTH,DNge091,R,9,0.14444444444444446,0.1948408657416687,4,1
LC4_BOTH,DNg11,R,3,0.33333333333333326,0.5892556509887896,4,1
LC4_BOTH,DNge030,L,1,0.0,0.5,2,2
LC4_BOTH,DNge012,L,1,1.3,2.7064737205448717,3,2
LC4_BOTH,DNg20,L,1,3.0,5.3967582862307255,3,1
LC4_BOTH,DNge081,L,1,-0.2,0.570087712549569,1,2
LC4_BOTH,DNge124,L,1,1.5,0.7905694150420949,5,0
LC4_BOTH,DNge072,L,1,0.0,0.7905694150420949,2,2
LC4_BOTH,DNg45,R,1,0.3,0.758287544405155,2,1
LC4_BOTH,DNge081,R,1,-0.3,0.758287544405155,1,2
LC4_BOTH,DNg21,R,1,-0.3,0.570087712549569,1,3
LC4_BOTH,DNp52,R,1,-0.2,0.27386127875258304,0,2
LC4_BOTH,DNp25,L,1,0.0,0.0,0,0
LC4_BOTH,DNg107,R,1,-0.4,0.8944271909999159,2,3
LC4_BOTH,DNge058,R,1,0.0,0.0,0,0
LC4_BOTH,DNpe035,R,1,0.5,0.7905694150420949,3,1
LC4_BOTH,DNge064,R,1,0.1,0.8944271909999159,2,2
LC4_BOTH,DNge013,L,1,-0.4,0.4183300132670378,0,3
LC4_BOTH,DNge068,L,1,0.0,0.6123724356957945,1,2
LC4_BOTH,DNge029,R,1,0.5,0.8660254037844386,2,0
LC4_BOTH,DNge145,R,2,0.0,0.0,0,0
LC4_BOTH,DNpe014,L,2,-0.1,0.22360679774997896,1,3
LC4_BOTH,DNge034,L,1,-0.2,1.0954451150103321,2,3
LC4_BOTH,DNb03,L,2,-0.4,0.7623975340988454,2,3
LC4_BOTH,DNg21,L,1,-0.2,0.4472135954999579,1,3
LC4_BOTH,DNpe033,R,1,0.1,0.6519202405202649,3,1
LC4_BOTH,DNge001,R,2,-0.3,0.9253377761660874,2,3
LC4_BOTH,DNg01,R,4,3.65,0.29843340965783305,5,0
LC4_BOTH,DNge075,L,1,0.3,0.570087712549569,3,1
LC4_BOTH,DNge034,R,1,-0.8,0.8366600265340756,1,4
LC4_BOTH,DNpe012,R,4,0.2,0.22707377655731187,4,1
LC4_BOTH,DNpe033,L,1,-0.5,0.5,0,3
LC4_BOTH,DNb03,R,2,0.05,0.6224949798994366,3,1
LC4_BOTH,DNg94,R,1,0.5,0.3535533905932738,4,0
LC4_BOTH,DNge019,R,7,0.27142857142857135,2.036278117406503,2,3
LC4_BOTH,DNge064,L,1,0.5,1.2747548783981961,3,2
LC4_BOTH,DNg23,L,1,-0.4,0.5477225575051661,0,2
LC4_BOTH,DNge134,R,1,1.4,1.4747881203752626,4,1
LC4_BOTH,DNg59,L,1,1.7,3.03315017762062,3,1
LC4_BOTH,DNge097,R,1,-0.5,0.7071067811865476,1,4
LC4_BOTH,DNge098,R,1,-0.9,0.22360679774997896,0,5
LC4_BOTH,DNg17,L,1,-1.1,0.7416198487095663,0,4
LC4_BOTH,DNg45,L,1,0.7,0.570087712549569,4,0
LC4_BOTH,DNg82,R,2,0.6,0.33541019662496846,5,0
LC4_BOTH,DNa07,R,1,6.4,0.6519202405202649,5,0
LC4_BOTH,DNge035,R,1,0.0,0.0,0,0
LC4_BOTH,DNg82,L,2,0.5,0.30618621784789724,5,0
LC4_BOTH,DNpe036,L,1,0.3,0.570087712549569,3,1
LC4_BOTH,DNge174,R,1,0.0,0.0,0,0
LC4_BOTH,DNg02_d,R,1,0.5,0.3535533905932738,4,0
LC4_BOTH,DNp65,L,1,0.0,0.9354143466934853,2,3
LC4_BOTH,DNg58,L,1,0.1,1.08397416943394,2,3
LC4_BOTH,DNg12_d,R,2,1.2,2.3278208693969558,4,1
LC4_BOTH,DNg09,R,4,0.05,0.11180339887498948,1,0
LC4_BOTH,DNxl114,L,1,0.0,0.0,0,0
LC4_BOTH,DNge105,L,1,-0.1,0.22360679774997896,0,1
LC4_BOTH,DNde006,L,1,0.4,2.6786190471957747,2,1
LC4_BOTH,DNp16,R,2,0.5,0.30618621784789724,4,0
LC4_BOTH,DNg77,L,1,-0.5,0.3535533905932738,0,4
LC4_BOTH,DNge174,L,1,0.0,0.0,0,0
LC4_BOTH,DNg02_f,R,1,1.5,0.5,5,0
LC4_BOTH,DNge021,R,1,-0.2,0.570087712549569,1,2
LC4_BOTH,DNg03,R,6,0.7333333333333334,0.46918960867530823,5,0
LC4_BOTH,DNpe037,R,1,0.2,0.27386127875258304,2,0
LC4_BOTH,DNg12_a,R,4,2.175,2.0455744914326637,5,0
LC4_BOTH,DNge091,L,9,0.3888888888888889,0.3767961101736261,4,1
LC4_BOTH,DNge029,L,1,0.3,0.758287544405155,2,1
LC4_BOTH,DNge144,R,1,0.2,0.27386127875258304,2,0
LC4_BOTH,DNg12_a,L,4,2.575,0.9945162140458043,5,0
LC4_BOTH,DNg12_d,L,2,1.1,1.02469507659596,4,1
LC4_BOTH,DNpe010,R,1,1.1,0.22360679774997896,5,0
LC4_BOTH,DNpe010,L,1,1.2,0.4472135954999579,5,0
LC4_BOTH,"DNg08_a,DNg08_b",L,12,0.24166666666666656,0.3178705187126775,4,1
LC4_BOTH,DNge110,R,2,0.15,0.2850438562747845,3,1
LC4_BOTH,DNg02_g,L,2,0.35,0.3791437722025775,4,1
LC4_BOTH,DNg110_a,L,3,0.03333333333333326,0.7490735018081411,2,2
LC4_BOTH,DNa07,L,1,5.1,0.5477225575051661,5,0
LC4_BOTH,DNge110,L,2,-0.5,0.4330127018922193,0,5
LC4_BOTH,DNge020,L,4,0.225,0.270993542358485,3,0
LC4_BOTH,DNg12_e,R,3,-0.43333333333333335,0.760116950066092,1,3
LC4_BOTH,DNg36_a,R,2,-0.4,1.4426538046253508,2,3
LC4_BOTH,DNg06_a,L,1,0.6,0.4183300132670378,4,0
LC4_BOTH,DNg02_g,R,2,0.05,0.2091650066335189,2,1
LC4_BOTH,DNg57,L,1,3.7,1.7175564037317668,5,0
LC4_BOTH,DNge021,L,1,0.0,0.3535533905932738,1,1
LC4_BOTH,DNp16,L,2,0.35,0.5755432216610669,3,1
LC4_BOTH,DNpe053,R,1,0.6,0.22360679774997896,5,0
LC4_BOTH,DNg12_c,R,2,1.1,2.4849547279578355,2,1
LC4_BOTH,"DNg08_a,DNg08_b",R,11,0.2363636363636364,0.2863997091276976,4,0
LC4_BOTH,DNg57,R,1,2.1,0.7416198487095663,5,0
LC4_BOTH,DNpe009,L,5,1.7399999999999998,0.5224940191045253,5,0
LC4_BOTH,DNg02_b,L,3,0.03333333333333335,0.5190803834132479,3,2
LC4_BOTH,DNge025,R,1,-0.1,0.22360679774997896,0,1
LC4_BOTH,"DNg06_b,DNg06_c",R,3,0.1333333333333333,0.5190803834132478,3,1
LC4_BOTH,DNg02_f,L,1,1.0,0.6123724356957945,5,0
LC4_BOTH,DNp17,L,6,-0.13333333333333336,0.13944333775567927,0,3
LC4_BOTH,DNp72,R,1,-0.2,0.758287544405155,2,2
LC4_BOTH,DNg02_a,L,5,-0.05999999999999996,0.4505552130427524,2,2
LC4_BOTH,DNg107,L,1,0.7,1.4404860290887933,3,2
LC4_BOTH,DNge020,R,4,-0.025,1.04358157323709,2,3
LC4_BOTH,DNge111,R,3,0.3999999999999999,0.4013864859597432,4,1
LC4_BOTH,DNxl114,R,1,0.1,0.22360679774997896,1,0
LC4_BOTH,DNg12_c,L,3,0.9666666666666666,1.1080513425729777,4,1
LC4_BOTH,DNg12_b,R,8,0.7375,1.5571157230597859,3,2
LC4_BOTH,DNg83,L,1,0.7,1.9235384061671346,2,1
LC4_BOTH,DNg12_b,L,8,0.325,1.0747456094350887,3,2
LC4_BOTH,DNg12_e,L,3,0.3,1.4972196454317137,2,3
LC4_BOTH,DNge008,L,1,1.0,1.0,4,0
LC4_BOTH,DNg02_a,R,5,0.18000000000000002,0.32710854467592265,3,2
LC4_BOTH,DNge095,R,2,0.25,0.39528470752104744,3,1
LC4_BOTH,DNge087,L,2,0.2,0.11180339887498948,4,0
LC4_BOTH,DNg67,R,1,-0.3,1.036822067666386,2,3
LC4_BOTH,"DNg06_b,DNg06_c",L,3,-0.3666666666666667,0.36132472314464664,1,4
LC4_BOTH,DNge087,R,2,0.0,0.0,0,0
LC4_BOTH,DNge093,L,2,-0.1,0.22360679774997896,1,3
LC4_BOTH,DNge015,R,3,0.5333333333333334,0.9675283515799994,3,1
LC4_BOTH,DNge120,L,1,2.0,1.0606601717798212,5,0
LC4_BOTH,DNge095,L,1,-0.4,0.4183300132670378,0,3
LC4_BOTH,DNge090,L,2,-0.05,0.37080992435478316,1,2
LC4_BOTH,DNge014,L,1,0.1,0.4183300132670378,2,1
LC4_BOTH,DNg36_a,L,2,0.75,0.7905694150420949,4,1
LC4_BOTH,DNge109,R,1,-0.1,0.6519202405202649,1,3
LC4_BOTH,DNge090,R,2,-0.05,0.32596012026013244,2,2
LC4_BOTH,DNg53,L,1,2.9,0.6519202405202649,5,0
LC4_BOTH,DNge025,L,2,0.2,0.6471089552772392,2,2
LC4_BOTH,DNge117,R,2,-0.15,0.3791437722025775,1,4
LC4_BOTH,DNp72,L,1,0.1,0.4183300132670378,2,1
LC4_BOTH,DNpe012,L,4,0.2,0.18957188610128875,4,1
LC4_BOTH,DNge115,R,4,0.3,0.4011701633970303,4,0
LC4_BOTH,DNg92_b,L,2,-0.15,0.6274950199005567,2,3
LC4_BOTH,DNge092,L,2,0.6,0.3791437722025775,4,0
LC4_BOTH,DNg02_d,L,1,0.6,0.4183300132670378,4,0
LC4_BOTH,DNg07,R,8,0.0875,0.5738439465569015,3,2
LC4_BOTH,DNg07,L,8,-0.0125,0.5104379247273855,2,3
LC4_BOTH,DNge092,R,2,0.25,0.6123724356957945,3,2
LC4_BOTH,DNp17,R,6,-0.13333333333333333,0.12638125740085918,1,4
LC4_BOTH,DNge058,L,1,-0.1,0.22360679774997896,0,1
LC4_BOTH,DNge038,L,1,2.2,0.570087712549569,5,0
LC4_BOTH,"DNge108,DNge118",L,3,0.06666666666666667,0.38369548110737794,2,2
LC4_BOTH,DNge074,L,1,-0.2,0.27386127875258304,0,2
LC4_BOTH,DNg02_b,R,2,0.25,1.0606601717798212,3,2
LC4_BOTH,DNge115,L,4,0.175,0.48894018039019865,3,2
LC4_BOTH,DNp58,L,1,0.3,0.4472135954999579,2,0
LC4_BOTH,DNge094,R,7,-0.11428571428571428,0.08144110179279557,0,4
LC4_BOTH,DNge094,L,6,0.08333333333333333,0.23570226039551584,3,2
LC4_BOTH,DNge017,L,1,1.7,0.4472135954999579,5,0
LC4_BOTH,DNge015,L,2,0.15,0.518411033833193,3,2
LC4_BOTH,DNge017,R,1,1.5,0.6123724356957945,5,0
LC4_BOTH,DNge093,R,2,-0.05,0.2091650066335189,1,2
LC4_BOTH,DNge116,L,2,-0.1,0.4183300132670378,2,2
LC4_BOTH,DNge153,R,1,0.0,0.6123724356957945,2,1
LC4_BOTH,DNg01,L,5,2.66,0.3130495168499707,5,0
LC4_BOTH,DNg94,L,1,-0.9,0.6519202405202649,0,4
LC4_BOTH,DNge116,R,2,-0.2,0.4472135954999579,1,3
LC4_BOTH,DNge023,L,1,-1.0,0.7071067811865476,0,4
LC4_BOTH,DNge085,L,4,0.625,0.7288689868556626,4,1
LC4_BOTH,"DNge108,DNge118",R,2,0.1,0.3791437722025775,1,1
LC4_BOTH,DNge153,L,1,0.1,1.51657508881031,3,1
LC4_BOTH,DNg05_b,R,3,0.7333333333333333,0.3456073558887953,5,0
LC4_BOTH,DNpe015,R,5,-0.5999999999999999,0.5958187643906494,0,5
LC4_BOTH,DNg36_b,L,2,0.25,0.7288689868556626,2,2
LC4_BOTH,DNge134,L,1,1.2,1.9235384061671346,3,1
LC4_BOTH,DNge117,L,2,0.0,0.39528470752104744,2,2
LC4_BOTH,DNpe054,R,4,-0.35,0.6925947588597534,2,2
LC4_BOTH,DNge024,R,3,-0.10000000000000005,0.32489314482696546,1,2
LC4_BOTH,DNge114,L,4,0.875,0.6373774391990981,4,1
LC4_BOTH,DNg18_b,L,3,0.5666666666666667,0.4801620096962645,4,1
LC4_BOTH,DNge009,L,2,0.1,0.33541019662496846,3,2
LC4_BOTH,DNpe015,L,6,-0.04999999999999982,0.6308063622591854,2,3
LC4_BOTH,DNpe008,R,9,-0.15555555555555556,0.14907119849998599,0,4
LC4_BOTH,DNg36_b,R,3,-0.9666666666666666,0.41499665326629104,0,5
LC4_BOTH,DNg05_b,L,3,0.3333333333333333,0.48591265790377497,3,1
LC4_BOTH,DNp69,L,1,2.5,0.6123724356957945,5,0
LC4_BOTH,DNge089,L,3,0.3,0.6497862896539309,2,3
LC4_BOTH,DNpe024,L,1,0.1,0.22360679774997896,1,0
LC4_BOTH,DNg83,R,1,0.6,0.8215838362577492,3,0
LC4_BOTH,DNge085,R,4,0.3,0.6287388169979646,2,2
LC4_BOTH,DNge114,R,2,-0.35,0.45414755311462374,1,4
LC4_BOTH,DNge089,R,3,0.4666666666666667,0.570087712549569,4,1
LC4_BOTH,DNge102,R,2,-0.7,0.5968668193156661,0,5
LC4_BOTH,DNge071,L,8,0.2,0.3518922065064812,4,1
LC4_BOTH,"DNge154,DNge156",R,1,0.2,0.27386127875258304,2,0
LC4_BOTH,DNpe054,L,4,-0.225,0.7416198487095663,2,3
LC4_BOTH,DNg53,R,1,3.5,1.9685019685029528,5,0
LC4_BOTH,DNge009,R,2,0.2,0.51234753829798,3,2
LC4_BOTH,DNpe008,L,9,0.04444444444444444,0.2370081000855727,2,2
LC4_BOTH,DNg110_b,R,3,0.43333333333333335,0.27888667551135854,4,0
LC4_BOTH,DNg18_b,R,3,1.2666666666666668,0.49441323247304414,5,0
LC4_BOTH,DNge078,R,1,1.0,2.850438562747845,2,2
LC4_BOTH,DNge071,R,8,-0.0375,0.3205220351239521,3,2
LC4_BOTH,DNpe009,R,5,1.32,0.23874672772626646,5,0
LC4_BOTH,DNpe041,L,1,0.4,0.7416198487095663,3,1
LC4_BOTH,DNge024,L,4,0.25,0.385275875185561,4,1
LC4_BOTH,DNge109,L,1,0.8,1.3509256086106296,3,1
LC4_BOTH,DNpe029,R,2,0.4,1.64506838763621,2,1
LC4_BOTH,DNge126,L,1,0.2,0.27386127875258304,2,0
LC4_BOTH,DNg03,L,6,0.6333333333333333,0.3935239651039198,5,0
LC4_BOTH,DNpe029,L,2,0.65,1.764227876437735,2,2
LC4_BOTH,DNge126,R,1,1.1,0.6519202405202649,5,0
LC4_BOTH,DNge119,L,1,1.0,0.5,5,0
LC4_BOTH,DNg110_a,R,3,0.3,0.462481230850387,3,1
LC4_BOTH,DNg10,L,6,0.1,0.557150488348226,3,2
LC4_BOTH,DNg10,R,6,4.4408920985006264e-17,0.2429563289518875,2,3
LC4_BOTH,DNg92_b,R,2,0.25,0.6373774391990981,3,1
LC4_BOTH,DNg18_a,L,2,-0.45,0.32596012026013244,0,5
LC4_BOTH,DNpe036,R,1,0.4,0.7416198487095663,3,1
LC4_BOTH,DNpe011,R,2,-0.2,0.2091650066335189,0,3
LC4_BOTH,DNg18_a,R,1,0.5,0.0,5,0
LC4_BOTH,DNge045,L,1,1.8,1.036822067666386,4,0
LC4_BOTH,DNpe011,L,2,0.0,0.0,0,0
LC4_BOTH,DNg39,L,1,-0.1,0.6519202405202649,2,2
LC4_BOTH,DNd02,R,1,-0.1,0.6519202405202649,2,2
LC4_BOTH,DNg47,L,1,0.0,0.0,0,0
LC4_BOTH,DNge013,R,1,-0.4,0.6519202405202649,1,3
LC4_BOTH,DNpe018,L,2,0.4,0.518411033833193,3,1
LC4_BOTH,DNg110_b,L,3,0.2333333333333333,0.190029237516523,4,0
LC4_BOTH,DNge046,R,2,-0.35,1.1672617529928753,2,2
LC4_BOTH,DNge083,L,1,-0.2,1.0954451150103321,1,3
LC4_BOTH,DNpe018,R,1,0.1,0.22360679774997896,1,0
LC4_BOTH,DNg65,L,1,0.4,0.8944271909999159,1,0
LC4_BOTH,DNge074,R,1,0.1,0.22360679774997896,1,0
LC4_BOTH,DNge102,L,2,-0.75,0.3535533905932738,0,5
LC4_BOTH,DNg02_e,L,1,0.8,0.570087712549569,4,0
LC4_BOTH,DNge144,L,1,0.0,0.6123724356957945,1,2
LC4_BOTH,DNg92_a,L,1,0.2,0.8366600265340756,2,1
LC4_BOTH,DNg60,R,1,-0.5,0.7905694150420949,1,3
LC4_BOTH,DNg92_a,R,1,-0.2,0.27386127875258304,0,2
LC4_BOTH,DNge130,L,1,0.0,0.0,0,0
LC4_BOTH,"DNge061,DNge066",L,2,-0.1,0.13693063937629152,0,2
LC4_BOTH,DNg02_c,R,2,0.4,0.33541019662496846,4,0
LC4_BOTH,"DNge061,DNge066",R,2,-0.05,0.27386127875258304,1,1
LC4_BOTH,DNg97,R,1,0.6,0.6519202405202649,3,0
LC4_BOTH,DNg04,L,2,-0.15,0.13693063937629152,0,3
LC4_BOTH,DNge050,R,1,0.0,0.6123724356957945,1,2
LC4_BOTH,DNge173,L,1,0.0,0.3535533905932738,1,1
LC4_BOTH,DNg02_c,L,2,-0.25,0.6123724356957945,1,2
LC4_BOTH,DNpe048,R,1,0.2,0.4472135954999579,1,0
LC4_BOTH,DNp42,R,1,-0.2,0.4472135954999579,1,3
LC4_BOTH,DNg13,R,1,-0.4,0.8215838362577492,1,2
LC4_BOTH,DNae001,L,1,0.1,1.02469507659596,3,2
LC4_BOTH,DNc01,R,1,0.1,0.4183300132670378,2,1
LC4_BOTH,DNge055,L,1,0.0,0.0,0,0
LC4_BOTH,DNge016,L,1,0.0,0.0,0,0
LC4_BOTH,DNge105,R,1,0.1,1.2942179105544784,3,2
LC4_BOTH,DNd05,R,1,0.4,0.6519202405202649,3,1
LC4_BOTH,DNg15,R,1,2.0,2.8284271247461903,5,0
LC4_BOTH,DNge086,L,1,-0.1,0.4183300132670378,1,2
LC4_BOTH,DNp44,R,1,0.0,0.0,0,0
LC4_BOTH,DNpe039,R,1,0.0,0.3535533905932738,1,1
LC4_BOTH,DNa09,L,1,0.9,0.4183300132670378,5,0
LC4_BOTH,DNge003,R,1,0.0,0.0,0,0
LC4_BOTH,DNge032,R,1,0.6,0.8215838362577492,3,0
LC4_BOTH,DNg61,R,1,-1.0,0.6123724356957945,0,4
LC4_BOTH,DNg49,R,1,0.3,0.758287544405155,2,1
LC4_BOTH,DNpe027,L,1,0.5,0.5,3,0
LC4_BOTH,DNp26,R,1,-0.4,0.6519202405202649,0,2
LC4_BOTH,DNg76,L,1,0.2,0.27386127875258304,2,0
LC4_BOTH,DNg67,L,1,-0.4,0.9617692030835673,1,3
LC4_BOTH,DNg02_e,R,1,1.5,0.6123724356957945,5,0
LC4_BOTH,DNg64,R,1,0.0,1.1726039399558574,3,2
LC4_BOTH,DNde007,L,1,0.4,0.4183300132670378,3,0
LC4_BOTH,DNg81,L,1,2.6,1.5572411502397436,5,0
LC4_BOTH,DNg23,R,1,-0.5,0.7905694150420949,1,3
LC4_BOTH,DNge030,R,1,0.0,0.3535533905932738,1,1
LC4_BOTH,DNg77,R,1,0.1,0.6519202405202649,2,2
LC4_BOTH,DNp08,L,1,0.3,0.570087712549569,3,1
LC4_BOTH,DNpe007,R,1,0.3,0.27386127875258304,3,0
LC4_BOTH,DNg85,L,1,0.0,0.0,0,0
LC4_BOTH,DNae005,L,1,0.7,0.758287544405155,3,0
LC4_BOTH,DNp28,L,1,5.3,0.4472135954999579,5,0
LC4_BOTH,DNge120,R,1,2.7,0.6708203932499369,5,0
LC4_BOTH,DNp34,R,1,-0.7,0.4472135954999579,0,4
LC4_BOTH,DNa16,L,1,-0.1,0.22360679774997896,0,1
LC4_BOTH,DNg24,R,1,-0.5,0.6123724356957945,1,4
LC4_BOTH,DNa03,L,1,0.3,0.27386127875258304,3,0
LC4_BOTH,DNp71,L,1,0.2,0.570087712549569,2,1
LC4_BOTH,DNge119,R,1,9.6,0.22360679774997896,5,0
LC4_BOTH,DNge062,L,1,-0.1,0.4183300132670378,1,2
LC4_BOTH,DNa06,L,1,0.0,0.5,2,2
LC4_BOTH,DNge148,L,1,1.4,0.4183300132670378,5,0
LC4_BOTH,DNg75,R,1,0.1,0.22360679774997896,1,0
LC4_BOTH,DNpe016,R,1,0.8,0.570087712549569,4,0
LC4_BOTH,DNp46,L,1,-0.4,0.4183300132670378,0,3
LC4_BOTH,DNb04,L,1,0.0,0.7071067811865476,3,2
LC4_BOTH,DNae007,L,1,0.0,0.3535533905932738,1,1
LC4_BOTH,DNp56,R,1,-0.2,0.27386127875258304,0,2
LC4_BOTH,DNae002,R,1,3.1,0.5477225575051661,5,0
LC4_BOTH,DNge130,R,1,0.0,0.0,0,0
LC4_BOTH,DNp104,R,1,1.5,0.7071067811865476,5,0
LC4_BOTH,DNpe024,R,1,0.4,0.4183300132670378,3,0
LC4_BOTH,DNge063,R,1,-0.8,0.8366600265340756,1,4
LC4_BOTH,DNpe023,R,1,0.0,0.0,0,0
LC4_BOTH,DNpe048,L,1,0.2,0.27386127875258304,2,0
LC4_BOTH,DNpe037,L,1,0.6,0.6519202405202649,3,0
LC4_BOTH,DNp56,L,1,-0.7,0.8366600265340756,0,3
LC4_BOTH,DNp47,L,1,-1.1,0.6519202405202649,0,4
LC4_BOTH,DNp53,R,1,0.0,0.0,0,0
LC4_BOTH,DNge055,R,1,-0.1,0.22360679774997896,0,1
LC4_BOTH,DNa10,L,1,-0.2,0.570087712549569,1,2
LC4_BOTH,DNae008,L,1,-0.4,0.5477225575051661,1,4
LC4_BOTH,DNge051,L,1,-0.3,0.6708203932499369,1,2
LC4_BOTH,DNa02,L,1,-0.3,0.758287544405155,2,3
LC4_BOTH,pIP10,L,1,-0.3,0.27386127875258304,0,3
LC4_BOTH,DNp05,L,1,14.0,0.7905694150420949,5,0
LC4_BOTH,DNge012,R,1,1.0,1.1726039399558574,3,0
LC4_BOTH,DNg14,L,1,-0.3,0.570087712549569,1,3
LC4_BOTH,DNa06,R,1,0.0,0.0,0,0
LC4_BOTH,DNg65,R,1,0.2,0.4472135954999579,3,1
LC4_BOTH,DNbe001,R,1,0.4,1.140175425099138,4,1
LC4_BOTH,DNp32,R,1,0.5,0.0,5,0
LC4_BOTH,DNge128,L,1,0.0,0.0,0,0
LC4_BOTH,DNg74_b,R,1,0.1,0.5477225575051661,3,2
LC4_BOTH,DNa13,L,2,0.05,0.2091650066335189,2,1
LC4_BOTH,DNp39,L,1,0.1,0.4183300132670378,2,1
LC4_BOTH,DNge073,L,1,1.0,0.3535533905932738,5,0
LC4_BOTH,DNpe022,L,1,0.0,0.6123724356957945,1,2
LC4_BOTH,DNp04,L,1,49.2,0.4472135954999579,5,0
LC4_BOTH,DNp23,R,1,1.5,0.3535533905932738,5,0
LC4_BOTH,DNge014,R,1,0.1,0.6519202405202649,2,2
LC4_BOTH,DNp27,L,1,1.1,1.1937336386313322,4,1
LC4_BOTH,DNge004,L,1,0.0,0.0,0,0
LC4_BOTH,"DNge154,DNge156",L,1,-0.4,0.6519202405202649,1,3
LC4_BOTH,DNg69,L,1,-0.2,0.570087712549569,1,2
LC4_BOTH,DNge146,L,1,0.1,0.22360679774997896,1,0
LC4_BOTH,DNge079,R,1,0.0,0.3535533905932738,1,1
LC4_BOTH,DNae009,L,1,-0.6,0.4183300132670378,0,4
LC4_BOTH,DNg29,R,1,0.0,0.0,0,0
LC4_BOTH,DNge172,L,1,4.1,4.17432629294836,4,0
LC4_BOTH,DNge077,R,1,-0.9,0.7416198487095663,0,4
LC4_BOTH,DNpe017,R,1,0.1,0.9617692030835673,2,2
LC4_BOTH,DNp32,L,1,0.1,0.6519202405202649,2,2
LC4_BOTH,DNge104,L,1,-0.1,0.5477225575051661,2,3
LC4_BOTH,DNge045,R,1,2.1,1.51657508881031,5,0
LC4_BOTH,DNp19,R,1,1.0,0.7905694150420949,4,0
LC4_BOTH,DNge070,R,1,0.0,0.6123724356957945,2,1
LC4_BOTH,DNpe021,R,1,3.6,0.4183300132670378,5,0
LC4_BOTH,DNg71,L,1,-0.1,1.08397416943394,3,2
LC4_BOTH,DNge079,L,1,0.1,0.22360679774997896,1,0
LC4_BOTH,DNp12,R,1,-0.1,0.8215838362577492,2,1
LC4_BOTH,DNpe002,R,1,-0.1,0.22360679774997896,0,1
LC4_BOTH,DNge088,R,1,-0.3,0.570087712549569,1,3
LC4_BOTH,DNpe032,R,1,0.6,0.5477225575051661,4,0
LC4_BOTH,DNpe016,L,1,0.9,0.8215838362577492,4,1
LC4_BOTH,DNp57,R,1,-0.1,1.08397416943394,3,2
LC4_BOTH,DNg46,R,1,-0.6,0.6519202405202649,1,4
LC4_BOTH,DNpe005,R,1,-0.4,0.6519202405202649,0,2
LC4_BOTH,DNp64,L,1,2.4,0.6519202405202649,5,0
LC4_BOTH,DNge106,L,1,0.2,0.570087712549569,2,1
LC4_BOTH,DNpe039,L,1,-0.1,0.6519202405202649,2,2
LOOM_BOTH,DNp01,R,1,41.2,0.758287544405155,5,0
LOOM_BOTH,DNp01,L,1,44.4,2.1621748310439655,5,0
LOOM_BOTH,DNp18,R,1,0.6,0.5477225575051661,4,0
LOOM_BOTH,pIP1,L,1,0.0,0.0,0,0
LOOM_BOTH,DNg56,R,1,-2.0,0.5,0,5
LOOM_BOTH,pIP1,R,1,0.0,0.0,0,0
LOOM_BOTH,DNg100,L,1,-0.1,0.22360679774997896,0,1
LOOM_BOTH,DNp18,L,1,0.4,0.6519202405202649,3,1
LOOM_BOTH,DNpe013,R,1,0.0,0.6123724356957945,2,1
LOOM_BOTH,DNg100,R,1,0.1,0.22360679774997896,1,0
LOOM_BOTH,DNp20,R,1,-0.1,0.4183300132670378,1,2
LOOM_BOTH,DNp27,R,1,2.6,0.8215838362577492,5,0
LOOM_BOTH,DNb05,R,1,0.0,0.0,0,0
LOOM_BOTH,DNp30,R,1,1.5,0.3535533905932738,5,0
LOOM_BOTH,aSP22,L,1,-0.3,0.8366600265340756,1,3
LOOM_BOTH,DNpe042,L,1,6.3,0.8366600265340756,5,0
LOOM_BOTH,aSP22,R,1,-0.5,0.3535533905932738,0,4
LOOM_BOTH,DNp11,R,1,23.8,0.570087712549569,5,0
LOOM_BOTH,DNp02,R,1,26.2,0.570087712549569,5,0
LOOM_BOTH,DNb05,L,1,1.5,1.4577379737113252,4,1
LOOM_BOTH,DNg30,L,1,0.1,0.5477225575051661,3,2
LOOM_BOTH,DNg105,L,1,0.3,0.4472135954999579,2,0
LOOM_BOTH,DNg74_a,R,1,1.4,0.4183300132670378,5,0
LOOM_BOTH,DNge031,L,1,0.1,1.140175425099138,2,2
LOOM_BOTH,DNg15,L,1,0.3,1.857417562100671,2,2
LOOM_BOTH,DNp30,L,1,2.2,0.27386127875258304,5,0
LOOM_BOTH,DNge103,R,1,0.1,0.6519202405202649,2,2
LOOM_BOTH,DNg90,L,1,-0.4,0.4183300132670378,0,3
LOOM_BOTH,DNp20,L,1,-0.3,0.758287544405155,1,4
LOOM_BOTH,DNge036,L,1,0.0,0.0,0,0
LOOM_BOTH,DNg16,L,1,-0.4,0.6519202405202649,0,2
LOOM_BOTH,DNg75,L,1,-0.1,0.22360679774997896,0,1
LOOM_BOTH,DNp29,R,1,1.4,0.8944271909999159,4,0
LOOM_BOTH,DNp02,L,1,35.5,1.9364916731037085,5,0
LOOM_BOTH,DNge083,R,1,-0.3,0.570087712549569,1,3
LOOM_BOTH,DNge037,R,1,-0.2,1.1510864433221337,2,2
LOOM_BOTH,DNg35,R,1,1.0,1.3693063937629153,4,1
LOOM_BOTH,DNge037,L,1,-0.1,0.5477225575051661,1,1
LOOM_BOTH,DNpe056,L,1,17.0,0.7071067811865476,5,0
LOOM_BOTH,DNp06,L,1,15.7,1.036822067666386,5,0
LOOM_BOTH,DNp35,L,1,7.3,0.4472135954999579,5,0
LOOM_BOTH,DNg99,R,1,-0.2,0.4472135954999579,1,3
LOOM_BOTH,DNg30,R,1,-0.4,0.4183300132670378,0,3
LOOM_BOTH,DNp55,L,1,0.0,0.5,2,2
LOOM_BOTH,DNp36,R,1,-0.4,0.6519202405202649,1,3
LOOM_BOTH,DNg74_a,L,1,2.7,0.6708203932499369,5,0
LOOM_BOTH,DNp31,L,1,1.2,0.570087712549569,5,0
LOOM_BOTH,DNp11,L,1,24.8,0.27386127875258304,5,0
LOOM_BOTH,DNp31,R,1,0.7,0.27386127875258304,5,0
LOOM_BOTH,DNg108,L,1,4.6,0.5477225575051661,5,0
LOOM_BOTH,DNp47,R,1,-1.3,0.6708203932499369,0,5
LOOM_BOTH,DNg108,R,1,5.7,0.27386127875258304,5,0
LOOM_BOTH,DNp103,R,1,18.9,0.22360679774997896,5,0
LOOM_BOTH,DNpe053,L,1,1.7,0.4472135954999579,5,0
LOOM_BOTH,DNg34,L,1,0.2,0.4472135954999579,1,0
LOOM_BOTH,DNge054,R,1,1.6,1.1937336386313322,4,0
LOOM_BOTH,DNge050,L,1,-0.4,0.6519202405202649,0,2
LOOM_BOTH,DNge041,R,1,0.0,0.0,0,0
LOOM_BOTH,DNge031,R,1,-0.6,0.6519202405202649,1,4
LOOM_BOTH,DNg22,R,1,-1.1,0.5477225575051661,0,5
LOOM_BOTH,DNp19,L,1,0.6,0.4183300132670378,4,0
LOOM_BOTH,DNc02,R,1,0.0,0.0,0,0
LOOM_BOTH,DNp73,R,1,0.0,0.0,0,0
LOOM_BOTH,DNa02,R,1,0.4,0.4183300132670378,3,0
LOOM_BOTH,DNg40,L,1,25.0,0.0,5,0
LOOM_BOTH,DNp59,R,1,-2.4,0.8944271909999159,0,5
LOOM_BOTH,DNge054,L,1,2.8,3.8013155617496426,5,0
LOOM_BOTH,DNa10,R,1,-0.6,0.6519202405202649,1,4
LOOM_BOTH,DNp63,R,1,0.0,0.3535533905932738,1,1
LOOM_BOTH,DNp13,R,1,-0.6,0.9617692030835673,1,4
LOOM_BOTH,DNg98,L,1,2.2,0.6708203932499369,5,0
LOOM_BOTH,DNb09,R,1,3.8,0.570087712549569,5,0
LOOM_BOTH,DNde002,L,1,0.0,0.0,0,0
LOOM_BOTH,DNp103,L,1,16.3,0.758287544405155,5,0
LOOM_BOTH,DNp10,L,1,0.0,0.7905694150420949,2,2
LOOM_BOTH,DNp10,R,1,0.7,0.8366600265340756,3,0
LOOM_BOTH,DNg16,R,1,-0.2,0.27386127875258304,0,2
LOOM_BOTH,DNa01,L,1,0.6,0.4183300132670378,4,0
LOOM_BOTH,DNge035,L,1,-0.2,0.4472135954999579,0,1
LOOM_BOTH,DNp73,L,1,-0.1,0.22360679774997896,0,1
LOOM_BOTH,DNge138,M,2,1.0,0.39528470752104744,5,0
LOOM_BOTH,DNpe025,L,1,12.8,0.27386127875258304,5,0
LOOM_BOTH,DNp13,L,1,-0.7,0.4472135954999579,0,4
LOOM_BOTH,DNa09,R,1,1.2,0.6708203932499369,5,0
LOOM_BOTH,DNp08,R,1,1.0,0.3535533905932738,5,0
LOOM_BOTH,DNbe001,L,1,0.1,0.7416198487095663,2,1
LOOM_BOTH,DNg35,L,1,2.8,3.850324661635691,4,0
LOOM_BOTH,DNge039,R,1,-0.3,1.4404860290887933,1,3
LOOM_BOTH,DNp62,R,1,0.8,0.4472135954999579,5,0
LOOM_BOTH,DNg37,R,1,0.0,0.0,0,0
LOOM_BOTH,DNg74_b,L,1,1.3,0.4472135954999579,5,0
LOOM_BOTH,DNpe017,L,1,0.5,1.0,3,2
LOOM_BOTH,DNg37,L,1,0.0,0.0,0,0
LOOM_BOTH,DNg29,L,1,0.0,0.0,0,0
LOOM_BOTH,DNa16,R,1,-0.3,0.6708203932499369,1,2
LOOM_BOTH,DNg88,R,1,0.1,0.4183300132670378,2,1
LOOM_BOTH,DNg80,R,1,-0.1,0.4183300132670378,1,2
LOOM_BOTH,DNp29,L,1,1.0,0.5,5,0
LOOM_BOTH,DNp35,R,1,6.7,0.758287544405155,5,0
LOOM_BOTH,DNp26,L,1,1.3,0.570087712549569,5,0
LOOM_BOTH,DNde002,R,1,0.0,0.0,0,0
LOOM_BOTH,DNg96,R,1,0.0,0.0,0,0
LOOM_BOTH,DNpe034,R,1,-0.3,0.27386127875258304,0,3
LOOM_BOTH,DNp70,L,1,5.2,0.27386127875258304,5,0
LOOM_BOTH,DNge040,L,1,0.0,0.3535533905932738,1,1
LOOM_BOTH,DNp06,R,1,13.9,0.6519202405202649,5,0
LOOM_BOTH,DNge011,L,1,1.0,2.091650066335189,3,1
LOOM_BOTH,DNp43,L,1,-0.4,0.6519202405202649,1,3
LOOM_BOTH,DNpe052,L,1,3.7,0.570087712549569,5,0
LOOM_BOTH,DNpe025,R,1,12.7,0.4472135954999579,5,0
LOOM_BOTH,DNge059,R,1,0.0,0.0,0,0
LOOM_BOTH,DNp38,L,1,0.6,0.5477225575051661,3,0
LOOM_BOTH,DNb01,L,1,2.4,0.4183300132670378,5,0
LOOM_BOTH,DNge003,L,1,0.0,0.0,0,0
LOOM_BOTH,DNp33,R,1,0.6,0.5477225575051661,3,0
LOOM_BOTH,DNge006,R,1,-0.1,0.4183300132670378,1,2
LOOM_BOTH,DNae009,R,1,0.3,0.758287544405155,3,2
LOOM_BOTH,DNp59,L,1,-1.2,0.758287544405155,0,4
LOOM_BOTH,DNg49,L,1,1.1,0.6519202405202649,5,0
LOOM_BOTH,DNp48,L,1,0.1,0.22360679774997896,1,0
LOOM_BOTH,DNge132,L,1,3.4,6.599242380758567,4,1
LOOM_BOTH,DNpe001,L,1,0.0,0.5,2,2
LOOM_BOTH,DNge036,R,1,0.0,0.0,0,0
LOOM_BOTH,DNc02,L,1,0.1,0.4183300132670378,2,1
LOOM_BOTH,"DNg102_a,DNg102_b",R,2,0.4,0.45414755311462374,4,1
LOOM_BOTH,DNb07,L,1,0.6,0.4183300132670378,4,0
LOOM_BOTH,DNp36,L,1,-0.3,0.27386127875258304,0,3
LOOM_BOTH,DNp42,L,1,0.0,0.0,0,0
LOOM_BOTH,DNg93,R,1,0.1,0.22360679774997896,1,0
LOOM_BOTH,DNp62,L,1,1.3,0.4472135954999579,5,0
LOOM_BOTH,DNpe002,L,1,-0.5,0.7071067811865476,1,3
LOOM_BOTH,DNpe056,R,1,15.8,0.9082951062292475,5,0
LOOM_BOTH,DNg93,L,1,0.2,0.27386127875258304,2,0
LOOM_BOTH,DNg24,L,1,-0.2,0.758287544405155,1,3
LOOM_BOTH,DNge143,L,1,-0.4,1.816590212458495,1,4
LOOM_BOTH,DNp03,L,1,23.5,0.6123724356957945,5,0
LOOM_BOTH,DNb01,R,1,3.7,0.27386127875258304,5,0
LOOM_BOTH,DNa01,R,1,1.0,0.8660254037844386,5,0
LOOM_BOTH,MDN,R,2,0.35,0.2850438562747845,4,0
LOOM_BOTH,pMP2,R,1,0.0,0.0,0,0
LOOM_BOTH,DNp23,L,1,1.7,0.27386127875258304,5,0
LOOM_BOTH,DNp09,L,1,0.2,0.4472135954999579,1,0
LOOM_BOTH,DNbe007,L,1,-0.8,0.4472135954999579,0,5
LOOM_BOTH,DNb02,R,2,-0.05,0.2091650066335189,1,2
LOOM_BOTH,DNp66,L,1,3.1,0.6519202405202649,5,0
LOOM_BOTH,DNp43,R,1,0.4,0.6519202405202649,3,1
LOOM_BOTH,DNge047,R,1,1.0,0.6123724356957945,5,0
LOOM_BOTH,DNp48,R,1,-0.1,0.22360679774997896,0,1
LOOM_BOTH,DNge062,R,1,-0.5,0.8660254037844386,1,4
LOOM_BOTH,DNpe013,L,1,0.6,0.5477225575051661,4,0
LOOM_BOTH,DNa15,R,1,0.8,1.3038404810405297,4,1
LOOM_BOTH,DNde005,R,1,0.2,0.570087712549569,2,1
LOOM_BOTH,CB0429,L,1,-0.1,0.22360679774997896,0,1
LOOM_BOTH,DNge053,L,1,0.8,0.6708203932499369,4,0
LOOM_BOTH,DNge107,R,1,-0.3,0.4472135954999579,1,4
LOOM_BOTH,DNge049,L,1,2.3,0.6708203932499369,5,0
LOOM_BOTH,DNge129,R,1,0.2,0.570087712549569,2,1
LOOM_BOTH,DNg39,R,1,-0.1,0.7416198487095663,1,2
LOOM_BOTH,DNa15,L,1,0.9,0.4183300132670378,5,0
LOOM_BOTH,DNg88,L,1,0.2,0.27386127875258304,2,0
LOOM_BOTH,DNb06,L,1,-0.3,0.570087712549569,1,3
LOOM_BOTH,DNg90,R,1,0.2,0.27386127875258304,2,0
LOOM_BOTH,DNg40,R,1,25.8,0.27386127875258304,5,0
LOOM_BOTH,DNa04,R,1,4.2,0.4472135954999579,5,0
LOOM_BOTH,pMP2,L,1,0.0,0.0,0,0
LOOM_BOTH,DNpe045,L,1,8.9,0.4183300132670378,5,0
LOOM_BOTH,DNge107,L,1,-0.4,0.6519202405202649,1,3
LOOM_BOTH,DNp69,R,1,4.5,0.3535533905932738,5,0
LOOM_BOTH,DNg98,R,1,2.2,0.570087712549569,5,0
LOOM_BOTH,DNg70,R,1,0.9,0.4183300132670378,5,0
LOOM_BOTH,DNp34,L,1,4.5,0.3535533905932738,5,0
LOOM_BOTH,DNa11,L,1,0.1,0.5477225575051661,3,2
LOOM_BOTH,DNa03,R,1,0.0,0.0,0,0
LOOM_BOTH,DNge146,R,1,0.8,0.570087712549569,4,0
LOOM_BOTH,DNge103,L,1,-0.4,0.5477225575051661,0,2
LOOM_BOTH,DNbe004,R,1,2.1,0.6519202405202649,5,0
LOOM_BOTH,DNp03,R,1,13.5,0.7071067811865476,5,0
LOOM_BOTH,DNae002,L,1,1.6,0.4183300132670378,5,0
LOOM_BOTH,DNge129,L,1,0.1,0.8215838362577492,3,2
LOOM_BOTH,DNp05,R,1,14.4,0.4183300132670378,5,0
LOOM_BOTH,DNb09,L,1,4.2,0.8366600265340756,5,0
LOOM_BOTH,DNg80,L,1,-0.4,0.6519202405202649,0,2
LOOM_BOTH,DNge068,R,1,0.0,1.1726039399558574,1,3
LOOM_BOTH,DNbe004,L,1,2.4,0.4183300132670378,5,0
LOOM_BOTH,DNge032,L,1,0.1,0.22360679774997896,1,0
LOOM_BOTH,DNp14,R,1,0.0,0.0,0,0
LOOM_BOTH,DNa13,R,2,0.0,0.0,0,0
LOOM_BOTH,DNb06,R,1,0.0,0.3535533905932738,1,1
LOOM_BOTH,DNp12,L,1,0.1,0.4183300132670378,2,1
LOOM_BOTH,DNg13,L,1,-0.6,0.8944271909999159,1,3
LOOM_BOTH,DNg99,L,1,-0.4,0.22360679774997896,0,4
LOOM_BOTH,DNg96,L,1,0.1,0.22360679774997896,1,0
LOOM_BOTH,DNp55,R,1,0.0,0.5,2,2
LOOM_BOTH,DNge067,L,1,-0.9,0.4183300132670378,0,5
LOOM_BOTH,DNg78,L,1,-0.3,0.6708203932499369,0,1
LOOM_BOTH,DNge141,R,1,0.0,0.3535533905932738,1,1
LOOM_BOTH,DNbe003,L,1,0.0,0.5,2,2
LOOM_BOTH,pIP10,R,1,-0.4,0.4183300132670378,0,3
LOOM_BOTH,DNp52,L,1,0.3,0.570087712549569,3,1
LOOM_BOTH,DNge059,L,1,0.0,0.0,0,0
LOOM_BOTH,DNg70,L,1,0.3,0.4472135954999579,2,0
LOOM_BOTH,DNp70,R,1,4.7,0.27386127875258304,5,0
LOOM_BOTH,DNp04,R,1,48.8,0.27386127875258304,5,0
LOOM_BOTH,DNge026,R,1,0.2,0.27386127875258304,2,0
LOOM_BOTH,DNp71,R,1,10.7,0.4472135954999579,5,0
LOOM_BOTH,DNd02,L,1,-0.2,0.4472135954999579,0,1
LOOM_BOTH,DNg32,R,1,0.3,0.570087712549569,3,1
LOOM_BOTH,DNg103,R,1,-0.1,0.5477225575051661,1,1
LOOM_BOTH,DNp09,R,1,0.1,0.22360679774997896,1,0
LOOM_BOTH,DNge051,R,1,-0.5,0.0,0,5
LOOM_BOTH,DNp101,R,1,-0.2,0.27386127875258304,0,2
LOOM_BOTH,DNg19,R,1,-0.9,0.7416198487095663,0,4
LOOM_BOTH,DNpe007,L,1,0.0,0.7071067811865476,1,1
LOOM_BOTH,DNp49,L,1,0.1,0.22360679774997896,1,0
LOOM_BOTH,DNp15,R,1,-0.6,0.4183300132670378,0,4
LOOM_BOTH,DNg111,L,1,0.1,0.9617692030835673,3,1
LOOM_BOTH,DNg79,L,2,0.55,0.7786205751198718,3,1
LOOM_BOTH,DNde003,L,2,-0.3,0.4107919181288746,0,3
LOOM_BOTH,DNa11,R,1,-0.2,0.4472135954999579,1,3
LOOM_BOTH,DNge143,R,1,-0.4,1.3874436925511608,1,4
LOOM_BOTH,DNbe006,L,1,-0.4,0.9617692030835673,1,3
LOOM_BOTH,DNpe043,L,1,0.7,0.4472135954999579,4,0
LOOM_BOTH,DNge040,R,1,-0.3,0.758287544405155,1,2
LOOM_BOTH,DNp45,R,1,0.8,0.570087712549569,4,0
LOOM_BOTH,DNd05,L,1,3.0,0.3535533905932738,5,0
LOOM_BOTH,DNp68,R,1,2.2,0.570087712549569,5,0
LOOM_BOTH,DNp54,L,1,0.0,0.7071067811865476,3,2
LOOM_BOTH,MDN,L,2,-0.15,0.2850438562747845,1,3
LOOM_BOTH,DNp66,R,1,3.9,0.6519202405202649,5,0
LOOM_BOTH,DNbe003,R,1,0.1,0.22360679774997896,1,0
LOOM_BOTH,DNp49,R,1,0.3,0.27386127875258304,3,0
LOOM_BOTH,DNg104,R,1,-0.1,0.6519202405202649,1,3
LOOM_BOTH,DNge042,L,1,0.0,0.0,0,0
LOOM_BOTH,DNge048,R,1,3.3,0.4472135954999579,5,0
LOOM_BOTH,DNae003,R,1,2.4,0.6519202405202649,5,0
LOOM_BOTH,DNpe045,R,1,10.1,1.08397416943394,5,0
LOOM_BOTH,DNge027,L,1,-1.2,0.570087712549569,0,5
LOOM_BOTH,DNbe007,R,1,-0.4,0.5477225575051661,1,4
LOOM_BOTH,DNc01,L,1,0.0,0.0,0,0
LOOM_BOTH,DNp102,R,1,2.6,0.4183300132670378,5,0
LOOM_BOTH,DNg60,L,1,-0.2,0.27386127875258304,0,2
LOOM_BOTH,DNp14,L,1,-0.1,0.22360679774997896,0,1
LOOM_BOTH,DNa08,R,1,-0.3,0.6708203932499369,1,2
LOOM_BOTH,DNpe023,L,1,0.0,0.0,0,0
LOOM_BOTH,DNg31,R,1,-0.5,0.7071067811865476,1,4
LOOM_BOTH,DNge141,L,1,-0.3,0.570087712549569,1,3
LOOM_BOTH,DNge048,L,1,3.6,0.8215838362577492,5,0
LOOM_BOTH,DNge026,L,1,0.0,0.0,0,0
LOOM_BOTH,CB0429,R,1,0.1,0.4183300132670378,2,1
LOOM_BOTH,DNge101,R,1,-1.5,0.7071067811865476,0,5
LOOM_BOTH,DNp33,L,1,-0.2,0.570087712549569,1,2
LOOM_BOTH,DNge043,L,1,0.4,0.6519202405202649,2,0
LOOM_BOTH,DNpe006,L,1,0.1,0.8944271909999159,2,2
LOOM_BOTH,DNge149,M,1,1.4,0.6519202405202649,5,0
LOOM_BOTH,DNg27,L,1,-0.5,0.3535533905932738,0,4
LOOM_BOTH,DNb04,R,1,0.1,0.6519202405202649,3,1
LOOM_BOTH,DNge065,R,1,0.0,0.3535533905932738,1,1
LOOM_BOTH,DNd03,L,1,1.9,0.8215838362577492,5,0
LOOM_BOTH,DNde005,L,1,0.9,0.8215838362577492,3,0
LOOM_BOTH,DNge043,R,1,0.0,0.7071067811865476,3,2
LOOM_BOTH,DNge132,R,1,1.4,1.2449899597988732,4,1
LOOM_BOTH,DNp54,R,1,-0.4,0.8215838362577492,1,2
LOOM_BOTH,DNp07,R,1,1.0,0.5,5,0
LOOM_BOTH,DNg101,L,1,-0.2,0.4472135954999579,0,1
LOOM_BOTH,DNge152,M,1,1.7,0.570087712549569,5,0
LOOM_BOTH,DNp63,L,1,0.1,0.22360679774997896,1,0
LOOM_BOTH,DNae001,R,1,0.8,1.036822067666386,3,1
LOOM_BOTH,DNpe021,L,1,7.9,0.6519202405202649,5,0
LOOM_BOTH,DNge049,R,1,1.3,0.570087712549569,5,0
LOOM_BOTH,DNpe022,R,1,1.0,0.7905694150420949,4,0
LOOM_BOTH,DNg31,L,1,0.3,0.570087712549569,3,1
LOOM_BOTH,DNge084,R,1,0.4,0.4183300132670378,3,0
LOOM_BOTH,DNae007,R,1,0.8,1.4832396974191326,3,2
LOOM_BOTH,DNp45,L,1,0.9,0.4183300132670378,5,0
LOOM_BOTH,DNpe032,L,1,1.1,0.22360679774997896,5,0
LOOM_BOTH,DNae005,R,1,-1.0,1.4142135623730951,1,3
LOOM_BOTH,DNpe052,R,1,0.1,0.22360679774997896,1,0
LOOM_BOTH,DNpe006,R,1,0.8,1.4404860290887933,2,1
LOOM_BOTH,DNg27,R,1,-1.2,0.27386127875258304,0,5
LOOM_BOTH,DNpe005,L,1,-0.1,0.9617692030835673,1,3
LOOM_BOTH,DNp24,L,1,0.0,0.0,0,0
LOOM_BOTH,DNp68,L,1,0.5,0.3535533905932738,4,0
LOOM_BOTH,DNg26,L,2,0.25,0.9354143466934853,3,2
LOOM_BOTH,DNpe031,R,2,3.25,0.75,5,0
LOOM_BOTH,DNd03,R,1,0.2,0.27386127875258304,2,0
LOOM_BOTH,DNp07,L,1,1.5,0.3535533905932738,5,0
LOOM_BOTH,DNg111,R,1,-0.8,0.9082951062292475,0,3
LOOM_BOTH,DNg101,R,1,0.0,0.0,0,0
LOOM_BOTH,DNp64,R,1,3.7,0.758287544405155,5,0
LOOM_BOTH,DNge073,R,1,1.1,1.4317821063276353,3,1
LOOM_BOTH,DNde007,R,1,0.7,0.570087712549569,4,0
LOOM_BOTH,DNp104,L,1,1.9,0.4183300132670378,5,0
LOOM_BOTH,DNge142,R,1,1.3,0.6708203932499369,5,0
LOOM_BOTH,DNae010,R,1,0.9,0.4183300132670378,5,0
LOOM_BOTH,DNge041,L,1,0.0,0.6123724356957945,1,2
LOOM_BOTH,DNa04,L,1,2.8,0.27386127875258304,5,0
LOOM_BOTH,DNge123,L,1,-0.2,0.27386127875258304,0,2
LOOM_BOTH,DNge075,R,1,-0.6,0.4183300132670378,0,4
LOOM_BOTH,DNa05,R,1,8.9,0.4183300132670378,5,0
LOOM_BOTH,DNp102,L,1,1.9,0.22360679774997896,5,0
LOOM_BOTH,<untyped>,L,3,0.3999999999999998,0.4801620096962643,4,1
LOOM_BOTH,DNpe050,L,1,0.4,1.140175425099138,4,1
LOOM_BOTH,DNp22,R,1,0.5,0.0,5,0
LOOM_BOTH,DNae003,L,1,1.2,1.396424004376894,3,1
LOOM_BOTH,DNge023,R,1,-1.1,0.22360679774997896,0,5
LOOM_BOTH,DNge065,L,1,0.4,0.22360679774997896,4,0
LOOM_BOTH,DNbe005,R,1,0.7,1.0954451150103321,2,0
LOOM_BOTH,DNd04,R,1,0.0,0.5,2,2
LOOM_BOTH,DNpe026,L,1,1.5,0.3535533905932738,5,0
LOOM_BOTH,DNge142,L,1,1.8,1.036822067666386,5,0
LOOM_BOTH,DNg38,R,1,-0.1,0.22360679774997896,0,1
LOOM_BOTH,DNae010,L,1,0.9,0.4183300132670378,5,0
LOOM_BOTH,DNp57,L,1,3.5,0.3535533905932738,5,0
LOOM_BOTH,DNge053,R,1,1.0,0.6123724356957945,5,0
LOOM_BOTH,DNge042,R,1,0.0,0.0,0,0
LOOM_BOTH,DNge018,L,1,0.1,0.22360679774997896,1,0
LOOM_BOTH,DNge099,L,1,4.6,0.7416198487095663,5,0
LOOM_BOTH,DNp101,L,1,-0.1,0.22360679774997896,0,1
LOOM_BOTH,DNg91,R,1,4.7,0.27386127875258304,5,0
LOOM_BOTH,DNg38,L,1,-0.2,0.27386127875258304,0,2
LOOM_BOTH,DNge135,R,1,0.1,0.4183300132670378,2,1
LOOM_BOTH,DNb08,R,2,-0.05,0.48088460154178364,2,2
LOOM_BOTH,DNp15,L,1,0.1,0.4183300132670378,2,1
LOOM_BOTH,DNge136,L,2,2.35,0.22360679774997896,5,0
LOOM_BOTH,DNde006,R,1,0.2,0.570087712549569,2,1
LOOM_BOTH,DNge027,R,1,-1.3,1.036822067666386,0,4
LOOM_BOTH,DNp38,R,1,1.0,0.6123724356957945,4,0
LOOM_BOTH,DNbe005,L,1,0.4,0.8215838362577492,4,1
LOOM_BOTH,DNp58,R,1,-0.2,0.27386127875258304,0,2
LOOM_BOTH,"DNg102_a,DNg102_b",L,2,0.8,0.6224949798994366,4,1
LOOM_BOTH,DNg87,L,1,2.2,4.207136793592526,3,2
LOOM_BOTH,DNge044,R,1,0.3,1.5247950681976907,3,2
LOOM_BOTH,DNge099,R,1,6.1,0.6519202405202649,5,0
LOOM_BOTH,DNpe050,R,1,-0.1,0.6519202405202649,2,2
LOOM_BOTH,DNg84,R,1,1.3,2.018662923818635,2,1
LOOM_BOTH,DNb08,L,2,-0.35,0.5477225575051661,1,4
LOOM_BOTH,DNg68,R,1,-0.2,0.8366600265340756,1,2
LOOM_BOTH,DNg109,R,1,0.9,0.8944271909999159,4,1
LOOM_BOTH,DNpe031,L,2,3.4,0.5755432216610669,5,0
LOOM_BOTH,DNg48,L,1,-0.6,0.5477225575051661,0,3
LOOM_BOTH,DNpe027,R,1,0.9,0.22360679774997896,5,0
LOOM_BOTH,DNg14,R,1,-1.1,0.6519202405202649,0,5
LOOM_BOTH,DNg32,L,1,0.7,1.3038404810405297,3,1
LOOM_BOTH,DNbe002,R,2,-0.4,0.5755432216610669,1,4
LOOM_BOTH,DNg104,L,1,-0.7,0.570087712549569,0,4
LOOM_BOTH,DNge056,R,1,0.1,0.22360679774997896,1,0
LOOM_BOTH,DNg43,R,1,0.5,0.6123724356957945,4,1
LOOM_BOTH,DNg68,L,1,-0.7,0.4472135954999579,0,4
LOOM_BOTH,DNp22,L,1,0.2,0.570087712549569,2,1
LOOM_BOTH,DNg59,R,1,0.7,2.9706901555025897,2,3
LOOM_BOTH,DNp67,L,1,-1.3,1.2041594578792296,0,4
LOOM_BOTH,DNpe055,R,1,1.4,0.5477225575051661,5,0
LOOM_BOTH,DNge080,R,1,-0.1,0.22360679774997896,0,1
LOOM_BOTH,DNge140,R,1,0.0,0.0,0,0
LOOM_BOTH,DNge007,R,1,0.0,0.0,0,0
LOOM_BOTH,DNg84,L,1,3.6,7.214568594171102,4,0
LOOM_BOTH,DNp60,L,1,-0.7,0.570087712549569,0,4
LOOM_BOTH,DNge001,L,1,-0.2,1.3038404810405297,2,2
LOOM_BOTH,DNge148,R,1,1.7,1.1510864433221337,5,0
LOOM_BOTH,DNge150,M,1,1.3,0.758287544405155,5,0
LOOM_BOTH,DNge136,R,2,2.05,0.7373940601876313,5,0
LOOM_BOTH,DNpe055,L,1,1.1,1.1937336386313322,4,1
LOOM_BOTH,DNge100,L,1,0.0,0.0,0,0
LOOM_BOTH,DNp67,R,1,-0.3,0.570087712549569,1,3
LOOM_BOTH,DNbe002,L,2,-0.65,0.6274950199005567,0,3
LOOM_BOTH,DNge124,R,1,2.1,0.6519202405202649,5,0
LOOM_BOTH,DNge128,R,1,-0.1,0.22360679774997896,0,1
LOOM_BOTH,DNg50,R,1,0.1,0.8944271909999159,2,2
LOOM_BOTH,DNg48,R,1,-0.1,0.8944271909999159,2,2
LOOM_BOTH,DNge056,L,1,-0.2,0.4472135954999579,0,1
LOOM_BOTH,DNg26,R,2,0.25,0.8477912478906585,3,2
LOOM_BOTH,DNge067,R,1,-1.1,0.9617692030835673,1,4
LOOM_BOTH,DNge125,R,1,-0.9,0.8215838362577492,0,4
LOOM_BOTH,DNd04,L,1,0.5,0.6123724356957945,3,0
LOOM_BOTH,DNg78,R,1,0.0,0.6123724356957945,1,2
LOOM_BOTH,DNge060,R,1,0.3,1.5652475842498528,1,2
LOOM_BOTH,DNge010,R,1,3.0,0.6123724356957945,5,0
LOOM_BOTH,DNge047,L,1,1.7,0.570087712549569,5,0
LOOM_BOTH,DNge028,R,1,0.0,0.0,0,0
LOOM_BOTH,DNge069,L,1,0.0,1.118033988749895,2,2
LOOM_BOTH,DNg87,R,1,0.9,2.3021728866442674,2,1
LOOM_BOTH,DNge004,R,1,1.2,0.8366600265340756,4,0
LOOM_BOTH,DNg22,L,1,-1.4,0.8215838362577492,0,5
LOOM_BOTH,DNge122,R,1,0.7,2.4392621835300936,1,2
LOOM_BOTH,DNge007,L,1,0.0,0.0,0,0
LOOM_BOTH,DNp44,L,1,0.0,0.0,0,0
LOOM_BOTH,DNg56,L,1,-1.5,0.3535533905932738,0,5
LOOM_BOTH,DNge022,R,1,-0.7,1.3038404810405297,1,4
LOOM_BOTH,DNpe042,R,1,6.1,0.4183300132670378,5,0
LOOM_BOTH,DNg19,L,1,-0.7,0.4472135954999579,0,4
LOOM_BOTH,DNge125,L,1,-0.3,0.570087712549569,1,3
LOOM_BOTH,DNg71,R,1,1.3,0.9082951062292475,4,0
LOOM_BOTH,DNg103,L,1,0.0,0.3535533905932738,1,1
LOOM_BOTH,DNge113,R,3,0.0,0.0,0,0
LOOM_BOTH,DNge123,R,1,-0.5,1.0606601717798212,1,3
LOOM_BOTH,DNpe043,R,1,1.1,0.4183300132670378,5,0
LOOM_BOTH,DNb07,R,1,2.3,0.570087712549569,5,0
LOOM_BOTH,DNge101,L,1,0.0,0.0,0,0
LOOM_BOTH,DNge080,L,1,0.0,0.0,0,0
LOOM_BOTH,DNpe003,R,2,0.55,0.48088460154178364,4,0
LOOM_BOTH,DNp41,L,2,0.8,0.51234753829798,5,0
LOOM_BOTH,DNb02,L,2,-0.3,0.32596012026013244,1,4
LOOM_BOTH,DNge135,L,1,-0.1,0.22360679774997896,0,1
LOOM_BOTH,DNge104,R,1,0.8,1.5652475842498528,3,1
LOOM_BOTH,DNge033,R,1,-1.0,0.9354143466934853,0,3
LOOM_BOTH,DNae004,R,1,15.6,0.4183300132670378,5,0
LOOM_BOTH,DNg44,R,1,2.1,0.7416198487095663,5,0
LOOM_BOTH,DNa05,L,1,8.7,0.4472135954999579,5,0
LOOM_BOTH,DNge002,R,1,-0.2,1.2041594578792296,3,2
LOOM_BOTH,DNg54,R,1,0.0,0.0,0,0
LOOM_BOTH,DNpe030,L,1,0.4,1.1937336386313322,1,1
LOOM_BOTH,DNpe049,R,1,0.4,0.4183300132670378,3,0
LOOM_BOTH,DNge070,L,1,-0.3,0.4472135954999579,0,2
LOOM_BOTH,DNg44,L,1,4.4,0.5477225575051661,5,0
LOOM_BOTH,DNge098,L,1,-1.6,0.5477225575051661,0,5
LOOM_BOTH,DNde001,L,1,0.5,0.5,3,0
LOOM_BOTH,DNpe020,M,2,2.75,0.6123724356957945,5,0
LOOM_BOTH,DNg54,L,1,0.0,0.0,0,0
LOOM_BOTH,DNge011,R,1,0.0,0.0,0,0
LOOM_BOTH,DNge137,R,2,0.4,0.6020797289396148,3,1
LOOM_BOTH,DNpe001,R,1,0.0,0.3535533905932738,1,1
LOOM_BOTH,DNg91,L,1,3.5,0.3535533905932738,5,0
LOOM_BOTH,DNde003,R,2,-0.15,0.4183300132670378,2,3
LOOM_BOTH,DNge076,L,1,-0.5,0.6123724356957945,0,3
LOOM_BOTH,DNge140,L,1,-0.1,0.22360679774997896,0,1
LOOM_BOTH,DNge139,R,1,-0.1,0.7416198487095663,1,2
LOOM_BOTH,DNge006,L,1,-0.3,0.6708203932499369,0,1
LOOM_BOTH,DNg95,R,1,1.6,0.7416198487095663,5,0
LOOM_BOTH,DNge086,R,1,-0.1,0.22360679774997896,0,1
LOOM_BOTH,DNge133,L,1,1.8,2.19658826364888,4,0
LOOM_BOTH,DNge084,L,1,0.2,0.570087712549569,2,1
LOOM_BOTH,DNp60,R,1,-0.4,0.22360679774997896,0,4
LOOM_BOTH,DNge018,R,1,0.0,0.0,0,0
LOOM_BOTH,DNpe030,R,1,0.2,1.0954451150103321,1,1
LOOM_BOTH,DNg105,R,1,0.2,0.27386127875258304,2,0
LOOM_BOTH,DNge088,L,1,0.0,0.0,0,0
LOOM_BOTH,DNge122,L,1,0.8,2.19658826364888,2,2
LOOM_BOTH,DNg85,R,1,0.2,0.27386127875258304,2,0
LOOM_BOTH,DNge039,L,1,0.1,2.103568396796263,2,3
LOOM_BOTH,DNge028,L,1,0.0,0.0,0,0
LOOM_BOTH,DNg81,R,1,3.1,4.263214749458442,4,0
LOOM_BOTH,DNp53,L,1,0.0,0.0,0,0
LOOM_BOTH,DNg95,L,1,1.3,0.27386127875258304,5,0
LOOM_BOTH,DNg41,R,1,0.3,0.758287544405155,2,1
LOOM_BOTH,DNp46,R,1,0.7,0.4472135954999579,4,0
LOOM_BOTH,DNpe034,L,1,0.0,0.0,0,0
LOOM_BOTH,"DNp51,DNpe019",L,2,0.8,0.2091650066335189,5,0
LOOM_BOTH,DNp25,R,1,-0.1,0.22360679774997896,0,1
LOOM_BOTH,"DNg52_a,DNg52_b",R,2,1.6,0.6519202405202649,5,0
LOOM_BOTH,DNg86,R,1,1.7,0.8366600265340756,5,0
LOOM_BOTH,DNge076,R,1,-1.2,0.758287544405155,0,5
LOOM_BOTH,DNge033,L,1,-0.6,0.6519202405202649,1,4
LOOM_BOTH,DNg33,L,1,2.4,1.2942179105544784,5,0
LOOM_BOTH,DNg20,R,1,3.0,3.984344362627307,4,0
LOOM_BOTH,DNge022,L,1,-0.1,1.981161275615895,1,3
LOOM_BOTH,DNde001,R,1,0.1,0.5477225575051661,1,1
LOOM_BOTH,DNg86,L,1,2.0,0.3535533905932738,5,0
LOOM_BOTH,DNp40,L,1,-0.1,0.5477225575051661,1,1
LOOM_BOTH,DNa14,R,1,-0.3,0.4472135954999579,0,2
LOOM_BOTH,DNg66,M,1,0.0,0.5,2,2
LOOM_BOTH,DNg33,R,1,2.2,1.036822067666386,5,0
LOOM_BOTH,DNge096,L,1,0.0,0.5,2,2
LOOM_BOTH,DNg51,L,2,-0.05,0.11180339887498948,0,1
LOOM_BOTH,DNge046,L,2,-0.2,0.4107919181288746,1,2
LOOM_BOTH,DNge019,L,7,-0.7428571428571427,1.1678079937233181,2,3
LOOM_BOTH,DNge106,R,1,0.1,0.6519202405202649,2,2
LOOM_BOTH,DNg51,R,2,0.0,0.0,0,0
LOOM_BOTH,DNg17,R,1,-2.3,0.27386127875258304,0,5
LOOM_BOTH,DNa08,L,1,0.1,0.22360679774997896,1,0
LOOM_BOTH,DNae008,R,1,-0.1,0.8944271909999159,2,2
LOOM_BOTH,DNge096,R,1,-0.2,0.9746794344808964,1,4
LOOM_BOTH,DNg41,L,1,-0.4,1.2942179105544784,1,2
LOOM_BOTH,DNge063,L,1,-1.1,0.9617692030835673,1,4
LOOM_BOTH,DNg34,R,1,-0.1,0.9617692030835673,2,2
LOOM_BOTH,DNpe049,L,1,-0.1,0.7416198487095663,1,2
LOOM_BOTH,DNbe006,R,1,-0.2,0.4472135954999579,1,3
LOOM_BOTH,DNg73,L,1,-0.1,1.7818529681205462,2,3
LOOM_BOTH,DNg62,L,1,-0.1,0.22360679774997896,0,1
LOOM_BOTH,DNge082,R,1,-0.2,0.4472135954999579,1,3
LOOM_BOTH,DNg43,L,1,0.6,0.9617692030835673,3,1
LOOM_BOTH,DNge002,L,1,0.3,0.9082951062292475,3,1
LOOM_BOTH,DNg79,R,2,0.75,0.30618621784789724,5,0
LOOM_BOTH,DNge038,R,1,2.9,0.5477225575051661,5,0
LOOM_BOTH,DNge008,R,1,0.8,1.036822067666386,3,0
LOOM_BOTH,DNpe035,L,1,-0.2,0.4472135954999579,0,1
LOOM_BOTH,DNge010,L,1,2.3,1.036822067666386,5,0
LOOM_BOTH,DNge100,R,1,-0.2,0.27386127875258304,0,2
LOOM_BOTH,DNg61,L,1,-1.5,0.7905694150420949,0,5
LOOM_BOTH,DNg97,L,1,0.7,0.4472135954999579,5,0
LOOM_BOTH,DNpe026,R,1,1.2,0.758287544405155,5,0
LOOM_BOTH,DNge137,L,1,0.3,0.8366600265340756,3,1
LOOM_BOTH,DNge069,R,1,0.1,0.4183300132670378,2,1
LOOM_BOTH,DNg89,L,1,-0.6,0.8944271909999159,1,3
LOOM_BOTH,DNge139,L,1,-0.1,0.4183300132670378,1,2
LOOM_BOTH,DNa14,L,1,-0.7,0.4472135954999579,0,5
LOOM_BOTH,DNge172,R,3,1.2333333333333332,1.906130460732773,3,1
LOOM_BOTH,DNg106,R,7,0.24285714285714285,0.06388765649999399,5,0
LOOM_BOTH,DNg63,L,1,0.1,0.6519202405202649,2,2
LOOM_BOTH,<untyped>,R,1,0.5,0.5,3,0
LOOM_BOTH,DNge131,L,1,2.2,1.5652475842498528,4,1
LOOM_BOTH,DNp65,R,1,-0.4,0.4183300132670378,0,3
LOOM_BOTH,DNg42,L,1,3.6,0.5477225575051661,5,0
LOOM_BOTH,"DNg52_a,DNg52_b",L,2,1.0,0.5,5,0
LOOM_BOTH,DNpe003,L,2,0.25,0.39528470752104744,3,1
LOOM_BOTH,DNge044,L,1,1.1,3.380088756231114,2,2
LOOM_BOTH,DNg69,R,1,-1.1,0.4183300132670378,0,5
LOOM_BOTH,DNg42,R,1,5.7,0.758287544405155,5,0
LOOM_BOTH,DNp24,R,1,0.4,0.7416198487095663,3,1
LOOM_BOTH,DNpe041,R,1,-0.3,0.570087712549569,1,3
LOOM_BOTH,DNg76,R,1,0.1,0.22360679774997896,1,0
LOOM_BOTH,DNge173,R,1,-0.1,1.02469507659596,2,3
LOOM_BOTH,DNge060,L,1,-0.5,1.3693063937629153,2,3
LOOM_BOTH,DNg106,L,9,0.24444444444444446,0.16942167424418786,4,0
LOOM_BOTH,DNg64,L,1,-0.1,0.8944271909999159,3,2
LOOM_BOTH,DNae004,L,1,14.4,0.8215838362577492,5,0
LOOM_BOTH,DNge127,R,1,-0.7,0.9082951062292475,1,4
LOOM_BOTH,DNge077,L,1,0.1,0.4183300132670378,2,1
LOOM_BOTH,DNge133,R,1,0.8,1.0954451150103321,4,1
LOOM_BOTH,DNae006,L,1,1.4,0.5477225575051661,5,0
LOOM_BOTH,DNg73,R,1,0.8,2.6362852652928135,1,3
LOOM_BOTH,DNg89,R,1,-0.7,1.5652475842498528,1,4
LOOM_BOTH,DNpe040,L,1,3.2,0.570087712549569,5,0
LOOM_BOTH,DNae006,R,1,0.5,0.5,3,0
LOOM_BOTH,DNg05_a,R,1,0.5,0.3535533905932738,4,0
LOOM_BOTH,DNge151,M,1,1.0,0.6123724356957945,5,0
LOOM_BOTH,DNpe028,R,1,0.6,0.4183300132670378,4,0
LOOM_BOTH,DNge131,R,1,2.6,0.4183300132670378,5,0
LOOM_BOTH,DNpe014,R,2,0.3,0.54198708471697,3,1
LOOM_BOTH,DNp28,R,1,-0.1,0.22360679774997896,0,1
LOOM_BOTH,DNge078,L,1,-1.1,1.1937336386313322,1,4
LOOM_BOTH,DNg72,L,2,0.15,0.22360679774997896,2,0
LOOM_BOTH,DNg04,R,2,0.0,0.0,0,0
LOOM_BOTH,DNg11,L,3,-0.2666666666666668,0.693221144769514,2,3
LOOM_BOTH,DNge121,R,1,0.8,1.680773631397161,3,1
LOOM_BOTH,DNge111,L,3,0.2333333333333334,0.190029237516523,4,0
LOOM_BOTH,DNg63,R,1,-0.5,0.6123724356957945,0,3
LOOM_BOTH,"DNp51,DNpe019",R,2,0.35,0.6754628043053148,3,2
LOOM_BOTH,DNge113,L,3,0.0,0.0,0,0
LOOM_BOTH,DNp39,R,1,0.2,0.570087712549569,2,1
LOOM_BOTH,DNg72,R,2,-0.05,0.11180339887498948,0,1
LOOM_BOTH,DNpe040,R,1,3.5,0.5,5,0
LOOM_BOTH,DNge072,R,1,0.0,0.0,0,0
LOOM_BOTH,DNge052,R,1,0.1,0.22360679774997896,1,0
LOOM_BOTH,DNg09,L,4,0.0,0.0,0,0
LOOM_BOTH,DNge052,L,1,0.2,0.4472135954999579,1,0
LOOM_BOTH,DNge127,L,1,0.2,1.036822067666386,2,2
LOOM_BOTH,DNge121,L,1,2.1,2.9453352950046283,4,1
LOOM_BOTH,DNp40,R,1,0.4,0.8944271909999159,3,1
LOOM_BOTH,DNp41,R,2,1.15,0.3791437722025775,5,0
LOOM_BOTH,DNg50,L,1,1.2,1.2041594578792296,4,0
LOOM_BOTH,DNg05_a,L,1,0.7,0.4472135954999579,4,0
LOOM_BOTH,DNge016,R,1,0.1,0.22360679774997896,1,0
LOOM_BOTH,DNpe004,L,2,0.05,0.5968668193156661,4,1
LOOM_BOTH,DNg55,M,1,2.2,0.8366600265340756,5,0
LOOM_BOTH,DNg62,R,1,-1.1,1.3416407864998738,1,4
LOOM_BOTH,DNge147,R,1,0.1,0.22360679774997896,1,0
LOOM_BOTH,DNge057,R,1,0.0,0.7905694150420949,2,2
LOOM_BOTH,DNg47,R,1,-0.7,0.570087712549569,0,4
LOOM_BOTH,DNg109,L,1,0.5,0.7905694150420949,3,1
LOOM_BOTH,DNge082,L,1,-0.4,0.7416198487095663,1,3
LOOM_BOTH,DNge147,L,1,0.0,0.0,0,0
LOOM_BOTH,DNg46,L,1,-0.2,0.570087712549569,1,2
LOOM_BOTH,DNge097,L,1,0.1,0.4183300132670378,2,1
LOOM_BOTH,DNge057,L,1,-1.6,0.6519202405202649,0,5
LOOM_BOTH,DNg58,R,1,0.1,0.8944271909999159,2,2
LOOM_BOTH,DNpe004,R,2,-0.1,0.5755432216610669,2,2
LOOM_BOTH,DNg06_a,R,1,0.3,0.570087712549569,3,1
LOOM_BOTH,DNge145,L,2,0.0,0.0,0,0
LOOM_BOTH,DNpe028,L,1,1.8,0.6708203932499369,5,0
LOOM_BOTH,DNge091,R,9,0.3888888888888889,0.13608276348795434,5,0
LOOM_BOTH,DNg11,R,3,0.1,0.560257877132387,2,2
LOOM_BOTH,DNge030,L,1,0.3,0.570087712549569,3,1
LOOM_BOTH,DNge012,L,1,0.8,2.7748873851023217,3,2
LOOM_BOTH,DNg20,L,1,2.9,5.2129646075913465,3,2
LOOM_BOTH,DNge081,L,1,0.3,0.570087712549569,3,1
LOOM_BOTH,DNge124,L,1,4.2,0.758287544405155,5,0
LOOM_BOTH,DNge072,L,1,0.0,0.7071067811865476,3,2
LOOM_BOTH,DNg45,R,1,4.0,0.5,5,0
LOOM_BOTH,DNge081,R,1,0.0,0.6123724356957945,1,2
LOOM_BOTH,DNg21,R,1,-1.1,0.9617692030835673,0,4
LOOM_BOTH,DNp52,R,1,-0.2,0.27386127875258304,0,2
LOOM_BOTH,DNp25,L,1,0.0,0.0,0,0
LOOM_BOTH,DNg107,R,1,-0.4,0.8215838362577492,2,3
LOOM_BOTH,DNge058,R,1,0.0,0.0,0,0
LOOM_BOTH,DNpe035,R,1,0.2,0.9746794344808964,2,3
LOOM_BOTH,DNge064,R,1,-0.2,0.758287544405155,1,3
LOOM_BOTH,DNge013,L,1,-0.1,0.5477225575051661,2,3
LOOM_BOTH,DNge068,L,1,0.9,1.3416407864998738,3,1
LOOM_BOTH,DNge029,R,1,0.1,1.3874436925511608,1,3
LOOM_BOTH,DNge145,R,2,0.0,0.0,0,0
LOOM_BOTH,DNpe014,L,2,0.15,0.13693063937629152,3,0
LOOM_BOTH,DNge034,L,1,-0.5,1.3693063937629153,1,3
LOOM_BOTH,DNb03,L,2,-0.35,0.33541019662496846,0,3
LOOM_BOTH,DNg21,L,1,-0.3,0.4472135954999579,1,4
LOOM_BOTH,DNpe033,R,1,0.3,0.4472135954999579,2,0
LOOM_BOTH,DNge001,R,2,-0.35,0.5755432216610669,1,3
LOOM_BOTH,DNg01,R,4,4.075,0.31374750995027834,5,0
LOOM_BOTH,DNge075,L,1,0.1,0.4183300132670378,2,1
LOOM_BOTH,DNge034,R,1,-0.8,0.758287544405155,0,3
LOOM_BOTH,DNpe012,R,4,0.725,0.3235544776386196,5,0
LOOM_BOTH,DNpe033,L,1,-0.4,0.4183300132670378,0,3
LOOM_BOTH,DNb03,R,2,0.05,0.48088460154178364,3,1
LOOM_BOTH,DNg94,R,1,0.3,0.9082951062292475,2,2
LOOM_BOTH,DNge019,R,7,-0.7285714285714283,2.18611107509501,1,4
LOOM_BOTH,DNge064,L,1,0.6,0.8215838362577492,3,1
LOOM_BOTH,DNg23,L,1,-0.5,1.2747548783981961,1,3
LOOM_BOTH,DNge134,R,1,0.7,0.758287544405155,4,1
LOOM_BOTH,DNg59,L,1,1.0,3.7416573867739413,2,2
LOOM_BOTH,DNge097,R,1,-0.4,0.6519202405202649,0,2
LOOM_BOTH,DNge098,R,1,-1.8,0.9082951062292475,0,5
LOOM_BOTH,DNg17,L,1,-2.0,0.3535533905932738,0,5
LOOM_BOTH,DNg45,L,1,5.0,0.6123724356957945,5,0
LOOM_BOTH,DNg82,R,2,1.85,0.4873397172404482,5,0
LOOM_BOTH,DNa07,R,1,8.2,0.570087712549569,5,0
LOOM_BOTH,DNge035,R,1,0.0,0.0,0,0
LOOM_BOTH,DNg82,L,2,2.25,0.46770717334674267,5,0
LOOM_BOTH,DNpe036,L,1,0.3,0.570087712549569,3,1
LOOM_BOTH,DNge174,R,1,0.0,0.0,0,0
LOOM_BOTH,DNg02_d,R,1,1.2,0.4472135954999579,5,0
LOOM_BOTH,DNp65,L,1,0.1,0.8215838362577492,2,3
LOOM_BOTH,DNg58,L,1,0.3,1.2041594578792296,2,2
LOOM_BOTH,DNg12_d,R,2,0.95,2.4199690080660123,2,2
LOOM_BOTH,DNg09,R,4,0.075,0.11180339887498948,2,0
LOOM_BOTH,DNxl114,L,1,0.1,0.22360679774997896,1,0
LOOM_BOTH,DNge105,L,1,-0.1,0.22360679774997896,0,1
LOOM_BOTH,DNde006,L,1,0.2,2.7064737205448717,1,2
LOOM_BOTH,DNp16,R,2,0.65,0.13693063937629152,5,0
LOOM_BOTH,DNg77,L,1,-1.0,0.6123724356957945,0,4
LOOM_BOTH,DNge174,L,1,0.0,0.0,0,0
LOOM_BOTH,DNg02_f,R,1,2.1,0.7416198487095663,5,0
LOOM_BOTH,DNge021,R,1,-0.2,0.27386127875258304,0,2
LOOM_BOTH,DNg03,R,6,1.5166666666666668,0.23124061542519342,5,0
LOOM_BOTH,DNpe037,R,1,-0.2,0.4472135954999579,1,3
LOOM_BOTH,DNg12_a,R,4,2.175,2.0321632562370575,5,0
LOOM_BOTH,DNge091,L,9,0.5333333333333333,0.2955430239615642,5,0
LOOM_BOTH,DNge029,L,1,-0.2,0.8366600265340756,2,2
LOOM_BOTH,DNge144,R,1,0.1,0.22360679774997896,1,0
LOOM_BOTH,DNg12_a,L,4,2.65,0.920258115965298,5,0
LOOM_BOTH,DNg12_d,L,2,0.7,1.4075688260259247,3,2
LOOM_BOTH,DNpe010,R,1,1.9,0.4183300132670378,5,0
LOOM_BOTH,DNpe010,L,1,1.9,0.6519202405202649,5,0
LOOM_BOTH,"DNg08_a,DNg08_b",L,12,0.35833333333333334,0.4245095208983344,3,1
LOOM_BOTH,DNge110,R,2,0.75,0.39528470752104744,5,0
LOOM_BOTH,DNg02_g,L,2,0.5,0.6123724356957945,3,0
LOOM_BOTH,DNg110_a,L,3,0.5333333333333332,0.570087712549569,4,0
LOOM_BOTH,DNa07,L,1,7.2,0.570087712549569,5,0
LOOM_BOTH,DNge110,L,2,-0.05,0.4107919181288746,2,1
LOOM_BOTH,DNge020,L,4,-0.475,0.8496322733983214,1,3
LOOM_BOTH,DNg12_e,R,3,-1.1,0.5477225575051661,0,5
LOOM_BOTH,DNg36_a,R,2,-0.55,1.0517841983981315,2,3
LOOM_BOTH,DNg06_a,L,1,0.9,0.5477225575051661,4,0
LOOM_BOTH,DNg02_g,R,2,0.25,0.6123724356957945,2,1
LOOM_BOTH,DNg57,L,1,3.6,1.5572411502397436,5,0
LOOM_BOTH,DNge021,L,1,0.0,0.3535533905932738,1,1
LOOM_BOTH,DNp16,L,2,0.65,0.7416198487095663,3,0
LOOM_BOTH,DNpe053,R,1,1.4,0.22360679774997896,5,0
LOOM_BOTH,DNg12_c,R,2,0.2,2.7006943551612794,1,4
LOOM_BOTH,"DNg08_a,DNg08_b",R,11,0.21818181818181817,0.3284071248761536,3,2
LOOM_BOTH,DNg57,R,1,2.2,1.036822067666386,5,0
LOOM_BOTH,DNpe009,L,5,2.7399999999999998,0.5639148871948673,5,0
LOOM_BOTH,DNg02_b,L,3,0.4666666666666666,0.3415650255319866,5,0
LOOM_BOTH,DNge025,R,1,-0.1,0.22360679774997896,0,1
LOOM_BOTH,"DNg06_b,DNg06_c",R,3,0.3666666666666667,0.34156502553198653,4,1
LOOM_BOTH,DNg02_f,L,1,1.4,0.4183300132670378,5,0
LOOM_BOTH,DNp17,L,6,-0.11666666666666667,0.15138251770487457,1,3
LOOM_BOTH,DNp72,R,1,-0.3,0.8366600265340756,2,3
LOOM_BOTH,DNg02_a,L,5,-0.06000000000000001,0.3646916505762093,2,3
LOOM_BOTH,DNg107,L,1,0.7,1.4404860290887933,4,1
LOOM_BOTH,DNge020,R,4,-0.45,1.1544749889018817,1,3
LOOM_BOTH,DNge111,R,3,0.8,0.2738612787525829,5,0
LOOM_BOTH,DNxl114,R,1,0.1,0.22360679774997896,1,0
LOOM_BOTH,DNg12_c,L,3,-0.4666666666666667,1.542904908137749,2,3
LOOM_BOTH,DNg12_b,R,8,0.05,1.7740534447980985,1,3
LOOM_BOTH,DNg83,L,1,0.7,2.138924963620744,1,2
LOOM_BOTH,DNg12_b,L,8,-0.2875,1.2551456588778849,2,3
LOOM_BOTH,DNg12_e,L,3,-0.5,1.550089603144856,1,4
LOOM_BOTH,DNge008,L,1,0.6,0.8944271909999159,4,1
LOOM_BOTH,DNg02_a,R,5,0.32,0.4969909455915672,4,0
LOOM_BOTH,DNge095,R,2,0.35,0.2850438562747845,4,0
LOOM_BOTH,DNge087,L,2,0.05,0.11180339887498948,1,0
LOOM_BOTH,DNg67,R,1,0.0,0.9354143466934853,2,3
LOOM_BOTH,"DNg06_b,DNg06_c",L,3,-0.4,0.5082650227325636,1,3
LOOM_BOTH,DNge087,R,2,0.0,0.0,0,0
LOOM_BOTH,DNge093,L,2,0.05,0.11180339887498948,1,0
LOOM_BOTH,DNge015,R,3,0.6333333333333333,1.0233387622005834,3,1
LOOM_BOTH,DNge120,L,1,4.0,0.7905694150420949,5,0
LOOM_BOTH,DNge095,L,1,0.0,0.6123724356957945,1,2
LOOM_BOTH,DNge090,L,2,0.25,0.3535533905932738,2,0
LOOM_BOTH,DNge014,L,1,-0.1,0.4183300132670378,1,2
LOOM_BOTH,DNg36_a,L,2,0.65,2.140385479300399,3,2
LOOM_BOTH,DNge109,R,1,0.7,0.27386127875258304,5,0
LOOM_BOTH,DNge090,R,2,0.0,0.39528470752104744,2,2
LOOM_BOTH,DNg53,L,1,4.4,1.2942179105544784,5,0
LOOM_BOTH,DNge025,L,2,-0.3,0.7158910531638176,1,4
LOOM_BOTH,DNge117,R,2,-0.1,0.2850438562747845,1,2
LOOM_BOTH,DNp72,L,1,0.2,0.4472135954999579,3,1
LOOM_BOTH,DNpe012,L,4,0.675,0.2436698586202241,5,0
LOOM_BOTH,DNge115,R,4,0.45,0.7984359711335656,3,1
LOOM_BOTH,DNg92_b,L,2,0.4,0.6274950199005567,4,1
LOOM_BOTH,DNge092,L,2,0.75,0.30618621784789724,5,0
LOOM_BOTH,DNg02_d,L,1,1.0,0.5,5,0
LOOM_BOTH,DNg07,R,8,0.5625,0.22963966338592295,5,0
LOOM_BOTH,DNg07,L,8,0.1875,0.46351240544347894,3,2
LOOM_BOTH,DNge092,R,2,0.3,0.4472135954999579,3,1
LOOM_BOTH,DNp17,R,6,-0.09999999999999999,0.16029486718059455,1,4
LOOM_BOTH,DNge058,L,1,-0.1,0.22360679774997896,0,1
LOOM_BOTH,DNge038,L,1,2.8,0.4472135954999579,5,0
LOOM_BOTH,"DNge108,DNge118",L,3,0.0,0.2635231383473649,2,2
LOOM_BOTH,DNge074,L,1,-0.2,0.27386127875258304,0,2
LOOM_BOTH,DNg02_b,R,2,0.35,0.6020797289396148,2,1
LOOM_BOTH,DNge115,L,4,0.225,0.6637959023675877,4,1
LOOM_BOTH,DNp58,L,1,0.0,0.0,0,0
LOOM_BOTH,DNge094,R,7,-0.1857142857142857,0.11952286093343936,0,4
LOOM_BOTH,DNge094,L,6,-0.16666666666666666,0.2946278254943948,1,3
LOOM_BOTH,DNge017,L,1,3.1,0.22360679774997896,5,0
LOOM_BOTH,DNge015,L,2,0.45,0.6937218462755804,4,1
LOOM_BOTH,DNge017,R,1,2.3,0.8366600265340756,5,0
LOOM_BOTH,DNge093,R,2,0.05,0.2091650066335189,2,1
LOOM_BOTH,DNge116,L,2,-0.05,0.48088460154178364,2,2
LOOM_BOTH,DNge153,R,1,-0.2,0.27386127875258304,0,2
LOOM_BOTH,DNg01,L,5,3.5,0.2999999999999999,5,0
LOOM_BOTH,DNg94,L,1,-0.8,0.570087712549569,0,4
LOOM_BOTH,DNge116,R,2,-0.05,0.570087712549569,2,1
LOOM_BOTH,DNge023,L,1,-1.2,0.6708203932499369,0,5
LOOM_BOTH,DNge085,L,4,1.075,0.7104136119191411,5,0
LOOM_BOTH,"DNge108,DNge118",R,2,0.35,0.6274950199005567,4,1
LOOM_BOTH,DNge153,L,1,0.7,0.4472135954999579,4,0
LOOM_BOTH,DNg05_b,R,3,1.0333333333333334,0.4314059701848263,5,0
LOOM_BOTH,DNpe015,R,5,-0.33999999999999997,0.7162401831787993,1,3
LOOM_BOTH,DNg36_b,L,2,0.25,1.0752906583803283,3,2
LOOM_BOTH,DNge134,L,1,0.0,1.4577379737113252,3,2
LOOM_BOTH,DNge117,L,2,0.0,0.30618621784789724,2,1
LOOM_BOTH,DNpe054,R,4,-0.35,0.8542174781634944,2,3
LOOM_BOTH,DNge024,R,3,-0.6666666666666667,0.8079466429027216,1,4
LOOM_BOTH,DNge114,L,4,1.025,0.18540496217739158,5,0
LOOM_BOTH,DNg18_b,L,3,1.2,0.4314059701848261,5,0
LOOM_BOTH,DNge009,L,2,-0.25,0.39528470752104744,1,3
LOOM_BOTH,DNpe015,L,6,-0.11666666666666661,0.8751983902077415,3,2
LOOM_BOTH,DNpe008,R,9,-0.12222222222222223,0.25276251480171835,2,3
LOOM_BOTH,DNg36_b,R,3,-0.7333333333333334,0.4013864859597432,0,5
LOOM_BOTH,DNg05_b,L,3,0.5666666666666667,0.5962847939999439,4,1
LOOM_BOTH,DNp69,L,1,3.4,0.5477225575051661,5,0
LOOM_BOTH,DNge089,L,3,0.7,0.8612007121842542,4,1
LOOM_BOTH,DNpe024,L,1,1.6,0.6519202405202649,5,0
LOOM_BOTH,DNg83,R,1,0.7,1.036822067666386,3,0
LOOM_BOTH,DNge085,R,4,0.25,0.385275875185561,3,1
LOOM_BOTH,DNge114,R,2,0.3,0.6937218462755804,3,1
LOOM_BOTH,DNge089,R,3,0.8,0.5939509893735154,4,0
LOOM_BOTH,DNge102,R,2,-2.0,1.0458250331675945,0,5
LOOM_BOTH,DNge071,L,8,0.2125,0.2850438562747845,4,1
LOOM_BOTH,"DNge154,DNge156",R,1,-0.3,0.570087712549569,1,3
LOOM_BOTH,DNpe054,L,4,-0.025,0.5822907349426057,2,3
LOOM_BOTH,DNg53,R,1,3.8,2.252776065213762,5,0
LOOM_BOTH,DNge009,R,2,-0.2,0.32596012026013244,1,3
LOOM_BOTH,DNpe008,L,9,-0.01111111111111111,0.2018433569398328,1,3
LOOM_BOTH,DNg110_b,R,3,0.6666666666666666,0.4564354645876384,4,0
LOOM_BOTH,DNg18_b,R,3,1.4666666666666668,0.532290647422377,5,0
LOOM_BOTH,DNge078,R,1,0.1,3.110466202999158,1,4
LOOM_BOTH,DNge071,R,8,-0.05,0.27740426276465185,3,2
LOOM_BOTH,DNpe009,R,5,2.1,0.2738612787525832,5,0
LOOM_BOTH,DNpe041,L,1,0.5,0.7071067811865476,4,1
LOOM_BOTH,DNge024,L,4,-0.25,0.385275875185561,2,3
LOOM_BOTH,DNge109,L,1,0.9,0.7416198487095663,4,0
LOOM_BOTH,DNpe029,R,2,0.3,1.9795832894829153,2,2
LOOM_BOTH,DNge126,L,1,0.8,0.570087712549569,4,0
LOOM_BOTH,DNg03,L,6,1.15,0.35059473279937714,5,0
LOOM_BOTH,DNpe029,L,2,0.8,1.3157697366940768,3,1
LOOM_BOTH,DNge126,R,1,2.4,0.6519202405202649,5,0
LOOM_BOTH,DNge119,L,1,2.8,0.6708203932499369,5,0
LOOM_BOTH,DNg110_a,R,3,1.0333333333333334,0.3415650255319866,5,0
LOOM_BOTH,DNg10,L,6,0.06666666666666662,0.4306003560921271,2,1
LOOM_BOTH,DNg10,R,6,-0.09999999999999998,0.223606797749979,1,4
LOOM_BOTH,DNg92_b,R,2,0.2,0.48088460154178364,3,1
LOOM_BOTH,DNg18_a,L,2,-0.35,0.518411033833193,1,4
LOOM_BOTH,DNpe036,R,1,0.3,0.4472135954999579,2,0
LOOM_BOTH,DNpe011,R,2,-0.2,0.2091650066335189,0,3
LOOM_BOTH,DNg18_a,R,1,0.4,0.4183300132670378,3,0
LOOM_BOTH,DNge045,L,1,1.6,0.9617692030835673,4,0
LOOM_BOTH,DNpe011,L,2,-0.05,0.11180339887498948,0,1
LOOM_BOTH,DNg39,L,1,0.3,0.27386127875258304,3,0
LOOM_BOTH,DNd02,R,1,-0.2,0.758287544405155,2,2
LOOM_BOTH,DNg47,L,1,0.0,0.0,0,0
LOOM_BOTH,DNge013,R,1,-0.5,1.0,2,3
LOOM_BOTH,DNpe018,L,2,0.9,0.45414755311462374,5,0
LOOM_BOTH,DNg110_b,L,3,0.1333333333333333,0.3205897343611891,3,1
LOOM_BOTH,DNge046,R,2,-0.3,1.0810874155219827,2,2
LOOM_BOTH,DNge083,L,1,-0.5,0.7071067811865476,0,2
LOOM_BOTH,DNpe018,R,1,0.0,0.0,0,0
LOOM_BOTH,DNg65,L,1,0.3,0.4472135954999579,2,0
LOOM_BOTH,DNge074,R,1,0.0,0.3535533905932738,1,1
LOOM_BOTH,DNge102,L,2,-1.7,0.32596012026013244,0,5
LOOM_BOTH,DNg02_e,L,1,1.1,0.4183300132670378,5,0
LOOM_BOTH,DNge144,L,1,-0.1,0.4183300132670378,1,2
LOOM_BOTH,DNg92_a,L,1,0.2,0.9082951062292475,3,2
LOOM_BOTH,DNg60,R,1,-0.3,0.9746794344808964,1,2
LOOM_BOTH,DNg92_a,R,1,0.1,0.6519202405202649,2,2
LOOM_BOTH,DNge130,L,1,0.0,0.0,0,0
LOOM_BOTH,"DNge061,DNge066",L,2,-0.05,0.11180339887498948,0,1
LOOM_BOTH,DNg02_c,R,2,0.45,0.32596012026013244,5,0
LOOM_BOTH,"DNge061,DNge066",R,2,-0.05,0.27386127875258304,1,1
LOOM_BOTH,DNg97,R,1,1.1,0.6519202405202649,4,0
LOOM_BOTH,DNg04,L,2,-0.15,0.13693063937629152,0,3
LOOM_BOTH,DNge050,R,1,0.1,0.6519202405202649,2,2
LOOM_BOTH,DNge173,L,1,-0.1,0.22360679774997896,0,1
LOOM_BOTH,DNg02_c,L,2,-0.15,0.45414755311462374,2,2
LOOM_BOTH,DNpe048,R,1,0.1,0.6519202405202649,2,2
LOOM_BOTH,DNp42,R,1,0.1,0.22360679774997896,1,0
LOOM_BOTH,DNg13,R,1,-0.3,0.758287544405155,1,2
LOOM_BOTH,DNae001,L,1,0.1,0.8215838362577492,3,2
LOOM_BOTH,DNc01,R,1,0.5,0.3535533905932738,4,0
LOOM_BOTH,DNge055,L,1,0.0,0.0,0,0
LOOM_BOTH,DNge016,L,1,0.1,0.22360679774997896,1,0
LOOM_BOTH,DNge105,R,1,-0.3,1.4404860290887933,2,2
LOOM_BOTH,DNd05,R,1,3.2,0.6708203932499369,5,0
LOOM_BOTH,DNg15,R,1,1.8,3.0124740662784135,3,1
LOOM_BOTH,DNge086,L,1,-0.1,0.22360679774997896,0,1
LOOM_BOTH,DNp44,R,1,0.0,0.0,0,0
LOOM_BOTH,DNpe039,R,1,0.4,0.6519202405202649,3,1
LOOM_BOTH,DNa09,L,1,1.7,0.570087712549569,5,0
LOOM_BOTH,DNge003,R,1,0.0,0.0,0,0
LOOM_BOTH,DNge032,R,1,0.6,1.08397416943394,2,0
LOOM_BOTH,DNg61,R,1,-1.2,0.570087712549569,0,5
LOOM_BOTH,DNg49,R,1,0.0,0.6123724356957945,2,1
LOOM_BOTH,DNpe027,L,1,0.7,0.4472135954999579,4,0
LOOM_BOTH,DNp26,R,1,0.7,0.8366600265340756,4,1
LOOM_BOTH,DNg76,L,1,0.2,0.27386127875258304,2,0
LOOM_BOTH,DNg67,L,1,-0.1,0.6519202405202649,2,2
LOOM_BOTH,DNg02_e,R,1,2.4,0.7416198487095663,5,0
LOOM_BOTH,DNg64,R,1,0.4,0.8944271909999159,3,2
LOOM_BOTH,DNde007,L,1,0.5,0.5,3,0
LOOM_BOTH,DNg81,L,1,2.4,1.710263137648707,5,0
LOOM_BOTH,DNg23,R,1,-1.0,0.9354143466934853,0,3
LOOM_BOTH,DNge030,R,1,0.0,0.3535533905932738,1,1
LOOM_BOTH,DNg77,R,1,-0.8,0.570087712549569,0,4
LOOM_BOTH,DNp08,L,1,1.5,0.3535533905932738,5,0
LOOM_BOTH,DNpe007,R,1,0.0,0.3535533905932738,1,1
LOOM_BOTH,DNg85,L,1,0.0,0.0,0,0
LOOM_BOTH,DNae005,L,1,0.4,0.9617692030835673,3,1
LOOM_BOTH,DNp28,L,1,5.3,0.570087712549569,5,0
LOOM_BOTH,DNge120,R,1,5.5,0.7071067811865476,5,0
LOOM_BOTH,DNp34,R,1,3.9,0.5477225575051661,5,0
LOOM_BOTH,DNa16,L,1,-0.1,0.4183300132670378,1,2
LOOM_BOTH,DNg24,R,1,-0.1,0.6519202405202649,2,2
LOOM_BOTH,DNa03,L,1,0.1,0.4183300132670378,2,1
LOOM_BOTH,DNp71,L,1,18.5,0.6123724356957945,5,0
LOOM_BOTH,DNge119,R,1,11.7,0.27386127875258304,5,0
LOOM_BOTH,DNge062,L,1,-0.1,0.22360679774997896,0,1
LOOM_BOTH,DNa06,L,1,-0.2,0.27386127875258304,0,2
LOOM_BOTH,DNge148,L,1,2.4,0.5477225575051661,5,0
LOOM_BOTH,DNg75,R,1,0.0,0.0,0,0
LOOM_BOTH,DNpe016,R,1,3.3,0.8366600265340756,5,0
LOOM_BOTH,DNp46,L,1,0.1,0.5477225575051661,3,2
LOOM_BOTH,DNb04,L,1,0.3,1.036822067666386,3,2
LOOM_BOTH,DNae007,L,1,0.6,0.4183300132670378,4,0
LOOM_BOTH,DNp56,R,1,-0.7,0.8366600265340756,0,3
LOOM_BOTH,DNae002,R,1,3.7,0.4472135954999579,5,0
LOOM_BOTH,DNge130,R,1,0.0,0.0,0,0
LOOM_BOTH,DNp104,R,1,2.1,0.4183300132670378,5,0
LOOM_BOTH,DNpe024,R,1,1.9,0.5477225575051661,5,0
LOOM_BOTH,DNge063,R,1,-1.4,0.9617692030835673,0,4
LOOM_BOTH,DNpe023,R,1,0.0,0.0,0,0
LOOM_BOTH,DNpe048,L,1,0.0,0.3535533905932738,1,1
LOOM_BOTH,DNpe037,L,1,1.0,0.7071067811865476,4,0
LOOM_BOTH,DNp56,L,1,-1.0,1.0,0,3
LOOM_BOTH,DNp47,L,1,-2.0,0.3535533905932738,0,5
LOOM_BOTH,DNp53,R,1,0.0,0.0,0,0
LOOM_BOTH,DNge055,R,1,-0.1,0.22360679774997896,0,1
LOOM_BOTH,DNa10,L,1,-0.1,0.8215838362577492,2,3
LOOM_BOTH,DNae008,L,1,-0.2,0.6708203932499369,2,3
LOOM_BOTH,DNge051,L,1,-0.4,0.22360679774997896,0,4
LOOM_BOTH,DNa02,L,1,-0.1,0.6519202405202649,2,2
LOOM_BOTH,pIP10,L,1,-0.4,0.22360679774997896,0,4
LOOM_BOTH,DNp05,L,1,15.0,0.3535533905932738,5,0
LOOM_BOTH,DNge012,R,1,0.3,0.9746794344808964,2,1
LOOM_BOTH,DNg14,L,1,-1.1,0.6519202405202649,0,5
LOOM_BOTH,DNa06,R,1,0.1,0.22360679774997896,1,0
LOOM_BOTH,DNg65,R,1,0.3,0.4472135954999579,2,0
LOOM_BOTH,DNbe001,R,1,0.3,1.0954451150103321,3,1
LOOM_BOTH,DNp32,R,1,0.6,0.4183300132670378,4,0
LOOM_BOTH,DNge128,L,1,0.0,0.0,0,0
LOOM_BOTH,DNg74_b,R,1,1.2,0.6708203932499369,5,0
LOOM_BOTH,DNa13,L,2,0.2,0.27386127875258304,4,1
LOOM_BOTH,DNp39,L,1,0.2,0.4472135954999579,3,1
LOOM_BOTH,DNge073,L,1,1.7,0.27386127875258304,5,0
LOOM_BOTH,DNpe022,L,1,0.8,0.9082951062292475,3,0
LOOM_BOTH,DNp04,L,1,49.2,0.4472135954999579,5,0
LOOM_BOTH,DNp23,R,1,2.9,0.4183300132670378,5,0
LOOM_BOTH,DNge014,R,1,0.4,0.5477225575051661,4,1
LOOM_BOTH,DNp27,L,1,2.1,0.8215838362577492,5,0
LOOM_BOTH,DNge004,L,1,0.0,0.0,0,0
LOOM_BOTH,"DNge154,DNge156",L,1,-0.7,0.570087712549569,0,4
LOOM_BOTH,DNg69,L,1,-0.8,0.27386127875258304,0,5
LOOM_BOTH,DNge146,L,1,0.2,0.27386127875258304,2,0
LOOM_BOTH,DNge079,R,1,0.0,0.3535533905932738,1,1
LOOM_BOTH,DNae009,L,1,0.1,0.6519202405202649,2,2
LOOM_BOTH,DNg29,R,1,0.0,0.0,0,0
LOOM_BOTH,DNge172,L,1,2.0,1.9364916731037085,4,0
LOOM_BOTH,DNge077,R,1,-1.1,1.02469507659596,0,3
LOOM_BOTH,DNpe017,R,1,1.5,0.5,5,0
LOOM_BOTH,DNp32,L,1,0.2,0.570087712549569,2,1
LOOM_BOTH,DNge104,L,1,0.4,0.6519202405202649,3,1
LOOM_BOTH,DNge045,R,1,1.7,1.753567791675018,4,0
LOOM_BOTH,DNp19,R,1,1.4,0.9617692030835673,4,0
LOOM_BOTH,DNge070,R,1,-0.1,0.5477225575051661,1,1
LOOM_BOTH,DNpe021,R,1,6.6,0.4183300132670378,5,0
LOOM_BOTH,DNg71,L,1,0.0,1.0606601717798212,2,2
LOOM_BOTH,DNge079,L,1,0.2,0.27386127875258304,2,0
LOOM_BOTH,DNp12,R,1,0.1,0.9617692030835673,3,1
LOOM_BOTH,DNpe002,R,1,-0.3,0.570087712549569,1,3
LOOM_BOTH,DNge088,R,1,-0.3,0.570087712549569,1,3
LOOM_BOTH,DNpe032,R,1,1.0,0.7905694150420949,4,0
LOOM_BOTH,DNpe016,L,1,3.7,0.758287544405155,5,0
LOOM_BOTH,DNp57,R,1,2.5,0.7071067811865476,5,0
LOOM_BOTH,DNg46,R,1,-0.7,0.9082951062292475,1,3
LOOM_BOTH,DNpe005,R,1,-0.5,0.6123724356957945,0,3
LOOM_BOTH,DNp64,L,1,3.8,0.27386127875258304,5,0
LOOM_BOTH,DNge106,L,1,-0.1,0.5477225575051661,1,1
LOOM_BOTH,DNpe039,L,1,0.3,0.4472135954999579,2,0
